sale_id,date,salesperson,make,model,year,price
10001,2026-01-01,Eve,Mazda,Demio,2013,6350.00
10002,2026-01-01,Chloe,Nissan,Navara,2017,36800.00
10003,2026-01-01,Aroha,Toyota,Hilux,2020,42450.00
10004,2026-01-01,Mere,Mitsubishi,Outlander,2014,20950.00
10005,2026-01-01,Ioane,Suzuki,Swift,2023,17200.00
10006,2026-01-01,Mere,Mazda,CX-5,2019,35350.00
10007,2026-01-01,Kiri,Tesla,Model 3,2013,36650.00
10008,2026-01-01,Ioane,Nissan,Tiida,2020,7700.00
10009,2026-01-01,Ioane,Toyota,Hilux,2017,33450.00
10010,2026-01-01,Mere,Tesla,Model 3,2020,51150.00
10011,2026-01-01,Olivia,Honda,CR-V,2016,26650.00
10012,2026-01-01,Mere,Nissan,Tiida,2013,5850.00
10013,2026-01-01,Jess,Tesla,Model 3,2023,55350.00
10014,2026-01-01,Liam,Subaru,Forester,2025,36200.00
10015,2026-01-01,Aroha,Ford,Ranger,2019,50000.00
10016,2026-01-01,Mere,Hyundai,Tucson,2020,33800.00
10017,2026-01-01,Finn,Toyota,RAV4,2015,26400.00
10018,2026-01-01,Kiri,Toyota,RAV4,2014,23300.00
10019,2026-01-01,Aroha,Suzuki,Swift,2023,14550.00
10020,2026-01-01,Mere,Mazda,Axela,2017,14200.00
10021,2026-01-01,Dan,Suzuki,Swift,2012,7900.00
10022,2026-01-02,Jess,Nissan,Tiida,2012,5850.00
10023,2026-01-02,Nikau,Toyota,Corolla,2020,22850.00
10024,2026-01-02,Ioane,Ford,Ranger,2012,31100.00
10025,2026-01-02,Dan,Toyota,Aqua,2012,7850.00
10026,2026-01-02,Nikau,Honda,CR-V,2024,36850.00
10027,2026-01-02,Nikau,Mazda,BT-50,2022,43050.00
10028,2026-01-02,Nikau,Nissan,Leaf,2022,21550.00
10029,2026-01-02,Mere,Holden,Commodore,2017,21250.00
10030,2026-01-02,Olivia,Honda,Fit,2013,8350.00
10031,2026-01-02,Liam,Toyota,Yaris,2016,11250.00
10032,2026-01-02,Olivia,Subaru,Outback,2021,39100.00
10033,2026-01-02,Jess,Ford,Focus,2016,10300.00
10034,2026-01-02,Liam,Toyota,Yaris,2023,20250.00
10035,2026-01-02,Nikau,Suzuki,Swift,2013,10600.00
10036,2026-01-02,Olivia,Mazda,CX-5,2015,21550.00
10037,2026-01-02,Chloe,Mazda,Demio,2023,11000.00
10038,2026-01-02,Aroha,Toyota,Corolla,2016,15900.00
10039,2026-01-02,Dan,Mazda,Axela,2018,12400.00
10040,2026-01-02,Olivia,Mitsubishi,Triton,2021,39650.00
10041,2026-01-02,Dan,Mazda,BT-50,2023,40550.00
10042,2026-01-02,Finn,Mazda,BT-50,2012,26450.00
10043,2026-01-02,Mere,Ford,Focus,2024,14650.00
10044,2026-01-03,Ben,Mazda,Axela,2020,14550.00
10045,2026-01-03,Ioane,Tesla,Model 3,2025,56050.00
10046,2026-01-03,Liam,Honda,CR-V,2013,21700.00
10047,2026-01-03,Liam,Toyota,Yaris,2025,18650.00
10048,2026-01-03,Jess,Honda,Civic,2013,12700.00
10049,2026-01-03,Ioane,Tesla,Model 3,2021,50250.00
10050,2026-01-03,Ben,Nissan,Navara,2024,42000.00
10051,2026-01-03,Ioane,Ford,Focus,2024,16100.00
10052,2026-01-03,Ioane,Ford,Ranger,2017,37450.00
10053,2026-01-03,Kiri,Tesla,Model 3,2021,52950.00
10054,2026-01-03,Jess,Mazda,BT-50,2024,55850.00
10055,2026-01-03,Finn,Honda,Civic,2021,18300.00
10056,2026-01-03,Mere,Volkswagen,Golf,2014,13150.00
10057,2026-01-03,Ioane,Ford,Ranger,2016,42400.00
10058,2026-01-03,Finn,Toyota,RAV4,2012,21200.00
10059,2026-01-03,Ben,Hyundai,Tucson,2025,38950.00
10060,2026-01-03,Mere,Suzuki,Swift,2014,9400.00
10061,2026-01-03,Finn,Volkswagen,Golf,2012,13900.00
10062,2026-01-04,Hana,Tesla,Model 3,2018,49650.00
10063,2026-01-04,Finn,Toyota,Hilux,2015,34400.00
10064,2026-01-04,Aroha,Honda,CR-V,2017,27100.00
10065,2026-01-04,Olivia,Kia,Sportage,2012,18200.00
10066,2026-01-04,Olivia,Hyundai,Tucson,2020,35950.00
10067,2026-01-04,Liam,Toyota,Aqua,2025,15400.00
10068,2026-01-04,Ben,Nissan,Leaf,2019,17650.00
10069,2026-01-04,Nikau,Holden,Commodore,2024,29850.00
10070,2026-01-04,Dan,Nissan,Leaf,2016,12050.00
10071,2026-01-04,Eve,Tesla,Model 3,2012,28800.00
10072,2026-01-04,Ioane,Mazda,CX-5,2024,38650.00
10073,2026-01-04,Hana,Volkswagen,Golf,2018,17750.00
10074,2026-01-04,Ben,Ford,Focus,2025,16550.00
10075,2026-01-04,Eve,Mitsubishi,Triton,2025,46250.00
10076,2026-01-04,Nikau,Mazda,CX-5,2020,36800.00
10077,2026-01-04,Liam,Kia,Sportage,2017,28900.00
10078,2026-01-04,Chloe,Volkswagen,Golf,2020,20600.00
10079,2026-01-04,Liam,Toyota,RAV4,2025,43300.00
10080,2026-01-04,Mere,Nissan,Navara,2016,34100.00
10081,2026-01-04,Chloe,Hyundai,Tucson,2016,25500.00
10082,2026-01-04,Nikau,Volkswagen,Golf,2024,23600.00
10083,2026-01-04,Hana,Volkswagen,Golf,2020,18900.00
10084,2026-01-04,Chloe,Honda,CR-V,2012,21050.00
10085,2026-01-05,Eve,Ford,Focus,2015,9100.00
10086,2026-01-05,Mere,Toyota,RAV4,2018,36950.00
10087,2026-01-05,Liam,Toyota,RAV4,2024,45300.00
10088,2026-01-05,Ioane,Mitsubishi,Triton,2012,21700.00
10089,2026-01-05,Olivia,Ford,Focus,2020,12250.00
10090,2026-01-05,Ben,Subaru,Outback,2014,22950.00
10091,2026-01-05,Hana,Mazda,Demio,2024,13550.00
10092,2026-01-05,Liam,Mitsubishi,Triton,2014,29100.00
10093,2026-01-05,Ben,Mitsubishi,Outlander,2024,38600.00
10094,2026-01-05,Jess,Mitsubishi,Outlander,2012,20100.00
10095,2026-01-05,Aroha,Kia,Sportage,2023,34650.00
10096,2026-01-05,Jess,Mazda,BT-50,2012,22750.00
10097,2026-01-05,Chloe,Honda,CR-V,2019,26450.00
10098,2026-01-05,Finn,Toyota,Corolla,2017,18550.00
10099,2026-01-05,Liam,Toyota,RAV4,2014,25850.00
10100,2026-01-05,Mere,Kia,Sportage,2012,17750.00
10101,2026-01-05,Jess,Mazda,CX-5,2020,37150.00
10102,2026-01-05,Mere,Toyota,Yaris,2021,17850.00
10103,2026-01-05,Aroha,Nissan,Navara,2019,34750.00
10104,2026-01-05,Kiri,Honda,Fit,2014,7450.00
10105,2026-01-05,Eve,Toyota,Hilux,2018,44350.00
10106,2026-01-05,Ioane,Ford,Ranger,2015,35650.00
10107,2026-01-05,Mere,Tesla,Model 3,2020,46900.00
10108,2026-01-05,Kiri,Tesla,Model 3,2017,41200.00
10109,2026-01-06,Eve,Toyota,Hilux,2012,29850.00
10110,2026-01-06,Liam,Ford,Ranger,2023,59150.00
10111,2026-01-06,Hana,Toyota,Hilux,2015,30250.00
10112,2026-01-06,Mere,Honda,CR-V,2019,25200.00
10113,2026-01-06,Nikau,Mazda,Axela,2021,16150.00
10114,2026-01-06,Dan,Honda,CR-V,2013,18200.00
10115,2026-01-06,Liam,Hyundai,Tucson,2019,33250.00
10116,2026-01-06,Nikau,Toyota,Aqua,2016,10300.00
10117,2026-01-06,Chloe,Mazda,Axela,2021,15100.00
10118,2026-01-06,Ben,Ford,Ranger,2017,35950.00
10119,2026-01-06,Hana,Mazda,BT-50,2025,53350.00
10120,2026-01-06,Jess,Mitsubishi,Triton,2025,47550.00
10121,2026-01-06,Finn,Hyundai,Tucson,2014,23950.00
10122,2026-01-06,Dan,Mitsubishi,Triton,2015,26650.00
10123,2026-01-06,Mere,Toyota,Aqua,2017,13150.00
10124,2026-01-06,Liam,Ford,Focus,2022,12450.00
10125,2026-01-06,Eve,Suzuki,Swift,2024,17200.00
10126,2026-01-06,Olivia,Kia,Sportage,2015,25950.00
10127,2026-01-06,Chloe,Mazda,BT-50,2017,34350.00
10128,2026-01-07,Chloe,Hyundai,Tucson,2018,28750.00
10129,2026-01-07,Eve,Ford,Focus,2021,13950.00
10130,2026-01-07,Chloe,Toyota,RAV4,2023,42700.00
10131,2026-01-07,Mere,Mazda,CX-5,2015,22300.00
10132,2026-01-07,Eve,Kia,Sportage,2025,38250.00
10133,2026-01-07,Liam,Suzuki,Swift,2014,9600.00
10134,2026-01-07,Ioane,Mitsubishi,Triton,2016,26100.00
10135,2026-01-07,Ioane,Toyota,Yaris,2024,20950.00
10136,2026-01-07,Ioane,Mazda,Axela,2017,11650.00
10137,2026-01-07,Nikau,Mazda,BT-50,2022,44100.00
10138,2026-01-07,Jess,Mazda,BT-50,2022,48850.00
10139,2026-01-07,Mere,Honda,Civic,2017,17800.00
10140,2026-01-07,Finn,Mitsubishi,Triton,2025,40150.00
10141,2026-01-07,Dan,Ford,Ranger,2018,45500.00
10142,2026-01-07,Dan,Holden,Commodore,2015,16800.00
10143,2026-01-07,Ioane,Ford,Focus,2017,10700.00
10144,2026-01-07,Ben,Tesla,Model 3,2021,59150.00
10145,2026-01-07,Ioane,Hyundai,Tucson,2015,25000.00
10146,2026-01-07,Hana,Subaru,Outback,2025,48900.00
10147,2026-01-07,Kiri,Ford,Ranger,2025,62850.00
10148,2026-01-07,Eve,Mazda,BT-50,2020,42850.00
10149,2026-01-07,Aroha,Tesla,Model 3,2023,54150.00
10150,2026-01-08,Kiri,Holden,Commodore,2023,24100.00
10151,2026-01-08,Eve,Nissan,Navara,2022,49150.00
10152,2026-01-08,Aroha,Mitsubishi,Triton,2019,35850.00
10153,2026-01-08,Hana,Holden,Commodore,2024,26050.00
10154,2026-01-08,Eve,Toyota,Aqua,2025,19050.00
10155,2026-01-08,Nikau,Toyota,RAV4,2015,31400.00
10156,2026-01-08,Ioane,Subaru,Forester,2016,27000.00
10157,2026-01-08,Eve,Subaru,Forester,2017,29450.00
10158,2026-01-08,Dan,Toyota,RAV4,2025,46200.00
10159,2026-01-08,Liam,Mazda,BT-50,2012,22850.00
10160,2026-01-08,Ioane,Honda,Civic,2023,21550.00
10161,2026-01-08,Eve,Toyota,RAV4,2020,34700.00
10162,2026-01-08,Hana,Subaru,Outback,2015,27450.00
10163,2026-01-08,Liam,Suzuki,Swift,2014,8850.00
10164,2026-01-08,Kiri,Kia,Sportage,2022,28650.00
10165,2026-01-08,Dan,Tesla,Model 3,2022,61400.00
10166,2026-01-08,Ioane,Subaru,Outback,2016,32400.00
10167,2026-01-08,Mere,Subaru,Forester,2012,18650.00
10168,2026-01-08,Kiri,Suzuki,Swift,2021,16750.00
10169,2026-01-08,Finn,Nissan,Leaf,2022,18700.00
10170,2026-01-08,Aroha,Honda,CR-V,2020,31150.00
10171,2026-01-08,Liam,Toyota,RAV4,2015,29300.00
10172,2026-01-08,Mere,Kia,Sportage,2024,41350.00
10173,2026-01-08,Nikau,Tesla,Model 3,2020,46000.00
10174,2026-01-08,Kiri,Tesla,Model 3,2017,40500.00
10175,2026-01-08,Finn,Toyota,Yaris,2024,16200.00
10176,2026-01-08,Liam,Honda,CR-V,2016,24800.00
10177,2026-01-08,Dan,Mazda,CX-5,2014,21200.00
10178,2026-01-09,Jess,Mazda,Demio,2012,5250.00
10179,2026-01-09,Liam,Honda,Fit,2017,10800.00
10180,2026-01-09,Ioane,Mitsubishi,Triton,2019,33600.00
10181,2026-01-09,Dan,Toyota,Aqua,2025,19550.00
10182,2026-01-09,Mere,Honda,CR-V,2019,26200.00
10183,2026-01-09,Dan,Nissan,Navara,2013,24150.00
10184,2026-01-09,Nikau,Mitsubishi,Triton,2016,31650.00
10185,2026-01-09,Olivia,Mazda,Demio,2024,11250.00
10186,2026-01-09,Liam,Subaru,Outback,2015,24850.00
10187,2026-01-09,Olivia,Tesla,Model 3,2022,64600.00
10188,2026-01-09,Finn,Mazda,BT-50,2022,45100.00
10189,2026-01-09,Olivia,Nissan,Navara,2021,40750.00
10190,2026-01-09,Jess,Nissan,Leaf,2015,12900.00
10191,2026-01-09,Mere,Volkswagen,Golf,2018,16750.00
10192,2026-01-09,Nikau,Volkswagen,Golf,2014,14300.00
10193,2026-01-09,Nikau,Kia,Sportage,2012,19450.00
10194,2026-01-09,Nikau,Mazda,Axela,2019,14250.00
10195,2026-01-09,Hana,Tesla,Model 3,2021,49450.00
10196,2026-01-09,Hana,Subaru,Outback,2017,35050.00
10197,2026-01-10,Olivia,Toyota,Yaris,2014,9500.00
10198,2026-01-10,Olivia,Mitsubishi,Outlander,2017,30700.00
10199,2026-01-10,Nikau,Toyota,Yaris,2024,18050.00
10200,2026-01-10,Olivia,Subaru,Outback,2018,31300.00
10201,2026-01-10,Ioane,Tesla,Model 3,2012,30000.00
10202,2026-01-10,Chloe,Kia,Sportage,2022,33400.00
10203,2026-01-10,Liam,Mazda,Axela,2023,17150.00
10204,2026-01-10,Chloe,Mazda,Demio,2022,11000.00
10205,2026-01-10,Dan,Mazda,Axela,2023,16050.00
10206,2026-01-10,Olivia,Mitsubishi,Triton,2018,30000.00
10207,2026-01-10,Liam,Volkswagen,Golf,2021,23850.00
10208,2026-01-10,Finn,Ford,Focus,2017,10250.00
10209,2026-01-11,Olivia,Ford,Focus,2018,9950.00
10210,2026-01-11,Kiri,Subaru,Outback,2012,24800.00
10211,2026-01-11,Olivia,Tesla,Model 3,2023,56700.00
10212,2026-01-11,Hana,Ford,Ranger,2022,48950.00
10213,2026-01-11,Kiri,Toyota,Aqua,2016,11500.00
10214,2026-01-11,Liam,Nissan,Leaf,2023,21950.00
10215,2026-01-11,Jess,Toyota,Hilux,2021,46800.00
10216,2026-01-11,Nikau,Mazda,BT-50,2024,49250.00
10217,2026-01-11,Ioane,Ford,Ranger,2021,49850.00
10218,2026-01-11,Hana,Mitsubishi,Triton,2024,47850.00
10219,2026-01-11,Liam,Suzuki,Swift,2016,10700.00
10220,2026-01-11,Olivia,Nissan,Navara,2018,33000.00
10221,2026-01-11,Eve,Kia,Sportage,2020,30650.00
10222,2026-01-11,Ioane,Toyota,RAV4,2025,48800.00
10223,2026-01-11,Jess,Ford,Focus,2025,16550.00
10224,2026-01-11,Finn,Kia,Sportage,2014,23950.00
10225,2026-01-11,Jess,Mazda,Demio,2020,10200.00
10226,2026-01-11,Ben,Mitsubishi,Triton,2024,49700.00
10227,2026-01-11,Ioane,Honda,Fit,2019,11650.00
10228,2026-01-11,Liam,Honda,CR-V,2018,30100.00
10229,2026-01-12,Olivia,Ford,Ranger,2016,33450.00
10230,2026-01-12,Ioane,Mazda,CX-5,2022,40350.00
10231,2026-01-12,Kiri,Subaru,Outback,2012,23400.00
10232,2026-01-12,Dan,Mitsubishi,Outlander,2015,25400.00
10233,2026-01-12,Hana,Mazda,BT-50,2025,55500.00
10234,2026-01-12,Dan,Kia,Sportage,2014,21150.00
10235,2026-01-12,Finn,Toyota,RAV4,2019,34000.00
10236,2026-01-12,Dan,Volkswagen,Golf,2014,15600.00
10237,2026-01-12,Ioane,Honda,Civic,2015,13750.00
10238,2026-01-12,Nikau,Subaru,Outback,2019,31100.00
10239,2026-01-12,Finn,Mazda,BT-50,2019,35400.00
10240,2026-01-12,Finn,Subaru,Forester,2022,36900.00
10241,2026-01-12,Olivia,Nissan,Navara,2019,37150.00
10242,2026-01-12,Mere,Mazda,Demio,2021,11200.00
10243,2026-01-12,Mere,Holden,Commodore,2022,26600.00
10244,2026-01-12,Jess,Hyundai,Tucson,2024,41550.00
10245,2026-01-12,Ioane,Honda,CR-V,2024,34450.00
10246,2026-01-12,Eve,Mazda,Axela,2017,13000.00
10247,2026-01-12,Ben,Mazda,BT-50,2021,38500.00
10248,2026-01-13,Dan,Mazda,Axela,2021,14200.00
10249,2026-01-13,Liam,Mitsubishi,Triton,2015,29600.00
10250,2026-01-13,Eve,Ford,Ranger,2015,37050.00
10251,2026-01-13,Nikau,Honda,Civic,2020,20350.00
10252,2026-01-13,Liam,Toyota,Yaris,2024,17800.00
10253,2026-01-13,Ioane,Kia,Sportage,2025,41350.00
10254,2026-01-13,Ben,Kia,Sportage,2025,36950.00
10255,2026-01-13,Liam,Toyota,Hilux,2022,49400.00
10256,2026-01-13,Ben,Nissan,Tiida,2017,7750.00
10257,2026-01-13,Ben,Mitsubishi,Triton,2017,27350.00
10258,2026-01-13,Finn,Mazda,Axela,2013,8400.00
10259,2026-01-13,Finn,Mazda,BT-50,2019,36600.00
10260,2026-01-13,Kiri,Toyota,Aqua,2016,12000.00
10261,2026-01-13,Chloe,Toyota,Corolla,2015,16500.00
10262,2026-01-13,Chloe,Mazda,CX-5,2021,31350.00
10263,2026-01-13,Kiri,Kia,Sportage,2020,28150.00
10264,2026-01-13,Eve,Mitsubishi,Triton,2012,21500.00
10265,2026-01-13,Nikau,Mazda,CX-5,2024,40050.00
10266,2026-01-13,Hana,Honda,CR-V,2023,38200.00
10267,2026-01-14,Jess,Subaru,Forester,2014,26750.00
10268,2026-01-14,Mere,Kia,Sportage,2013,21000.00
10269,2026-01-14,Ioane,Toyota,RAV4,2019,37300.00
10270,2026-01-14,Nikau,Toyota,RAV4,2023,42100.00
10271,2026-01-14,Aroha,Mazda,CX-5,2020,34800.00
10272,2026-01-14,Kiri,Ford,Focus,2024,17050.00
10273,2026-01-14,Kiri,Mazda,BT-50,2024,43200.00
10274,2026-01-14,Mere,Toyota,Aqua,2018,13700.00
10275,2026-01-14,Finn,Honda,Civic,2022,22950.00
10276,2026-01-14,Ioane,Toyota,RAV4,2022,42300.00
10277,2026-01-14,Finn,Tesla,Model 3,2024,68850.00
10278,2026-01-14,Ioane,Suzuki,Swift,2018,13350.00
10279,2026-01-14,Mere,Mazda,CX-5,2019,27000.00
10280,2026-01-14,Chloe,Toyota,Aqua,2024,16550.00
10281,2026-01-14,Olivia,Mazda,CX-5,2017,25750.00
10282,2026-01-14,Hana,Honda,CR-V,2025,38600.00
10283,2026-01-14,Ioane,Honda,CR-V,2023,40600.00
10284,2026-01-14,Hana,Nissan,Navara,2014,31700.00
10285,2026-01-14,Olivia,Toyota,Hilux,2019,40200.00
10286,2026-01-14,Liam,Toyota,Aqua,2022,14250.00
10287,2026-01-14,Olivia,Mazda,CX-5,2020,29200.00
10288,2026-01-14,Jess,Nissan,Leaf,2012,11400.00
10289,2026-01-15,Nikau,Mazda,Axela,2025,15600.00
10290,2026-01-15,Liam,Toyota,Aqua,2025,17300.00
10291,2026-01-15,Ioane,Ford,Focus,2022,13250.00
10292,2026-01-15,Jess,Toyota,Aqua,2023,14450.00
10293,2026-01-15,Liam,Ford,Ranger,2016,42200.00
10294,2026-01-15,Aroha,Tesla,Model 3,2017,41800.00
10295,2026-01-15,Ioane,Volkswagen,Golf,2016,16550.00
10296,2026-01-15,Ioane,Toyota,Yaris,2017,14900.00
10297,2026-01-15,Ioane,Mazda,BT-50,2022,49900.00
10298,2026-01-15,Mere,Honda,Fit,2016,10850.00
10299,2026-01-15,Dan,Mazda,BT-50,2021,47050.00
10300,2026-01-15,Olivia,Tesla,Model 3,2016,46600.00
10301,2026-01-15,Ben,Toyota,Corolla
10301,2026-01-15,Chloe,Toyota,RAV4,2015,27500.00
10302,2026-01-15,Jess,Toyota,Aqua,2017,11000.00
10303,2026-01-16,Eve,Honda,CR-V,2020,35550.00
10304,2026-01-16,Jess,Subaru,Forester,2018,33700.00
10305,2026-01-16,Liam,Toyota,Aqua,2020,13750.00
10306,2026-01-16,Kiri,Ford,Focus,2012,7650.00
10307,2026-01-16,Finn,Ford,Focus,2012,8400.00
10308,2026-01-16,Hana,Toyota,RAV4,2014,28800.00
10309,2026-01-16,Liam,Nissan,Navara,2012,21100.00
10310,2026-01-16,Finn,Holden,Commodore,2022,28350.00
10311,2026-01-16,Nikau,Holden,Commodore,2014,16300.00
10312,2026-01-16,Liam,Mazda,CX-5,2022,32450.00
10313,2026-01-16,Dan,Mitsubishi,Triton,2020,37750.00
10314,2026-01-16,Mere,Mazda,BT-50,2022,42150.00
10315,2026-01-16,Dan,Toyota,RAV4,2018,33950.00
10316,2026-01-16,Ben,Mitsubishi,Triton,2012,22700.00
10317,2026-01-16,Olivia,Honda,CR-V,2017,23600.00
10318,2026-01-16,Dan,Tesla,Model 3,2015,41400.00
10319,2026-01-16,Ioane,Subaru,Forester,2022,33650.00
10320,2026-01-16,Mere,Volkswagen,Golf,2022,23200.00
10321,2026-01-16,Olivia,Kia,Sportage,2017,21850.00
10322,2026-01-17,Ben,Suzuki,Swift,2024,16700.00
10323,2026-01-17,Eve,Toyota,Aqua,2012,7250.00
10324,2026-01-17,Ben,Ford,Ranger,2014,31000.00
10325,2026-01-17,Jess,Holden,Commodore,2023,25800.00
10326,2026-01-17,Jess,Subaru,Outback,2018,31250.00
10327,2026-01-17,Hana,Toyota,Aqua,2018,11150.00
10328,2026-01-17,Kiri,Subaru,Outback,2022,39900.00
10329,2026-01-17,Ben,Kia,Sportage,2014,24100.00
10330,2026-01-17,Kiri,Mazda,Axela,2016,12100.00
10331,2026-01-17,Aroha,Suzuki,Swift,2019,14000.00
10332,2026-01-17,Mere,Mazda,Axela,2021,15450.00
10333,2026-01-17,Ben,Kia,Sportage,2023,30200.00
10334,2026-01-17,Ben,Mazda,BT-50,2023,46550.00
10335,2026-01-17,Mere,Toyota,Aqua,2014,8300.00
10336,2026-01-17,Ben,Mazda,BT-50,2022,51100.00
10337,2026-01-17,Chloe,Toyota,Hilux,2012,23350.00
10338,2026-01-17,Hana,Nissan,Leaf,2017,16200.00
10339,2026-01-17,Jess,Ford,Ranger,2016,38700.00
10340,2026-01-17,Finn,Toyota,RAV4,2024,48400.00
10341,2026-01-17,Dan,Kia,Sportage,2013,18950.00
10342,2026-01-17,Eve,Subaru,Outback,2025,41950.00
10343,2026-01-17,Olivia,Suzuki,Swift,2021,15450.00
10344,2026-01-17,Hana,Mazda,BT-50,2024,51500.00
10345,2026-01-18,Aroha,Subaru,Outback,2015,26650.00
10346,2026-01-18,Dan,Holden,Commodore,2025,35150.00
10347,2026-01-18,Ben,Toyota,Yaris,2019,15900.00
10348,2026-01-18,Olivia,Mazda,BT-50,2015,28100.00
10349,2026-01-18,Kiri,Mazda,BT-50,2023,42300.00
10350,2026-01-18,Finn,Honda,Fit,2012,6900.00
10351,2026-01-18,Nikau,Toyota,Hilux,2014,27700.00
10352,2026-01-18,Chloe,Mazda,BT-50,2022,50600.00
10353,2026-01-18,Olivia,Mitsubishi,Triton,2014,26500.00
10354,2026-01-18,Dan,Ford,Focus,2025,17350.00
10355,2026-01-18,Liam,Mitsubishi,Triton,2013,23000.00
10356,2026-01-18,Ben,Toyota,Aqua,2018,13750.00
10357,2026-01-18,Kiri,Volkswagen,Golf,2014,16950.00
10358,2026-01-18,Ioane,Kia,Sportage,2021,29100.00
10359,2026-01-18,Jess,Volkswagen,Golf,2023,27850.00
10360,2026-01-18,Mere,Mitsubishi,Triton,2024,43900.00
10361,2026-01-18,Nikau,Mitsubishi,Triton,2021,42400.00
10362,2026-01-18,Eve,Mazda,CX-5,2021,36050.00
10363,2026-01-18,Ben,Holden,Commodore,2012,17000.00
10364,2026-01-18,Finn,Suzuki,Swift,2016,10750.00
10365,2026-01-19,Eve,Mazda,CX-5,2014,22100.00
10366,2026-01-19,Nikau,Volkswagen,Golf,2016,17150.00
10367,2026-01-19,Jess,Subaru,Outback,2025,49300.00
10368,2026-01-19,Jess,Kia,Sportage,2019,28700.00
10369,2026-01-19,Mere,Ford,Focus,2023,12450.00
10370,2026-01-19,Finn,Mitsubishi,Outlander,2023,43450.00
10371,2026-01-19,Jess,Toyota,Hilux,2021,49150.00
10372,2026-01-19,Aroha,Ford,Focus,2022,12850.00
10373,2026-01-19,Olivia,Volkswagen,Golf,2012,12500.00
10374,2026-01-19,Olivia,Mitsubishi,Triton,2018,30550.00
10375,2026-01-19,Nikau,Honda,Fit,2025,15750.00
10376,2026-01-19,Finn,Mazda,CX-5,2017,28900.00
10377,2026-01-19,Chloe,Suzuki,Swift,2020,14350.00
10378,2026-01-19,Hana,Honda,CR-V,2019,27200.00
10379,2026-01-19,Dan,Honda,CR-V,2016,22900.00
10380,2026-01-19,Mere,Subaru,Outback,2016,31100.00
10381,2026-01-19,Jess,Mazda,Axela,2024,17900.00
10382,2026-01-19,Liam,Toyota,Aqua,2024,18650.00
10383,2026-01-19,Hana,Mitsubishi,Triton,2020,39850.00
10384,2026-01-20,Hana,Mazda,CX-5,2018,31900.00
10385,2026-01-20,Finn,Holden,Commodore,2012,14350.00
10386,2026-01-20,Ioane,Mitsubishi,Triton,2017,27250.00
10387,2026-01-20,Kiri,Ford,Ranger,2021,44550.00
10388,2026-01-20,Jess,Tesla,Model 3,2018,49250.00
10389,2026-01-20,Chloe,Ford,Ranger,2018,42600.00
10390,2026-01-20,Finn,Tesla,Model 3,2019,47550.00
10391,2026-01-20,Mere,Mazda,CX-5,2017,29650.00
10392,2026-01-20,Jess,Volkswagen,Golf,2013,12950.00
10393,2026-01-20,Kiri,Mitsubishi,Triton,2021,42800.00
10394,2026-01-20,Olivia,Nissan,Navara,2017,31500.00
10395,2026-01-20,Ioane,Honda,CR-V,2025,33650.00
10396,2026-01-20,Olivia,Toyota,Hilux,2018,42850.00
10397,2026-01-20,Jess,Subaru,Outback,2024,39450.00
10398,2026-01-21,Jess,Volkswagen,Golf,2021,24000.00
10399,2026-01-21,Finn,Holden,Commodore,2017,20350.00
10400,2026-01-21,Hana,Mitsubishi,Triton,2018,35350.00
10401,2026-01-21,Mere,Tesla,Model 3,2015,37100.00
10402,2026-01-21,Eve,Hyundai,Tucson,2023,38500.00
10403,2026-01-21,Liam,Mazda,BT-50,2016,37450.00
10404,2026-01-21,Finn,Hyundai,Tucson,2017,25450.00
10405,2026-01-21,Olivia,Nissan,Navara,2012,20700.00
10406,2026-01-21,Finn,Mitsubishi,Triton,2013,27500.00
10407,2026-01-21,Nikau,Honda,Civic,2024,23300.00
10408,2026-01-21,Kiri,Suzuki,Swift,2012,7950.00
10409,2026-01-21,Jess,Tesla,Model 3,2015,43050.00
10410,2026-01-21,Finn,Honda,Civic,2023,24700.00
10411,2026-01-21,Ioane,Mazda,CX-5,2016,23350.00
10412,2026-01-21,Hana,Subaru,Outback,2018,28300.00
10413,2026-01-22,Mere,Subaru,Outback,2025,46300.00
10414,2026-01-22,Ben,Toyota,Yaris,2017,12950.00
10415,2026-01-22,Aroha,Toyota,Yaris,2017,12100.00
10416,2026-01-22,Kiri,Honda,CR-V,2021,30200.00
10417,2026-01-22,Hana,Toyota,Aqua,2012,9250.00
10418,2026-01-22,Finn,Ford,Focus,2021,13700.00
10419,2026-01-22,Olivia,Mazda,CX-5,2019,27200.00
10420,2026-01-22,Nikau,Mitsubishi,Outlander,2025,45900.00
10421,2026-01-22,Kiri,Ford,Focus,2022,12700.00
10422,2026-01-22,Chloe,Hyundai,Tucson,2015,22650.00
10423,2026-01-22,Jess,Hyundai,Tucson,2017,29450.00
10424,2026-01-22,Olivia,Mazda,Demio,2013,6700.00
10425,2026-01-22,Ben,Honda,CR-V,2019,33750.00
10426,2026-01-22,Hana,Mazda,BT-50,2019,44200.00
10427,2026-01-22,Olivia,Kia,Sportage,2022,32300.00
10428,2026-01-22,Ben,Mazda,Demio,2013,5650.00
10429,2026-01-22,Nikau,Nissan,Tiida,2020,7450.00
10430,2026-01-22,Olivia,Subaru,Outback,2018,30650.00
10431,2026-01-23,Aroha,Tesla,Model 3,2018,54200.00
10432,2026-01-23,Finn,Honda,CR-V,2020,32350.00
10433,2026-01-23,Hana,Tesla,Model 3,2015,37500.00
10434,2026-01-23,Finn,Kia,Sportage,2015,22500.00
10435,2026-01-23,Ioane,Mitsubishi,Triton,2019,35900.00
10436,2026-01-23,Finn,Subaru,Outback,2023,41700.00
10437,2026-01-23,Jess,Toyota,Yaris,2023,19600.00
10438,2026-01-23,Dan,Mazda,BT-50,2017,31950.00
10439,2026-01-23,Ioane,Holden,Commodore,2024,28000.00
10440,2026-01-23,Liam,Toyota,Yaris,2020,17350.00
10441,2026-01-23,Liam,Kia,Sportage,2020,27050.00
10442,2026-01-23,Olivia,Nissan,Navara,2022,39750.00
10443,2026-01-23,Eve,Honda,CR-V,2021,29050.00
10444,2026-01-23,Dan,Toyota,Hilux,2023,56850.00
10445,2026-01-23,Jess,Mitsubishi,Triton,2024,43300.00
10446,2026-01-23,Dan,Honda,CR-V,2019,30550.00
10447,2026-01-23,Chloe,Volkswagen,Golf,2020,20550.00
10448,2026-01-23,Liam,Kia,Sportage,2023,38700.00
10449,2026-01-23,Kiri,Holden,Commodore,2021,22900.00
10450,2026-01-23,Kiri,Ford,Ranger,2022,45200.00
10451,2026-01-23,Finn,Mitsubishi,Triton,2025,39750.00
10452,2026-01-24,Eve,Mazda,BT-50,2015,29900.00
10453,2026-01-24,Ioane,Suzuki,Swift,2015,11150.00
10454,2026-01-24,Ioane,Hyundai,Tucson,2016,26550.00
10455,2026-01-24,Ioane,Toyota,Hilux,2017,42700.00
10456,2026-01-24,Nikau,Mazda,Axela,2021,13150.00
10457,2026-01-24,Chloe,Nissan,Navara,2012,26400.00
10458,2026-01-24,Eve,Ford,Ranger,2022,51750.00
10459,2026-01-24,Hana,Mazda,Demio,2024,12100.00
10460,2026-01-24,Finn,Toyota,RAV4,2024,51450.00
10461,2026-01-24,Liam,Hyundai,Tucson,2019,34700.00
10462,2026-01-24,Finn,Toyota,RAV4,2015,28900.00
10463,2026-01-24,Hana,Nissan,Navara,2014,25050.00
10464,2026-01-24,Mere,Toyota,Yaris,2012,8750.00
10465,2026-01-24,Hana,Mitsubishi,Triton,2025,52900.00
10466,2026-01-24,Nikau,Subaru,Outback,2016,27950.00
10467,2026-01-24,Ben,Mazda,Axela,2022,16050.00
10468,2026-01-24,Liam,Mazda,Demio,2025,14000.00
10469,2026-01-24,Dan,Mitsubishi,Triton,2015,24450.00
10470,2026-01-24,Dan,Kia,Sportage,2025,39950.00
10471,2026-01-24,Ioane,Toyota,Yaris,2018,12900.00
10472,2026-01-24,Jess,Nissan,Leaf,2019,14600.00
10473,2026-01-24,Olivia,Nissan,Leaf,2023,22400.00
10474,2026-01-24,Eve,Mazda,BT-50,2015,26400.00
10475,2026-01-24,Jess,Mitsubishi,Triton,2024,44450.00
10476,2026-01-25,Eve,Honda,Fit,2018,11350.00
10477,2026-01-25,Liam,Mazda,BT-50,2022,46700.00
10478,2026-01-25,Hana,Kia,Sportage,2013,18250.00
10479,2026-01-25,Eve,Mazda,CX-5,2021,39450.00
10480,2026-01-25,Ioane,Mazda,CX-5,2019,34300.00
10481,2026-01-25,Hana,Toyota,Yaris,2013,10400.00
10482,2026-01-25,Kiri,Mazda,BT-50,2021,45100.00
10483,2026-01-25,Kiri,Mitsubishi,Triton,2025,51000.00
10484,2026-01-25,Eve,Mazda,BT-50,2025,52400.00
10485,2026-01-25,Eve,Kia,Sportage,2012,17700.00
10486,2026-01-25,Nikau,Mitsubishi,Outlander,2022,32950.00
10487,2026-01-25,Jess,Hyundai,Tucson,2023,34950.00
10488,2026-01-25,Ioane,Volkswagen,Golf,2017,18150.00
10489,2026-01-25,Jess,Toyota,RAV4,2024,48350.00
10490,2026-01-25,Mere,Toyota,Aqua,2022,13350.00
10491,2026-01-25,Mere,Toyota,Yaris,2017,12800.00
10492,2026-01-25,Kiri,Toyota,Yaris,2023,19750.00
10493,2026-01-25,Finn,Nissan,Navara,2023,42600.00
10494,2026-01-26,Dan,Mitsubishi,Triton,2021,34850.00
10495,2026-01-26,Liam,Mitsubishi,Triton,2025,44950.00
10496,2026-01-26,Dan,Toyota,Hilux,2015,31250.00
10497,2026-01-26,Ioane,Toyota,Yaris,2016,12600.00
10498,2026-01-26,Ben,Mitsubishi,Triton,2023,49250.00
10499,2026-01-26,Liam,Volkswagen,Golf,2016,15150.00
10500,2026-01-26,Hana,Mitsubishi,Triton,2017,34400.00
10501,2026-01-26,Olivia,Kia,Sportage,2017,29200.00
10502,2026-01-26,Chloe,Hyundai,Tucson,2025,44450.00
10503,2026-01-26,Ben,Toyota,Aqua,2017,11450.00
10504,2026-01-26,Hana,Ford,Focus,2023,13050.00
10505,2026-01-26,Jess,Toyota,Corolla,2012,11250.00
10506,2026-01-26,Mere,Mitsubishi,Triton,2013,23550.00
10507,2026-01-26,Olivia,Mitsubishi,Triton,2017,36150.00
10508,2026-01-26,Eve,Mazda,Axela,2019,14850.00
10509,2026-01-26,Dan,Mazda,Demio,2023,11450.00
10510,2026-01-26,Chloe,Ford,Focus,2015,8950.00
10511,2026-01-26,Ben,Toyota,Aqua,2017,10250.00
10512,2026-01-26,Hana,Ford,Ranger,2018,40200.00
10513,2026-01-26,Ioane,Toyota,RAV4,2019,32550.00
10514,2026-01-26,Ioane,Mazda,BT-50,2022,41300.00
10515,2026-01-26,Jess,Mazda,Demio,2015,6850.00
10516,2026-01-26,Mere,Subaru,Outback,2025,45550.00
10517,2026-01-27,Mere,Toyota,Hilux,2020,43100.00
10518,2026-01-27,Liam,Nissan,Tiida,2022,8350.00
10519,2026-01-27,Ioane,Mitsubishi,Triton,2015,30600.00
10520,2026-01-27,Eve,Mazda,Axela,2018,12650.00
10521,2026-01-27,Finn,Toyota,RAV4,2025,42800.00
10522,2026-01-27,Kiri,Toyota,Yaris,2021,15950.00
10523,2026-01-27,Nikau,Kia,Sportage,2012,17450.00
10524,2026-01-27,Hana,Subaru,Outback,2013,24700.00
10525,2026-01-27,Ioane,Honda,Civic,2013,11800.00
10526,2026-01-27,Kiri,Tesla,Model 3,2025,68450.00
10527,2026-01-27,Dan,Toyota,Yaris,2014,9700.00
10528,2026-01-27,Finn,Hyundai,Tucson,2023,35950.00
10529,2026-01-27,Hana,Mitsubishi,Triton,2022,39700.00
10530,2026-01-27,Hana,Suzuki,Swift,2023,19000.00
10531,2026-01-27,Eve,Honda,CR-V,2021,35550.00
10532,2026-01-27,Aroha,Subaru,Outback,2019,33750.00
10533,2026-01-27,Olivia,Ford,Focus,2012,8150.00
10534,2026-01-27,Ioane,Toyota,RAV4,2013,23300.00
10535,2026-01-27,Finn,Mitsubishi,Triton,2017,32500.00
10536,2026-01-27,Olivia,Toyota,Yaris,2018,15600.00
10537,2026-01-28,Ioane,Mazda,BT-50,2025,56700.00
10538,2026-01-28,Liam,Toyota,RAV4,2018,34450.00
10539,2026-01-28,Liam,Ford,Ranger,2017,34400.00
10540,2026-01-28,Mere,Toyota,RAV4,2017,35650.00
10541,2026-01-28,Nikau,Toyota,RAV4,2015,31750.00
10542,2026-01-28,Liam,Toyota,RAV4,2022,43550.00
10543,2026-01-28,Ioane,Honda,CR-V,2022,32100.00
10544,2026-01-28,Mere,Toyota,Yaris,2012,8750.00
10545,2026-01-28,Mere,Volkswagen,Golf,2012,13700.00
10546,2026-01-28,Chloe,Ford,Focus,2025,16650.00
10547,2026-01-28,Chloe,Mazda,CX-5,2015,22800.00
10548,2026-01-28,Chloe,Mazda,CX-5,2020,34150.00
10549,2026-01-28,Kiri,Subaru,Outback,2023,39500.00
10550,2026-01-28,Finn,Mazda,CX-5,2012,17950.00
10551,2026-01-28,Kiri,Tesla,Model 3,2018,48400.00
10552,2026-01-28,Mere,Nissan,Navara,2016,30050.00
10553,2026-01-28,Ben,Mazda,Demio,2021,10900.00
10554,2026-01-28,Eve,Toyota,Aqua,2021,13500.00
10555,2026-01-28,Ioane,Honda,Civic,2015,14150.00
10556,2026-01-28,Jess,Toyota,RAV4,2012,22200.00
10557,2026-01-29,Kiri,Mazda,BT-50,2020,43050.00
10558,2026-01-29,Ioane,Kia,Sportage,2022,29850.00
10559,2026-01-29,Chloe,Mazda,Axela,2012,9000.00
10560,2026-01-29,Finn,Volkswagen,Golf,2018,16850.00
10561,2026-01-29,Ioane,Toyota,Hilux,2020,45950.00
10562,2026-01-29,Finn,Mazda,Axela,2019,15750.00
10563,2026-01-29,Ioane,Nissan,Navara,2012,25000.00
10564,2026-01-29,Ben,Mazda,CX-5,2021,30800.00
10565,2026-01-29,Kiri,Mazda,CX-5,2014,25400.00
10566,2026-01-29,Ioane,Toyota,Yaris,2012,10750.00
10567,2026-01-29,Olivia,Mazda,BT-50,2017,32250.00
10568,2026-01-29,Ioane,Nissan,Navara,2024,41400.00
10569,2026-01-29,Liam,Nissan,Navara,2025,49650.00
10570,2026-01-29,Hana,Mitsubishi,Triton,2019,35150.00
10571,2026-01-29,Eve,Honda,CR-V,2014,23150.00
10572,2026-01-29,Aroha,Mazda,Demio,2021,11300.00
10573,2026-01-29,Ben,Toyota,RAV4,2025,43050.00
10574,2026-01-29,Aroha,Kia,Sportage,2014,22850.00
10575,2026-01-29,Liam,Nissan,Tiida,2019,9350.00
10576,2026-01-29,Finn,Mazda,BT-50,2025,46550.00
10577,2026-01-29,Ben,Mitsubishi,Triton,2017,36400.00
10578,2026-01-29,Olivia,Kia,Sportage,2013,21300.00
10579,2026-01-29,Chloe,Mitsubishi,Triton,2015,29950.00
10580,2026-01-30,Hana,Mazda,CX-5,2023,40150.00
10581,2026-01-30,Jess,Mitsubishi,Triton,2019,36150.00
10582,2026-01-30,Olivia,Toyota,Hilux,2015,35900.00
10583,2026-01-30,Liam,Toyota,RAV4,2017,31300.00
10584,2026-01-30,Chloe,Nissan,Leaf,2025,23950.00
10585,2026-01-30,Kiri,Nissan,Tiida,2017,6600.00
10586,2026-01-30,Kiri,Suzuki,Swift,2022,16850.00
10587,2026-01-30,Finn,Honda,Fit,2024,14350.00
10588,2026-01-30,Ioane,Mitsubishi,Outlander,2020,33800.00
10589,2026-01-30,Mere,Honda,Fit,2015,9600.00
10590,2026-01-30,Nikau,Tesla,Model 3,2018,53900.00
10591,2026-01-30,Hana,Mazda,Demio,2013,7450.00
10592,2026-01-30,Liam,Mitsubishi,Triton,2023,41850.00
10593,2026-01-30,Aroha,Toyota,RAV4,2019,36350.00
10594,2026-01-30,Finn,Nissan,Leaf,2024,22400.00
10595,2026-01-30,Ioane,Mitsubishi,Triton,2021,34200.00
10596,2026-01-30,Liam,Toyota,Yaris,2019,16450.00
10597,2026-01-30,Chloe,Hyundai,Tucson,2023,33800.00
10598,2026-01-30,Finn,Toyota,Aqua,2014,10900.00
10599,2026-01-30,Ben,Honda,Fit,2019,12000.00
10600,2026-01-31,Jess,Mitsubishi,Triton,2015,31400.00
10601,2026-01-31,Jess,Suzuki,Swift,2015,12400.00
10602,2026-01-31,Ben,Tesla,Model 3,2023,56450.00
10603,2026-01-31,Eve,Toyota,Aqua,2017,12550.00
10604,2026-01-31,Nikau,Toyota,RAV4,2012,20850.00
10605,2026-01-31,Nikau,Ford,Ranger,2024,53900.00
10606,2026-01-31,Liam,Mazda,BT-50,2019,39200.00
10607,2026-01-31,Aroha,Toyota,Corolla,2014,13850.00
10608,2026-01-31,Liam,Nissan,Navara,2015,27200.00
10609,2026-01-31,Chloe,Mitsubishi,Triton,2021,34800.00
10610,2026-01-31,Finn,Nissan,Navara,2022,42750.00
10611,2026-01-31,Eve,Mazda,CX-5,2023,33000.00
10612,2026-01-31,Chloe,Ford,Focus,2012,7700.00
10613,2026-01-31,Hana,Mazda,Demio,2025,12700.00
10614,2026-01-31,Olivia,Suzuki,Swift,2025,18350.00
10615,2026-01-31,Mere,Honda,CR-V,2014,19300.00
10616,2026-01-31,Aroha,Nissan,Navara,2015,30400.00
10617,2026-01-31,Ben,Mazda,BT-50,2016,33650.00
10618,2026-01-31,Liam,Nissan,Navara,2024,43350.00
10619,2026-02-01,Mere,Subaru,Outback,2024,48050.00
10620,2026-02-01,Finn,Ford,Ranger,2022,45950.00
10621,2026-02-01,Ioane,Tesla,Model 3,2017,48300.00
10622,2026-02-01,Nikau,Honda,CR-V,2012,21300.00
10623,2026-02-01,Ioane,Honda,CR-V,2014,22450.00
10624,2026-02-01,Olivia,Toyota,RAV4,2023,43950.00
10625,2026-02-01,Mere,Mazda,BT-50,2012,25250.00
10626,2026-02-01,Hana,Mazda,Demio,2012,6250.00
10627,2026-02-01,Kiri,Kia,Sportage,2021,26800.00
10628,2026-02-01,Ioane,Ford,Focus,2013,7950.00
10629,2026-02-01,Ben,Honda,CR-V,2024,36050.00
10630,2026-02-01,Hana,Mazda,Axela,2018,12100.00
10631,2026-02-01,Eve,Kia,Sportage,2025,38500.00
10632,2026-02-01,Aroha,Ford,Focus,2013,9100.00
10633,2026-02-01,Jess,Tesla,Model 3,2020,47050.00
10634,2026-02-01,Ben,Toyota,RAV4,2016,31900.00
10635,2026-02-01,Eve,Kia,Sportage,2016,26550.00
10636,2026-02-01,Jess,Subaru,Outback,2018,30300.00
10637,2026-02-01,Hana,Ford,Ranger,2012,29350.00
10638,2026-02-01,Ioane,Mazda,CX-5,2015,22450.00
10639,2026-02-01,Liam,Mazda,CX-5,2025,46200.00
10640,2026-02-01,Jess,Nissan,Tiida,2025,10400.00
10641,2026-02-01,Hana,Honda,Fit,2025,13500.00
10642,2026-02-01,Hana,Volkswagen,Golf,2021,20050.00
10643,2026-02-01,Finn,Toyota,Corolla,2014,16100.00
10644,2026-02-01,Nikau,Suzuki,Swift,2020,16600.00
10645,2026-02-01,Liam,Honda,Civic,2019,19900.00
10646,2026-02-01,Liam,Mitsubishi,Triton,2022,45600.00
10647,2026-02-01,Hana,Hyundai,Tucson,2019,28300.00
10648,2026-02-01,Jess,Toyota,RAV4,2016,29300.00
10649,2026-02-02,Dan,Suzuki,Swift,2024,19050.00
10650,2026-02-02,Kiri,Ford,Focus,2020,13500.00
10651,2026-02-02,Ioane,Honda,CR-V,2012,21500.00
10652,2026-02-02,Aroha,Mazda,BT-50,2023,54050.00
10653,2026-02-02,Ben,Subaru,Outback,2023,39600.00
10654,2026-02-02,Jess,Ford,Focus,2025,13500.00
10655,2026-02-02,Ioane,Toyota,RAV4,2018,32250.00
10656,2026-02-02,Hana,Nissan,Leaf,2020,16600.00
10657,2026-02-02,Mere,Ford,Focus,2023,13350.00
10658,2026-02-02,Mere,Hyundai,Tucson,2012,17900.00
10659,2026-02-02,Ioane,Mitsubishi,Triton,2015,25750.00
10660,2026-02-02,Chloe,Mazda,BT-50,2018,35400.00
10661,2026-02-02,Hana,Mitsubishi,Triton,2022,37000.00
10662,2026-02-02,Kiri,Toyota,Yaris,2013,10550.00
10663,2026-02-02,Jess,Toyota,Aqua,2021,13000.00
10664,2026-02-02,Finn,Mitsubishi,Triton,2020,40100.00
10665,2026-02-02,Ben,Mitsubishi,Triton,2016,26900.00
10666,2026-02-02,Chloe,Nissan,Tiida,2023,10400.00
10667,2026-02-02,Ben,Mazda,CX-5,2020,28250.00
10668,2026-02-02,Hana,Toyota,RAV4,2018,30350.00
10669,2026-02-02,Kiri,Mitsubishi,Triton,2021,34650.00
10670,2026-02-02,Kiri,Mazda,BT-50,2014,27250.00
10671,2026-02-02,Hana,Mitsubishi,Triton,2013,27750.00
10672,2026-02-03,Olivia,Toyota,Yaris,2016,10950.00
10673,2026-02-03,Hana,Tesla,Model 3,2018,53800.00
10674,2026-02-03,Aroha,Mitsubishi,Triton,2022,38400.00
10675,2026-02-03,Jess,Toyota,Aqua,2019,13600.00
10676,2026-02-03,Kiri,Mitsubishi,Triton,2019,32300.00
10677,2026-02-03,Chloe,Mazda,Axela,2017,11150.00
10678,2026-02-03,Chloe,Toyota,Aqua,2012,7000.00
10679,2026-02-03,Mere,Holden,Commodore,2012,16000.00
10680,2026-02-03,Chloe,Toyota,Aqua,2021,14550.00
10681,2026-02-03,Hana,Subaru,Outback,2015,27550.00
10682,2026-02-03,Ioane,Toyota,Yaris,2025,20550.00
10683,2026-02-03,Jess,Mitsubishi,Outlander,2016,31350.00
10684,2026-02-03,Aroha,Toyota,RAV4,2021,38400.00
10685,2026-02-03,Liam,Toyota,Corolla,2018,20550.00
10686,2026-02-03,Dan,Mazda,BT-50,2022,50950.00
10687,2026-02-03,Liam,Subaru,Outback,2012,23000.00
10688,2026-02-03,Olivia,Honda,Civic,2020,17500.00
10689,2026-02-03,Chloe,Toyota,Hilux,2022,42650.00
10690,2026-02-03,Mere,Mazda,BT-50,2022,51700.00
10691,2026-02-03,Dan,Kia,Sportage,2013,20150.00
10692,2026-02-03,Dan,Volkswagen,Golf,2023,26800.00
10693,2026-02-03,Chloe,Mazda,Demio,2021,11100.00
10694,2026-02-03,Mere,Mazda,BT-50,2017,30150.00
10695,2026-02-03,Ioane,Volkswagen,Golf,2021,25050.00
10696,2026-02-03,Kiri,Honda,Civic,2018,17150.00
10697,2026-02-04,Nikau,Subaru,Outback,2023,43750.00
10698,2026-02-04,Ioane,Subaru,Outback,2013,26750.00
10699,2026-02-04,Chloe,Mitsubishi,Triton,2018,35750.00
10700,2026-02-04,Eve,Ford,Focus,2025,13800.00
10701,2026-02-04,Liam,Hyundai,Tucson,2014,25700.00
10702,2026-02-04,Hana,Nissan,Navara,2018,39150.00
10703,2026-02-04,Hana,Volkswagen,Golf,2019,19800.00
10704,2026-02-04,Finn,Tesla,Model 3,2012,27300.00
10705,2026-02-04,Kiri,Toyota,Aqua,2025,17750.00
10706,2026-02-04,Eve,Kia,Sportage,2015,20900.00
10707,2026-02-04,Ioane,Toyota,RAV4,2017,36600.00
10708,2026-02-04,Eve,Mazda,BT-50,2025,49450.00
10709,2026-02-04,Olivia,Suzuki,Swift,2015,11300.00
10710,2026-02-04,Hana,Honda,CR-V,2012,18150.00
10711,2026-02-04,Hana,Nissan,Tiida,2020,9100.00
10712,2026-02-04,Kiri,Honda,CR-V,2021,32550.00
10713,2026-02-04,Nikau,Mazda,CX-5,2025,41850.00
10714,2026-02-04,Ioane,Honda,CR-V,2022,29400.00
10715,2026-02-04,Kiri,Ford,Focus,2020,14300.00
10716,2026-02-04,Liam,Toyota,Yaris,2023,17750.00
10717,2026-02-04,Mere,Honda,Fit,2013,7200.00
10718,2026-02-05,Aroha,Mitsubishi,Triton,2012,23250.00
10719,2026-02-05,Chloe,Suzuki,Swift,2025,18550.00
10720,2026-02-05,Eve,Honda,Fit,2014,9100.00
10721,2026-02-05,Ben,Kia,Sportage,2012,17350.00
10722,2026-02-05,Eve,Mazda,Demio,2015,6450.00
10723,2026-02-05,Jess,Toyota,Yaris,2019,15200.00
10724,2026-02-05,Aroha,Toyota,Aqua,2023,15750.00
10725,2026-02-05,Ioane,Ford,Focus,2022,16050.00
10726,2026-02-05,Liam,Ford,Focus,2012,6600.00
10727,2026-02-05,Hana,Kia,Sportage,2018,27650.00
10728,2026-02-05,Ben,Honda,Fit,2020,11250.00
10729,2026-02-05,Mere,Mazda,CX-5,2023,34650.00
10730,2026-02-05,Liam,Toyota,Hilux,2024,48200.00
10731,2026-02-05,Liam,Holden,Commodore,2013,17250.00
10732,2026-02-05,Hana,Nissan,Tiida,2020,7550.00
10733,2026-02-05,Nikau,Honda,Fit,2020,12750.00
10734,2026-02-05,Ioane,Ford,Focus,2013,7200.00
10735,2026-02-05,Jess,Mazda,CX-5,2018,29650.00
10736,2026-02-05,Olivia,Kia,Sportage,2023,38100.00
10737,2026-02-06,Liam,Toyota,Aqua,2016,11600.00
10738,2026-02-06,Aroha,Suzuki,Swift,2020,16000.00
10739,2026-02-06,Ioane,Subaru,Outback,2024,38100.00
10740,2026-02-06,Hana,Volkswagen,Golf,2015,14850.00
10741,2026-02-06,Jess,Ford,Ranger,2019,46350.00
10742,2026-02-06,Chloe,Mazda,CX-5,2017,27500.00
10743,2026-02-06,Kiri,Subaru,Outback,2024,40950.00
10744,2026-02-06,Mere,Toyota,Yaris,2025,20850.00
10745,2026-02-06,Eve,Tesla,Model 3,2019,45050.00
10746,2026-02-06,Liam,Toyota,Aqua,2013,7600.00
10747,2026-02-06,Mere,Toyota,Aqua,2021,15250.00
10748,2026-02-06,Jess,Kia,Sportage,2023,29600.00
10749,2026-02-06,Olivia,Suzuki,Swift,2022,15750.00
10750,2026-02-06,Ioane,Ford,Focus,2023,14650.00
10751,2026-02-06,Aroha,Mazda,Demio,2012,6450.00
10752,2026-02-06,Nikau,Mazda,CX-5,2015,27100.00
10753,2026-02-06,Jess,Ford,Ranger,2017,37800.00
10754,2026-02-06,Ioane,Nissan,Navara,2025,53450.00
10755,2026-02-06,Nikau,Nissan,Leaf,2012,9450.00
10756,2026-02-06,Jess,Toyota,Aqua,2017,12650.00
10757,2026-02-06,Nikau,Toyota,RAV4,2021,44300.00
10758,2026-02-06,Mere,Toyota,Yaris,2016,13950.00
10759,2026-02-06,Hana,Mitsubishi,Triton,2017,33050.00
10760,2026-02-06,Liam,Mitsubishi,Triton,2020,36900.00
10761,2026-02-06,Jess,Honda,CR-V,2016,22850.00
10762,2026-02-07,Mere,Subaru,Outback,2021,41500.00
10763,2026-02-07,Hana,Toyota,Yaris,2023,18450.00
10764,2026-02-07,Ioane,Mazda,BT-50,2018,32200.00
10765,2026-02-07,Olivia,Ford,Ranger,2013,31150.00
10766,2026-02-07,Olivia,Hyundai,Tucson,2020,28500.00
10767,2026-02-07,Liam,Mazda,BT-50,2018,40350.00
10768,2026-02-07,Mere,Mazda,BT-50,2025,56350.00
10769,2026-02-07,Chloe,Tesla,Model 3,2017,46400.00
10770,2026-02-07,Chloe,Mazda,Demio,2020,10650.00
10771,2026-02-07,Jess,Subaru,Outback,2013,26550.00
10772,2026-02-07,Jess,Nissan,Navara,2013,23850.00
10773,2026-02-07,Ben,Mitsubishi,Triton,2019,30400.00
10774,2026-02-07,Kiri,Ford,Focus,2013,9500.00
10775,2026-02-07,Jess,Toyota,Hilux,2023,46100.00
10776,2026-02-07,Liam,Mazda,Demio,2017,8500.00
10777,2026-02-07,Ioane,Ford,Focus,2021,14000.00
10778,2026-02-07,Ben,Hyundai,Tucson,2021,34850.00
10779,2026-02-07,Jess,Holden,Commodore,2012,13300.00
10780,2026-02-07,Liam,Ford,Ranger,2018,42400.00
10781,2026-02-07,Mere,Subaru,Outback,2012,23000.00
10782,2026-02-07,Kiri,Mazda,Demio,2024,12850.00
10783,2026-02-08,Jess,Honda,CR-V,2024,37300.00
10784,2026-02-08,Liam,Mazda,Demio,2017,9400.00
10785,2026-02-08,Liam,Mitsubishi,Triton,2019,36750.00
10786,2026-02-08,Dan,Toyota,RAV4,2024,52100.00
10787,2026-02-08,Kiri,Mitsubishi,Outlander,2017,29550.00
10788,2026-02-08,Eve,Tesla,Model 3,2015,43150.00
10789,2026-02-08,Aroha,Hyundai,Tucson,2016,25950.00
10790,2026-02-08,Mere,Suzuki,Swift,2022,15750.00
10791,2026-02-08,Chloe,Honda,Civic,2015,15800.00
10792,2026-02-08,Olivia,Ford,Focus,2022,14050.00
10793,2026-02-08,Olivia,Ford,Focus,2019,10350.00
10794,2026-02-08,Olivia,Nissan,Navara,2013,28450.00
10795,2026-02-08,Hana,Suzuki,Swift,2016,11250.00
10796,2026-02-08,Chloe,Kia,Sportage,2025,33050.00
10797,2026-02-08,Kiri,Nissan,Leaf,2015,13850.00
10798,2026-02-08,Eve,Toyota,Yaris,2022,15200.00
10799,2026-02-08,Jess,Nissan,Navara,2016,34600.00
10800,2026-02-08,Nikau,Holden,Commodore,2017,23900.00
10801,2026-02-08,Chloe,Holden,Commodore,2016,16850.00
10802,2026-02-08,Mere,Ford,Focus,2013,7500.00
10803,2026-02-08,Ioane,Ford,Ranger,2016,40850.00
10804,2026-02-08,Kiri,Tesla,Model 3,2012,35800.00
10805,2026-02-08,Ben,Tesla,Model 3,2019,48500.00
10806,2026-02-08,Mere,Mazda,Demio,2021,9750.00
10807,2026-02-08,Hana,Toyota,RAV4,2017,33050.00
10808,2026-02-08,Hana,Mitsubishi,Outlander,2018,26800.00
10809,2026-02-08,Kiri,Holden,Commodore,2021,25250.00
10810,2026-02-08,Eve,Honda,CR-V,2023,39950.00
10811,2026-02-08,Hana,Honda,Civic,2024,22100.00
10812,2026-02-08,Olivia,Ford,Focus,2018,11900.00
10813,2026-02-08,Chloe,Nissan,Navara,2015,30000.00
10814,2026-02-09,Ben,Ford,Focus,2013,9250.00
10815,2026-02-09,Kiri,Nissan,Leaf,2015,12600.00
10816,2026-02-09,Ioane,Mitsubishi,Triton,2025,51450.00
10817,2026-02-09,Ben,Hyundai,Tucson,2023,35550.00
10818,2026-02-09,Jess,Volkswagen,Golf,2021,26050.00
10819,2026-02-09,Mere,Mitsubishi,Outlander,2020,34200.00
10820,2026-02-09,Chloe,Honda,CR-V,2013,22650.00
10821,2026-02-09,Chloe,Tesla,Model 3,2015,41250.00
10822,2026-02-09,Chloe,Ford,Focus,2018,9900.00
10823,2026-02-09,Hana,Honda,Civic,2023,24000.00
10824,2026-02-09,Kiri,Honda,CR-V,2015,25200.00
10825,2026-02-09,Chloe,Mitsubishi,Triton,2017,35800.00
10826,2026-02-09,Dan,Mazda,CX-5,2020,34950.00
10827,2026-02-09,Dan,Hyundai,Tucson,2017,27000.00
10828,2026-02-09,Kiri,Toyota,Yaris,2017,14850.00
10829,2026-02-10,Jess,Subaru,Outback,2022,35650.00
10830,2026-02-10,Mere,Ford,Focus,2019,10500.00
10831,2026-02-10,Nikau,Suzuki,Swift,2025,18700.00
10832,2026-02-10,Mere,Hyundai,Tucson,2016,22200.00
10833,2026-02-10,Mere,Mitsubishi,Triton,2025,46800.00
10834,2026-02-10,Dan,Subaru,Outback,2016,28700.00
10835,2026-02-10,Mere,Mazda,BT-50,2014,27250.00
10836,2026-02-10,Olivia,Honda,Civic,2024,21850.00
10837,2026-02-10,Aroha,Ford,Focus,2022,12050.00
10838,2026-02-10,Olivia,Tesla,Model 3,2022,63450.00
10839,2026-02-10,Kiri,Kia,Sportage,2016,25850.00
10840,2026-02-10,Kiri,Mitsubishi,Outlander,2017,26600.00
10841,2026-02-10,Ioane,Honda,CR-V,2024,34000.00
10842,2026-02-10,Aroha,Ford,Focus,2018,9850.00
10843,2026-02-10,Jess,Hyundai,Tucson,2013,23000.00
10844,2026-02-10,Ioane,Toyota,Aqua,2019,13950.00
10845,2026-02-10,Mere,Ford,Ranger,2023,61750.00
10846,2026-02-10,Ben,Honda,CR-V,2016,22600.00
10847,2026-02-11,Aroha,Toyota,Yaris,2023,17000.00
10848,2026-02-11,Nikau,Holden,Commodore,2025,33650.00
10849,2026-02-11,Finn,Toyota,Yaris,2017,14450.00
10850,2026-02-11,Mere,Mitsubishi,Triton,2019,37000.00
10851,2026-02-11,Finn,Ford,Ranger,2014,35350.00
10852,2026-02-11,Hana,Nissan,Leaf,2017,13950.00
10853,2026-02-11,Kiri,Nissan,Navara,2014,25100.00
10854,2026-02-11,Ioane,Volkswagen,Golf,2013,14900.00
10855,2026-02-11,Dan,Nissan,Tiida,2023,8850.00
10856,2026-02-11,Liam,Toyota,Yaris,2012,10700.00
10857,2026-02-11,Ben,Toyota,Aqua,2020,15000.00
10858,2026-02-11,Hana,Mazda,Axela,2022,13600.00
10859,2026-02-11,Mere,Hyundai,Tucson,2014,21900.00
10860,2026-02-11,Mere,Mitsubishi,Triton,2014,27300.00
10861,2026-02-11,Chloe,Suzuki,Swift,2020,14000.00
10862,2026-02-11,Finn,Honda,CR-V,2021,29050.00
10863,2026-02-11,Aroha,Ford,Ranger,2013,29150.00
10864,2026-02-11,Ben,Toyota,Aqua,2014,10800.00
10865,2026-02-12,Liam,Honda,CR-V,2015,23550.00
10866,2026-02-12,Liam,Toyota,Hilux,2022,45300.00
10867,2026-02-12,Mere,Mazda,CX-5,2021,37900.00
10868,2026-02-12,Mere,Mazda,Axela,2024,18850.00
10869,2026-02-12,Kiri,Mazda,Demio,2024,12350.00
10870,2026-02-12,Jess,Toyota,Corolla,2018,17700.00
10871,2026-02-12,Nikau,Toyota,Corolla,2017,18950.00
10872,2026-02-12,Jess,Toyota,RAV4,2021,39600.00
10873,2026-02-12,Ioane,Honda,Fit,2012,6200.00
10874,2026-02-12,Olivia,Subaru,Outback,2024,41950.00
10875,2026-02-12,Dan,Ford,Ranger,2013,34800.00
10876,2026-02-12,Liam,Kia,Sportage,2019,26250.00
10877,2026-02-12,Jess,Tesla,Model 3,2022,56900.00
10878,2026-02-12,Kiri,Mazda,Demio,2024,10600.00
10879,2026-02-12,Kiri,Honda,Fit,2012,7600.00
10880,2026-02-12,Mere,Mitsubishi,Triton,2025,51900.00
10881,2026-02-12,Olivia,Kia,Sportage,2016,22750.00
10882,2026-02-12,Dan,Volkswagen,Golf,2016,19300.00
10883,2026-02-12,Liam,Mitsubishi,Triton,2018,35750.00
10884,2026-02-12,Finn,Honda,Civic,2012,11300.00
10885,2026-02-12,Chloe,Holden,Commodore,2014,16950.00
10886,2026-02-12,Olivia,Toyota,Aqua,2025,14600.00
10887,2026-02-12,Liam,Ford,Ranger,2022,53100.00
10888,2026-02-12,Dan,Toyota,RAV4,2020,43100.00
10889,2026-02-12,Ioane,Ford,Ranger,2022,46500.00
10890,2026-02-13,Ben,Toyota,Aqua,2013,9150.00
10891,2026-02-13,Liam,Toyota,Yaris,2022,17650.00
10892,2026-02-13,Liam,Mazda,BT-50,2018,40900.00
10893,2026-02-13,Olivia,Ford,Focus,2024,14500.00
10894,2026-02-13,Chloe,Toyota,Yaris,2018,13350.00
10895,2026-02-13,Hana,Mazda,Demio,2018,9950.00
10896,2026-02-13,Chloe,Mitsubishi,Triton,2019,30450.00
10897,2026-02-13,Jess,Honda,Civic,2013,13550.00
10898,2026-02-13,Hana,Mazda,CX-5,2015,26700.00
10899,2026-02-13,Liam,Mazda,Demio,2015,7800.00
10900,2026-02-13,Ioane,Honda,CR-V,2023,31650.00
10901,2026-02-13,Nikau,Honda,CR-V,2023,33700.00
10902,2026-02-13,Eve,Suzuki,Swift,2025,19900.00
10903,2026-02-13,Olivia,Volkswagen,Golf,2016,18350.00
10904,2026-02-13,Mere,Ford,Focus,2023,15000.00
10905,2026-02-13,Dan,Nissan,Leaf,2014,12250.00
10906,2026-02-13,Aroha,Mitsubishi,Triton,2019,31600.00
10907,2026-02-13,Jess,Honda,Fit,2019,11650.00
10908,2026-02-13,Eve,Kia,Sportage,2020,31600.00
10909,2026-02-13,Olivia,Mazda,CX-5,2021,33450.00
10910,2026-02-13,Mere,Subaru,Outback,2022,44200.00
10911,2026-02-13,Kiri,Kia,Sportage,2019,28650.00
10912,2026-02-14,Finn,Mazda,Demio,2021,9900.00
10913,2026-02-14,Finn,Nissan,Navara,2012,21150.00
10914,2026-02-14,Ben,Mazda,BT-50,2019,41650.00
10915,2026-02-14,Dan,Mitsubishi,Triton,2018,30700.00
10916,2026-02-14,Finn,Mazda,Demio,2023,11300.00
10917,2026-02-14,Mere,Honda,CR-V,2014,23700.00
10918,2026-02-14,Olivia,Mazda,BT-50,2014,27950.00
10919,2026-02-14,Olivia,Toyota,Hilux,2018,38000.00
10920,2026-02-14,Olivia,Tesla,Model 3,2014,39900.00
10921,2026-02-14,Nikau,Mazda,CX-5,2013,20700.00
10922,2026-02-14,Jess,Mazda,BT-50,2019,42000.00
10923,2026-02-14,Dan,Mitsubishi,Triton,2013,25050.00
10924,2026-02-14,Eve,Nissan,Navara,2022,43550.00
10925,2026-02-14,Chloe,Mazda,Axela,2018,14700.00
10926,2026-02-14,Ben,Kia,Sportage,2014,22550.00
10927,2026-02-14,Kiri,Hyundai,Tucson,2013,17750.00
10928,2026-02-14,Olivia,Toyota,RAV4,2022,44700.00
10929,2026-02-14,Olivia,Toyota,Aqua,2025,18100.00
10930,2026-02-14,Aroha,Toyota,RAV4,2022,40600.00
10931,2026-02-14,Olivia,Nissan,Leaf,2025,19500.00
10932,2026-02-14,Dan,Mazda,BT-50,2014,25350.00
10933,2026-02-14,Liam,Suzuki,Swift,2013,8250.00
10934,2026-02-14,Ioane,Mazda,Demio,2012,6150.00
10935,2026-02-15,Eve,Holden,Commodore,2023,25300.00
10936,2026-02-15,Eve,Nissan,Navara,2022,39200.00
10937,2026-02-15,Chloe,Toyota,Aqua,2018,12350.00
10938,2026-02-15,Dan,Holden,Commodore,2020,27150.00
10939,2026-02-15,Finn,Honda,Fit,2017,10000.00
10940,2026-02-15,Mere,Mazda,BT-50,2013,23600.00
10941,2026-02-15,Olivia,Mazda,BT-50,2022,45400.00
10942,2026-02-15,Olivia,Honda,Fit,2024,14050.00
10943,2026-02-15,Ben,Subaru,Forester,2018,33000.00
10944,2026-02-15,Nikau,Kia,Sportage,2015,24950.00
10945,2026-02-15,Jess,Nissan,Navara,2018,33300.00
10946,2026-02-15,Kiri,Kia,Sportage,2016,27600.00
10947,2026-02-15,Jess,Hyundai,Tucson,2014,25200.00
10948,2026-02-15,Finn,Kia,Sportage,2015,22450.00
10949,2026-02-15,Chloe,Volkswagen,Golf,2023,28650.00
10950,2026-02-15,Hana,Kia,Sportage,2018,23000.00
10951,2026-02-15,Hana,Mazda,CX-5,2020,34900.00
10952,2026-02-15,Jess,Toyota,Hilux,2016,32000.00
10953,2026-02-15,Olivia,Subaru,Outback,2024,40200.00
10954,2026-02-15,Nikau,Ford,Ranger,2016,41950.00
10955,2026-02-15,Ioane,Toyota,Aqua,2023,14000.00
10956,2026-02-15,Hana,Mazda,CX-5,2015,27600.00
10957,2026-02-15,Olivia,Subaru,Outback,2023,37300.00
10958,2026-02-15,Eve,Nissan,Tiida,2022,8350.00
10959,2026-02-16,Kiri,Mazda,BT-50,2017,39150.00
10960,2026-02-16,Kiri,Toyota,RAV4,2024,39900.00
10961,2026-02-16,Nikau,Mazda,CX-5,2014,24900.00
10962,2026-02-16,Liam,Toyota,Hilux,2023,54250.00
10963,2026-02-16,Finn,Subaru,Outback,2012,23250.00
10964,2026-02-16,Eve,Nissan,Navara,2022,50100.00
10965,2026-02-16,Olivia,Toyota,Aqua,2023,17350.00
10966,2026-02-16,Dan,Ford,Focus,2018,10150.00
10967,2026-02-16,Mere,Mitsubishi,Triton,2014,26200.00
10968,2026-02-16,Jess,Honda,CR-V,2019,26250.00
10969,2026-02-16,Jess,Honda,CR-V,2014,24000.00
10970,2026-02-16,Nikau,Toyota,Hilux,2013,32450.00
10971,2026-02-16,Finn,Honda,Fit,2017,10250.00
10972,2026-02-16,Eve,Toyota,Hilux,2015,31850.00
10973,2026-02-16,Mere,Toyota,Hilux,2020,40000.00
10974,2026-02-16,Olivia,Subaru,Forester,2016,29750.00
10975,2026-02-16,Dan,Ford,Ranger,2021,43800.00
10976,2026-02-16,Ioane,Mazda,BT-50,2020,36000.00
10977,2026-02-16,Ioane,Subaru,Outback,2024,38750.00
10978,2026-02-16,Dan,Toyota,Yaris,2016,12400.00
10979,2026-02-16,Ben,Volkswagen,Golf,2016,19450.00
10980,2026-02-16,Finn,Subaru,Outback,2013,23050.00
10981,2026-02-16,Eve,Honda,CR-V,2016,22800.00
10982,2026-02-16,Dan,Toyota,RAV4,2017,34900.00
10983,2026-02-16,Kiri,Volkswagen,Golf,2019,17700.00
10984,2026-02-16,Liam,Kia,Sportage,2013,19050.00
10985,2026-02-16,Eve,Mitsubishi,Outlander,2024,41000.00
10986,2026-02-16,Eve,Ford,Focus,2019,12550.00
10987,2026-02-16,Mere,Toyota,Aqua,2017,11800.00
10988,2026-02-16,Ioane,Honda,CR-V,2019,28800.00
10989,2026-02-16,Liam,Subaru,Outback,2020,38600.00
10990,2026-02-17,Olivia,Toyota,Yaris,2012,10650.00
10991,2026-02-17,Ioane,Ford,Ranger,2025,51350.00
10992,2026-02-17,Hana,Holden,Commodore,2017,19500.00
10993,2026-02-17,Chloe,Tesla,Model 3,2024,58550.00
10994,2026-02-17,Chloe,Tesla,Model 3,2024,71450.00
10995,2026-02-17,Chloe,Mazda,CX-5,2020,36650.00
10996,2026-02-17,Nikau,Ford,Focus,2013,7250.00
10997,2026-02-17,Jess,Toyota,RAV4,2016,28100.00
10998,2026-02-17,Kiri,Honda,Fit,2022,13100.00
10999,2026-02-17,Eve,Subaru,Forester,2017,24600.00
11000,2026-02-17,Hana,Kia,Sportage,2017,27100.00
11001,2026-02-17,Aroha,Toyota,Hilux,2015,32500.00
11002,2026-02-17,Jess,Hyundai,Tucson,2015,21600.00
11003,2026-02-17,Hana,Honda,Civic,2018,18200.00
11004,2026-02-17,Nikau,Mazda,CX-5,2013,23750.00
11005,2026-02-17,Olivia,Mitsubishi,Triton,2014,26300.00
11006,2026-02-17,Chloe,Volkswagen,Golf,2017,19550.00
11007,2026-02-17,Aroha,Toyota,Yaris,2025,22100.00
11008,2026-02-17,Nikau,Tesla,Model 3,2019,56500.00
11009,2026-02-17,Finn,Suzuki,Swift,2022,14400.00
11010,2026-02-17,Dan,Ford,Ranger,2019,50000.00
11011,2026-02-17,Ioane,Subaru,Outback,2024,40200.00
11012,2026-02-17,Chloe,Toyota,Aqua,2023,16200.00
11013,2026-02-17,Ioane,Mazda,CX-5,2014,23050.00
11014,2026-02-17,Dan,Mazda,CX-5,2023,32550.00
11015,2026-02-17,Eve,Honda,Civic,2012,12750.00
11016,2026-02-17,Mere,Honda,Fit,2025,14800.00
11017,2026-02-17,Nikau,Tesla,Model 3,2022,55000.00
11018,2026-02-17,Hana,Toyota,Aqua,2014,10700.00
11019,2026-02-17,Jess,Nissan,Leaf,2018,15850.00
11020,2026-02-18,Olivia,Ford,Ranger,2025,61050.00
11021,2026-02-18,Ben,Toyota,RAV4,2015,31650.00
11022,2026-02-18,Aroha,Tesla,Model 3,2023,53650.00
11023,2026-02-18,Jess,Mitsubishi,Outlander,2015,24050.00
11024,2026-02-18,Dan,Mazda,Demio,2017,8800.00
11025,2026-02-18,Mere,Toyota,Aqua,2018,13950.00
11026,2026-02-18,Finn,Ford,Focus,2012,7150.00
11027,2026-02-18,Nikau,Subaru,Outback,2025,40000.00
11028,2026-02-18,Kiri,Honda,Fit,2014,7900.00
11029,2026-02-18,Mere,Toyota,Hilux,2014,31750.00
11030,2026-02-18,Ioane,Nissan,Navara,2021,37300.00
11031,2026-02-18,Kiri,Honda,Fit,2022,13100.00
11032,2026-02-18,Mere,Honda,Fit,2018,11100.00
11033,2026-02-18,Dan,Ford,Ranger,2023,51700.00
11034,2026-02-18,Ben,Toyota,RAV4,2024,52050.00
11035,2026-02-18,Finn,Nissan,Leaf,2020,15750.00
11036,2026-02-18,Kiri,Mazda,Axela,2022,17650.00
11037,2026-02-18,Ioane,Volkswagen,Golf,2020,19750.00
11038,2026-02-18,Jess,Tesla,Model 3,2018,50550.00
11039,2026-02-18,Olivia,Hyundai,Tucson,2022,30300.00
11040,2026-02-19,Ioane,Nissan,Navara,2020,35600.00
11041,2026-02-19,Dan,Toyota,Hilux,2017,31650.00
11042,2026-02-19,Dan,Mazda,CX-5,2024,40800.00
11043,2026-02-19,Kiri,Mazda,Demio,2017,8250.00
11044,2026-02-19,Ben,Toyota,Hilux,2023,54550.00
11045,2026-02-19,Eve,Toyota,Aqua,2015,11450.00
11046,2026-02-19,Olivia,Mazda,BT-50,2012,21850.00
11047,2026-02-19,Kiri,Kia,Sportage,2023,37900.00
11048,2026-02-19,Aroha,Volkswagen,Golf,2022,27350.00
11049,2026-02-19,Mere,Mazda,BT-50,2013,23250.00
11050,2026-02-19,Liam,Mazda,CX-5,2022,38000.00
11051,2026-02-19,Olivia,Subaru,Outback,2018,29150.00
11052,2026-02-19,Nikau,Suzuki,Swift,2021,15250.00
11053,2026-02-19,Jess,Kia,Sportage,2018,30800.00
11054,2026-02-19,Nikau,Hyundai,Tucson,2012,22100.00
11055,2026-02-19,Mere,Mazda,Demio,2014,6700.00
11056,2026-02-19,Jess,Volkswagen,Golf,2017,20450.00
11057,2026-02-19,Jess,Subaru,Forester,2023,34150.00
11058,2026-02-19,Jess,Honda,Civic,2012,13150.00
11059,2026-02-19,Dan,Ford,Ranger,2025,51900.00
11060,2026-02-19,Kiri,Subaru,Outback,2015,27400.00
11061,2026-02-19,Jess,Ford,Focus,2019,12700.00
11062,2026-02-19,Hana,Tesla,Model 3,2015,44600.00
11063,2026-02-19,Mere,Holden,Commodore,2016,21600.00
11064,2026-02-19,Dan,Volkswagen,Golf,2016,15650.00
11065,2026-02-19,Olivia,Mitsubishi,Triton,2018,34350.00
11066,2026-02-19,Eve,Kia,Sportage,2014,19150.00
11067,2026-02-19,Kiri,Mazda,CX-5,2013,20150.00
11068,2026-02-19,Hana,Mazda,Demio,2023,11400.00
11069,2026-02-20,Liam,Mazda,BT-50,2012,21250.00
11070,2026-02-20,Ioane,Kia,Sportage,2025,33750.00
11071,2026-02-20,Mere,Toyota,Hilux,2012,24350.00
11072,2026-02-20,Ben,Honda,CR-V,2021,34450.00
11073,2026-02-20,Nikau,Mazda,BT-50,2023,52250.00
11074,2026-02-20,Dan,Toyota,Corolla,2012,11000.00
11075,2026-02-20,Kiri,Toyota,Yaris,2016,14150.00
11076,2026-02-20,Jess,Honda,CR-V,2025,35800.00
11077,2026-02-20,Jess,Subaru,Outback,2017,34550.00
11078,2026-02-20,Mere,Kia,Sportage,2021,35000.00
11079,2026-02-20,Ioane,Hyundai,Tucson,2017,28000.00
11080,2026-02-20,Chloe,Toyota,Yaris,2022,17850.00
11081,2026-02-20,Dan,Toyota,Yaris,2016,10850.00
11082,2026-02-20,Nikau,Subaru,Outback,2015,28550.00
11083,2026-02-20,Ben,Ford,Ranger,2021,54600.00
11084,2026-02-20,Olivia,Toyota,Aqua,2020,14850.00
11085,2026-02-20,Ioane,Toyota,RAV4,2024,40000.00
11086,2026-02-20,Jess,Suzuki,Swift,2016,11400.00
11087,2026-02-20,Finn,Honda,Civic,2019,16150.00
11088,2026-02-20,Mere,Tesla,Model 3,2015,39400.00
11089,2026-02-20,Eve,Mazda,BT-50,2025,52350.00
11090,2026-02-20,Mere,Kia,Sportage,2022,29550.00
11091,2026-02-20,Hana,Toyota,Aqua,2012,7300.00
11092,2026-02-20,Chloe,Volkswagen,Golf,2012,12250.00
11093,2026-02-21,Hana,Mitsubishi,Triton,2019,33550.00
11094,2026-02-21,Jess,Toyota,RAV4,2017,32150.00
11095,2026-02-21,Olivia,Mitsubishi,Triton,2017,30750.00
11096,2026-02-21,Eve,Mitsubishi,Triton,2018,34250.00
11097,2026-02-21,Jess,Toyota,Aqua,2012,8850.00
11098,2026-02-21,Nikau,Kia,Sportage,2015,22150.00
11099,2026-02-21,Dan,Nissan,Leaf,2020,18900.00
11100,2026-02-21,Olivia,Mazda,CX-5,2024,40750.00
11101,2026-02-21,Ben,Ford,Ranger,2013,35400.00
11102,2026-02-21,Ioane,Mitsubishi,Triton,2015,27600.00
11103,2026-02-21,Kiri,Ford,Ranger,2023,46500.00
11104,2026-02-21,Hana,Toyota,Aqua,2015,11650.00
11105,2026-02-21,Olivia,Honda,CR-V,2015,24800.00
11106,2026-02-21,Liam,Subaru,Outback,2013,21650.00
11107,2026-02-21,Mere,Nissan,Leaf,2016,12150.00
11108,2026-02-21,Liam,Hyundai,Tucson,2019,27800.00
11109,2026-02-21,Aroha,Kia,Sportage,2015,19850.00
11110,2026-02-21,Jess,Nissan,Tiida,2015,5750.00
11111,2026-02-21,Hana,Tesla,Model 3,2021,55800.00
11112,2026-02-21,Olivia,Mazda,Axela,2020,12800.00
11113,2026-02-21,Ioane,Nissan,Leaf,2014,11950.00
11114,2026-02-21,Aroha,Mazda,CX-5,2014,20300.00
11115,2026-02-21,Hana,Honda,CR-V,2022,30600.00
11116,2026-02-21,Dan,Kia,Sportage,2015,21900.00
11117,2026-02-21,Mere,Toyota,Yaris,2021,15100.00
11118,2026-02-21,Hana,Ford,Ranger,2020,42350.00
11119,2026-02-21,Ioane,Mazda,CX-5,2017,30000.00
11120,2026-02-21,Kiri,Volkswagen,Golf,2023,25200.00
11121,2026-02-21,Aroha,Volkswagen,Golf,2020,19700.00
11122,2026-02-21,Dan,Mitsubishi,Triton,2015,26700.00
11123,2026-02-21,Ben,Mazda,BT-50,2017,30800.00
11124,2026-02-21,Chloe,Hyundai,Tucson,2024,32450.00
11125,2026-02-21,Finn,Subaru,Outback,2015,29700.00
11126,2026-02-22,Nikau,Honda,Civic,2016,15300.00
11127,2026-02-22,Chloe,Hyundai,Tucson,2012,16950.00
11128,2026-02-22,Nikau,Subaru,Forester,2015,23850.00
11129,2026-02-22,Jess,Tesla,Model 3,2020,46350.00
11130,2026-02-22,Finn,Toyota,Hilux,2025,50300.00
11131,2026-02-22,Hana,Mitsubishi,Triton,2023,41700.00
11132,2026-02-22,Finn,Mazda,Axela,2013,9850.00
11133,2026-02-22,Hana,Mazda,CX-5,2014,26000.00
11134,2026-02-22,Mere,Subaru,Forester,2019,35350.00
11135,2026-02-22,Ioane,Toyota,Aqua,2019,14450.00
11136,2026-02-22,Finn,Toyota,RAV4,2022,42550.00
11137,2026-02-22,Kiri,Toyota,RAV4,2012,23000.00
11138,2026-02-22,Kiri,Mazda,CX-5,2016,23950.00
11139,2026-02-22,Chloe,Tesla,Model 3,2022,66650.00
11140,2026-02-22,Dan,Nissan,Leaf,2014,12350.00
11141,2026-02-22,Ben,Toyota,Yaris,2012,9100.00
11142,2026-02-22,Ioane,Subaru,Outback,2020,36950.00
11143,2026-02-22,Eve,Subaru,Outback,2016,30200.00
11144,2026-02-22,Ioane,Tesla,Model 3,2013,30600.00
11145,2026-02-22,Mere,Toyota,Yaris,2025,17100.00
11146,2026-02-22,Liam,Subaru,Outback,2015,23450.00
11147,2026-02-22,Hana,Ford,Focus,2021,13350.00
11148,2026-02-22,Eve,Toyota,RAV4,2020,38000.00
11149,2026-02-22,Finn,Nissan,Navara,2016,29550.00
11150,2026-02-22,Chloe,Toyota,Aqua,2015,10000.00
11151,2026-02-22,Kiri,Holden,Commodore,2012,14100.00
11152,2026-02-22,Hana,Nissan,Leaf,2014,11100.00
11153,2026-02-22,Olivia,Tesla,Model 3,2015,40050.00
11154,2026-02-22,Hana,Mazda,BT-50,2014,30600.00
11155,2026-02-22,Liam,Volkswagen,Golf,2018,17100.00
11156,2026-02-22,Kiri,Toyota,Aqua,2014,8750.00
11157,2026-02-23,Olivia,Kia,Sportage,2016,22650.00
11158,2026-02-23,Ben,Toyota,Corolla,2012,13800.00
11159,2026-02-23,Finn,Hyundai,Tucson,2014,23100.00
11160,2026-02-23,Finn,Toyota,Yaris,2017,13650.00
11161,2026-02-23,Ioane,Mazda,BT-50,2014,29950.00
11162,2026-02-23,Nikau,Nissan,Tiida,2021,9800.00
11163,2026-02-23,Jess,Kia,Sportage,2025,38350.00
11164,2026-02-23,Liam,Subaru,Outback,2020,41050.00
11165,2026-02-23,Olivia,Toyota,Aqua,2017,11300.00
11166,2026-02-23,Ioane,Nissan,Leaf,2021,19550.00
11167,2026-02-23,Nikau,Volkswagen,Golf,2019,18050.00
11168,2026-02-23,Ioane,Toyota,RAV4,2013,23500.00
11169,2026-02-23,Chloe,Mitsubishi,Triton,2013,22100.00
11170,2026-02-23,Hana,Suzuki,Swift,2013,8900.00
11171,2026-02-23,Ioane,Mazda,CX-5,2017,29150.00
11172,2026-02-23,Ioane,Tesla,Model 3,2016,46350.00
11173,2026-02-23,Kiri,Nissan,Navara,2019,38600.00
11174,2026-02-23,Kiri,Toyota,Yaris,2023,17700.00
11175,2026-02-23,Jess,Ford,Ranger,2022,54500.00
11176,2026-02-24,Olivia,Tesla,Model 3,2020,46200.00
11177,2026-02-24,Ioane,Honda,CR-V,2018,29700.00
11178,2026-02-24,Dan,Honda,CR-V,2022,36150.00
11179,2026-02-24,Hana,Mitsubishi,Triton,2019,36100.00
11180,2026-02-24,Nikau,Kia,Sportage,2020,25900.00
11181,2026-02-24,Mere,Toyota,RAV4,2017,36450.00
11182,2026-02-24,Eve,Suzuki,Swift,2022,14100.00
11183,2026-02-24,Ioane,Honda,CR-V,2016,27750.00
11184,2026-02-24,Finn,Ford,Ranger,2017,46200.00
11185,2026-02-24,Hana,Subaru,Outback,2021,32750.00
11186,2026-02-24,Olivia,Mazda,CX-5,2014,24850.00
11187,2026-02-24,Liam,Nissan,Tiida,2015,7150.00
11188,2026-02-24,Ioane,Nissan,Navara,2024,45500.00
11189,2026-02-24,Eve,Ford,Focus,2022,13750.00
11190,2026-02-24,Hana,Hyundai,Tucson,2019,34600.00
11191,2026-02-24,Olivia,Nissan,Navara,2012,21800.00
11192,2026-02-24,Mere,Tesla,Model 3,2021,53800.00
11193,2026-02-24,Jess,Mazda,BT-50,2014,31500.00
11194,2026-02-24,Eve,Mazda,CX-5,2022,35050.00
11195,2026-02-24,Mere,Mitsubishi,Triton,2017,36400.00
11196,2026-02-24,Hana,Ford,Ranger,2024,49850.00
11197,2026-02-24,Ioane,Mazda,Demio,2015,7450.00
11198,2026-02-24,Ioane,Kia,Sportage,2015,23900.00
11199,2026-02-24,Eve,Mitsubishi,Triton,2016,29850.00
11200,2026-02-25,Mere,Mitsubishi,Triton,2024,50100.00
11201,2026-02-25,Dan,Kia,Sportage,2015,19350.00
11202,2026-02-25,Liam,Honda,Fit,2017,9850.00
11203,2026-02-25,Nikau,Mitsubishi,Triton,2018,34250.00
11204,2026-02-25,Finn,Mazda,CX-5,2017,25500.00
11205,2026-02-25,Olivia,Ford,Ranger,2024,50200.00
11206,2026-02-25,Olivia,Volkswagen,Golf,2018,18000.00
11207,2026-02-25,Kiri,Toyota,Yaris,2025,18450.00
11208,2026-02-25,Chloe,Tesla,Model 3,2021,55750.00
11209,2026-02-25,Eve,Hyundai,Tucson,2019,26000.00
11210,2026-02-25,Chloe,Hyundai,Tucson,2020,31700.00
11211,2026-02-25,Mere,Toyota,Aqua,2015,9450.00
11212,2026-02-25,Nikau,Holden,Commodore,2012,15900.00
11213,2026-02-25,Aroha,Mazda,BT-50,2014,31050.00
11214,2026-02-25,Kiri,Mazda,CX-5,2025,40200.00
11215,2026-02-25,Nikau,Tesla,Model 3,2022,57600.00
11216,2026-02-25,Olivia,Honda,Civic,2013,12650.00
11217,2026-02-25,Hana,Nissan,Navara,2021,36850.00
11218,2026-02-25,Chloe,Ford,Ranger,2015,34100.00
11219,2026-02-25,Chloe,Mazda,BT-50,2012,25850.00
11220,2026-02-25,Olivia,Toyota,RAV4,2019,40300.00
11221,2026-02-25,Liam,Mazda,BT-50,2017,33550.00
11222,2026-02-25,Liam,Toyota,Hilux,2013,31700.00
11223,2026-02-25,Kiri,Honda,Fit,2017,10300.00
11224,2026-02-26,Kiri,Honda,CR-V,2012,20500.00
11225,2026-02-26,Kiri,Mazda,Demio,2020,11300.00
11226,2026-02-26,Hana,Toyota,RAV4,2020,37700.00
11227,2026-02-26,Chloe,Kia,Sportage,2025,38950.00
11228,2026-02-26,Hana,Nissan,Navara,2015,32650.00
11229,2026-02-26,Mere,Holden,Commodore,2017,20000.00
11230,2026-02-26,Finn,Toyota,RAV4,2023,46450.00
11231,2026-02-26,Chloe,Mazda,BT-50,2012,27250.00
11232,2026-02-26,Eve,Hyundai,Tucson,2018,28850.00
11233,2026-02-26,Jess,Toyota,Yaris,2016,13950.00
11234,2026-02-26,Finn,Mazda,CX-5,2012,22350.00
11235,2026-02-26,Kiri,Subaru,Outback,2021,36950.00
11236,2026-02-26,Mere,Mazda,BT-50,2023,40550.00
11237,2026-02-26,Aroha,Volkswagen,Golf,2022,21950.00
11238,2026-02-26,Jess,Honda,CR-V,2012,16800.00
11239,2026-02-26,Eve,Mitsubishi,Triton,2015,23950.00
11240,2026-02-26,Kiri,Suzuki,Swift,2016,13100.00
11241,2026-02-26,Finn,Mitsubishi,Triton,2024,42050.00
11242,2026-02-26,Finn,Ford,Focus,2025,15300.00
11243,2026-02-27,Mere,Toyota,Yaris,2023,19500.00
11244,2026-02-27,Jess,Subaru,Outback,2019,33350.00
11245,2026-02-27,Liam,Mazda,BT-50,2016,33050.00
11246,2026-02-27,Jess,Toyota,Aqua,2024,15150.00
11247,2026-02-27,Ioane,Nissan,Tiida,2024,10000.00
11248,2026-02-27,Kiri,Toyota,Hilux,2024,50650.00
11249,2026-02-27,Hana,Honda,Fit,2013,6950.00
11250,2026-02-27,Olivia,Mitsubishi,Triton,2016,27300.00
11251,2026-02-27,Eve,Nissan,Navara,2014,30150.00
11252,2026-02-27,Mere,Mazda,Demio,2018,9550.00
11253,2026-02-27,Jess,Ford,Ranger,2013,27650.00
11254,2026-02-27,Jess,Toyota,Aqua,2019,13900.00
11255,2026-02-27,Liam,Kia,Sportage,2016,27400.00
11256,2026-02-27,Mere,Toyota,Yaris,2015,10300.00
11257,2026-02-27,Olivia,Kia,Sportage,2023,35850.00
11258,2026-02-27,Ben,Nissan,Leaf,2014,11800.00
11259,2026-02-27,Ioane,Volkswagen,Golf,2023,27100.00
11260,2026-02-27,Hana,Holden,Commodore,2023,24350.00
11261,2026-02-27,Finn,Mazda,BT-50,2015,32950.00
11262,2026-02-27,Mere,Mazda,CX-5,2015,22700.00
11263,2026-02-27,Mere,Toyota,Hilux,2015,36400.00
11264,2026-02-27,Chloe,Tesla,Model 3,2022,54950.00
11265,2026-02-27,Liam,Mitsubishi,Outlander,2025,42650.00
11266,2026-02-27,Olivia,Toyota,Aqua,2023,14550.00
11267,2026-02-27,Dan,Honda,CR-V,2025,37600.00
11268,2026-02-27,Liam,Ford,Ranger,2021,49300.00
11269,2026-02-28,Mere,Kia,Sportage,2019,27050.00
11270,2026-02-28,Hana,Nissan,Navara,2012,22300.00
11271,2026-02-28,Finn,Nissan,Navara,2016,33150.00
11272,2026-02-28,Ioane,Mazda,Demio,2013,6650.00
11273,2026-02-28,Aroha,Mazda,Demio,2018,9450.00
11274,2026-02-28,Aroha,Tesla,Model 3,2024,59800.00
11275,2026-02-28,Chloe,Toyota,Yaris,2023,20050.00
11276,2026-02-28,Jess,Honda,Fit,2019,12250.00
11277,2026-02-28,Finn,Toyota,Aqua,2012,7500.00
11278,2026-02-28,Kiri,Toyota,Hilux,2018,39800.00
11279,2026-02-28,Liam,Mazda,Axela,2015,11500.00
11280,2026-02-28,Chloe,Mazda,CX-5,2015,24800.00
11281,2026-02-28,Finn,Honda,Fit,2015,7700.00
11282,2026-02-28,Kiri,Mazda,CX-5,2025,44950.00
11283,2026-02-28,Nikau,Hyundai,Tucson,2012,17400.00
11284,2026-02-28,Dan,Toyota,Hilux,2019,38150.00
11285,2026-02-28,Nikau,Suzuki,Swift,2018,14150.00
11286,2026-02-28,Finn,Hyundai,Tucson,2024,39650.00
11287,2026-02-28,Chloe,Toyota,RAV4,2022,35850.00
11288,2026-02-28,Hana,Honda,Civic,2016,17550.00
11289,2026-02-28,Olivia,Toyota,RAV4,2025,49900.00
11290,2026-02-28,Kiri,Mazda,BT-50,2019,37550.00
11291,2026-02-28,Kiri,Hyundai,Tucson,2025,42650.00
11292,2026-02-28,Olivia,Toyota,RAV4,2013,21950.00
11293,2026-03-01,Eve,Mazda,Demio,2022,10100.00
11294,2026-03-01,Ioane,Toyota,Hilux,2025,50700.00
11295,2026-03-01,Dan,Mazda,CX-5,2017,24950.00
11296,2026-03-01,Hana,Toyota,Yaris,2014,10800.00
11297,2026-03-01,Chloe,Nissan,Navara,2024,47300.00
11298,2026-03-01,Olivia,Subaru,Forester,2018,30450.00
11299,2026-03-01,Mere,Suzuki,Swift,2019,13350.00
11300,2026-03-01,Ioane,Honda,CR-V,2015,24100.00
11301,2026-03-01,Ben,Toyota,Yaris,2024,19300.00
11302,2026-03-01,Mere,Subaru,Outback,2019,36750.00
11303,2026-03-01,Liam,Mitsubishi,Outlander,2012,21700.00
11304,2026-03-01,Finn,Toyota,Aqua,2022,13800.00
11305,2026-03-01,Kiri,Mazda,Demio,2016,8800.00
11306,2026-03-01,Ioane,Mazda,Demio,2022,10850.00
11307,2026-03-01,Dan,Honda,CR-V,2018,25950.00
11308,2026-03-01,Nikau,Mazda,BT-50,2024,47200.00
11309,2026-03-01,Aroha,Ford,Focus,2017,11650.00
11310,2026-03-01,Eve,Mitsubishi,Outlander,2015,25300.00
11311,2026-03-01,Olivia,Mazda,CX-5,2017,30700.00
11312,2026-03-01,Mere,Ford,Ranger,2021,51100.00
11313,2026-03-01,Hana,Kia,Sportage,2012,19100.00
11314,2026-03-01,Mere,Kia,Sportage,2013,18050.00
11315,2026-03-01,Aroha,Toyota,Hilux,2023,44550.00
11316,2026-03-02,Olivia,Mazda,CX-5,2018,26650.00
11317,2026-03-02,Hana,Mazda,Demio,2014,7200.00
11318,2026-03-02,Dan,Mitsubishi,Triton,2016,27700.00
11319,2026-03-02,Mere,Ford,Ranger,2016,39700.00
11320,2026-03-02,Kiri,Mazda,CX-5,2017,27100.00
11321,2026-03-02,Dan,Mitsubishi,Triton,2013,24550.00
11322,2026-03-02,Hana,Nissan,Leaf,2019,15800.00
11323,2026-03-02,Eve,Toyota,Aqua,2022,16550.00
11324,2026-03-02,Kiri,Toyota,Corolla,2019,17600.00
11325,2026-03-02,Nikau,Toyota,Aqua,2024,16450.00
11326,2026-03-02,Finn,Mitsubishi,Triton,2022,41100.00
11327,2026-03-02,Liam,Ford,Focus,2023,16250.00
11328,2026-03-02,Nikau,Toyota,RAV4,2025,51650.00
11329,2026-03-02,Aroha,Kia,Sportage,2012,18250.00
11330,2026-03-02,Liam,Toyota,Hilux,2013,27150.00
11331,2026-03-02,Chloe,Ford,Focus,2012,8500.00
11332,2026-03-02,Finn,Mazda,BT-50,2022,51350.00
11333,2026-03-02,Jess,Mitsubishi,Triton,2012,20800.00
11334,2026-03-02,Ioane,Mazda,Demio,2014,6750.00
11335,2026-03-02,Mere,Mazda,Axela,2024,18750.00
11336,2026-03-02,Ben,Toyota,Yaris,2012,8700.00
11337,2026-03-02,Nikau,Suzuki,Swift,2016,11050.00
11338,2026-03-02,Finn,Subaru,Outback,2023,41600.00
11339,2026-03-02,Hana,Tesla,Model 3,2019,42700.00
11340,2026-03-03,Chloe,Kia,Sportage,2022,34650.00
11341,2026-03-03,Eve,Holden,Commodore,2024,32850.00
11342,2026-03-03,Ioane,Mazda,CX-5,2024,40400.00
11343,2026-03-03,Jess,Toyota,Aqua,2016,11100.00
11344,2026-03-03,Ben,Kia,Sportage,2015,22400.00
11345,2026-03-03,Dan,Nissan,Navara,2024,52800.00
11346,2026-03-03,Mere,Toyota,Yaris,2025,17400.00
11347,2026-03-03,Olivia,Toyota,Aqua,2017,13100.00
11348,2026-03-03,Hana,Mazda,Demio,2020,9000.00
11349,2026-03-03,Ioane,Mazda,BT-50,2013,23650.00
11350,2026-03-03,Mere,Hyundai,Tucson,2014,21000.00
11351,2026-03-03,Kiri,Mazda,CX-5,2016,22700.00
11352,2026-03-03,Hana,Mazda,Demio,2025,13650.00
11353,2026-03-03,Hana,Subaru,Outback,2016,33450.00
11354,2026-03-03,Hana,Mazda,CX-5,2023,38800.00
11355,2026-03-03,Kiri,Toyota,Aqua,2021,15300.00
11356,2026-03-03,Liam,Kia,Sportage,2019,32600.00
11357,2026-03-03,Olivia,Tesla,Model 3,2025,57100.00
11358,2026-03-03,Mere,Ford,Ranger,2012,32550.00
11359,2026-03-03,Dan,Honda,Fit,2021,10800.00
11360,2026-03-03,Liam,Honda,CR-V,2018,26550.00
11361,2026-03-03,Ioane,Tesla,Model 3,2014,37700.00
11362,2026-03-03,Ben,Tesla,Model 3,2025,58600.00
11363,2026-03-03,Liam,Honda,Civic,2016,14950.00
11364,2026-03-03,Hana,Toyota,Corolla,2021,23300.00
11365,2026-03-03,Hana,Honda,Fit,2017,10450.00
11366,2026-03-03,Mere,Mazda,BT-50,2012,28200.00
11367,2026-03-03,Hana,Ford,Focus,2025,13600.00
11368,2026-03-03,Kiri,Honda,CR-V,2024,35750.00
11369,2026-03-03,Nikau,Mitsubishi,Triton,2016,30500.00
11370,2026-03-03,Hana,Mitsubishi,Triton,2023,46600.00
11371,2026-03-04,Olivia,Tesla,Model 3,2024,68750.00
11372,2026-03-04,Olivia,Kia,Sportage,2015,20750.00
11373,2026-03-04,Kiri,Toyota,Hilux,2012,24250.00
11374,2026-03-04,Eve,Toyota,Yaris,2019,15900.00
11375,2026-03-04,Dan,Tesla,Model 3,2025,70200.00
11376,2026-03-04,Liam,Honda,Civic,2025,26650.00
11377,2026-03-04,Dan,Mazda,Axela,2017,13200.00
11378,2026-03-04,Liam,Toyota,Aqua,2023,13500.00
11379,2026-03-04,Aroha,Toyota,Aqua,2024,14350.00
11380,2026-03-04,Liam,Honda,CR-V,2016,27950.00
11381,2026-03-04,Mere,Toyota,RAV4,2018,35600.00
11382,2026-03-04,Finn,Toyota,Yaris,2018,15800.00
11383,2026-03-04,Chloe,Mazda,Demio,2015,6850.00
11384,2026-03-04,Olivia,Toyota,Aqua,2020,12850.00
11385,2026-03-04,Chloe,Volkswagen,Golf,2014,14000.00
11386,2026-03-04,Nikau,Honda,Fit,2017,8650.00
11387,2026-03-04,Liam,Toyota,RAV4,2012,20900.00
11388,2026-03-04,Ioane,Subaru,Outback,2018,33550.00
11389,2026-03-04,Ioane,Toyota,Yaris,2014,9850.00
11390,2026-03-04,Jess,Toyota,RAV4,2017,37350.00
11391,2026-03-04,Olivia,Ford,Ranger,2015,31150.00
11392,2026-03-04,Liam,Toyota,Yaris,2023,18300.00
11393,2026-03-04,Chloe,Toyota,Hilux,2012,30350.00
11394,2026-03-04,Finn,Ford,Focus,2024,16800.00
11395,2026-03-04,Jess,Tesla,Model 3,2014,42700.00
11396,2026-03-05,Chloe,Volkswagen,Golf,2021,25150.00
11397,2026-03-05,Mere,Honda,Fit,2019,11950.00
11398,2026-03-05,Liam,Subaru,Outback,2021,40900.00
11399,2026-03-05,Liam,Mazda,Demio,2014,6900.00
11400,2026-03-05,Liam,Mitsubishi,Outlander,2018,28800.00
11401,2026-03-05,Mere,Mazda,Axela,2017,12950.00
11402,2026-03-05,Olivia,Mazda,CX-5,2017,25100.00
11403,2026-03-05,Jess,Toyota,RAV4,2015,32550.00
11404,2026-03-05,Nikau,Mitsubishi,Triton,2020,36150.00
11405,2026-03-05,Chloe,Mitsubishi,Triton,2020,34600.00
11406,2026-03-05,Mere,Hyundai,Tucson,2018,27000.00
11407,2026-03-05,Ioane,Holden,Commodore,2019,24400.00
11408,2026-03-05,Eve,Mitsubishi,Triton,2015,27000.00
11409,2026-03-05,Jess,Mazda,Demio,2015,7250.00
11410,2026-03-05,Eve,Nissan,Navara,2019,37700.00
11411,2026-03-05,Mere,Kia,Sportage,2024,36500.00
11412,2026-03-05,Kiri,Honda,CR-V,2013,22200.00
11413,2026-03-05,Hana,Mazda,CX-5,2017,31200.00
11414,2026-03-05,Ben,Ford,Focus,2022,13000.00
11415,2026-03-05,Dan,Suzuki,Swift,2025,19350.00
11416,2026-03-05,Dan,Holden,Commodore,2022,27650.00
11417,2026-03-06,Eve,Nissan,Navara,2017,34900.00
11418,2026-03-06,Eve,Mazda,Axela,2023,18000.00
11419,2026-03-06,Ioane,Ford,Focus,2015,8600.00
11420,2026-03-06,Aroha,Nissan,Navara,2025,46900.00
11421,2026-03-06,Nikau,Ford,Focus,2013,7350.00
11422,2026-03-06,Eve,Mazda,CX-5,2014,26400.00
11423,2026-03-06,Ioane,Mazda,CX-5,2022,38750.00
11424,2026-03-06,Ioane,Toyota,RAV4,2017,36500.00
11425,2026-03-06,Liam,Ford,Focus,2012,8100.00
11426,2026-03-06,Kiri,Honda,Civic,2021,18150.00
11427,2026-03-06,Jess,Holden,Commodore,2023,25350.00
11428,2026-03-06,Hana,Kia,Sportage,2018,25750.00
11429,2026-03-06,Finn,Ford,Focus,2012,8550.00
11430,2026-03-06,Eve,Toyota,Hilux,2012,29950.00
11431,2026-03-06,Aroha,Nissan,Navara,2017,34350.00
11432,2026-03-07,Liam,Volkswagen,Golf,2014,16650.00
11433,2026-03-07,Mere,Mitsubishi,Triton,2024,47950.00
11434,2026-03-07,Chloe,Toyota,Yaris,2018,12500.00
11435,2026-03-07,Hana,Ford,Ranger,2019,41150.00
11436,2026-03-07,Mere,Toyota,RAV4,2017,30300.00
11437,2026-03-07,Olivia,Toyota,Hilux,2022,44050.00
11438,2026-03-07,Finn,Toyota,Yaris,2019,14850.00
11439,2026-03-07,Olivia,Toyota,Aqua,2018,12500.00
11440,2026-03-07,Mere,Mitsubishi,Triton,2018,37200.00
11441,2026-03-07,Liam,Tesla,Model 3,2020,46050.00
11442,2026-03-07,Kiri,Mazda,CX-5,2015,23400.00
11443,2026-03-07,Mere,Honda,CR-V,2021,36800.00
11444,2026-03-07,Hana,Mazda,Axela,2018,12700.00
11445,2026-03-07,Jess,Tesla,Model 3,2018,53400.00
11446,2026-03-07,Mere,Mazda,CX-5,2025,34950.00
11447,2026-03-07,Eve,Honda,Civic,2017,13900.00
11448,2026-03-07,Mere,Tesla,Model 3,2025,67850.00
11449,2026-03-07,Eve,Toyota,Hilux,2024,47450.00
11450,2026-03-07,Liam,Holden,Commodore,2019,21850.00
11451,2026-03-07,Finn,Toyota,Yaris,2023,18900.00
11452,2026-03-07,Jess,Subaru,Outback,2015,28550.00
11453,2026-03-07,Chloe,Volkswagen,Golf,2014,16400.00
11454,2026-03-07,Chloe,Honda,Fit,2024,16150.00
11455,2026-03-07,Finn,Toyota,RAV4,2013,24450.00
11456,2026-03-07,Nikau,Mitsubishi,Triton,2023,41300.00
11457,2026-03-08,Ben,Nissan,Tiida,2025,9400.00
11458,2026-03-08,Mere,Hyundai,Tucson,2021,38000.00
11459,2026-03-08,Finn,Mitsubishi,Triton,2012,19500.00
11460,2026-03-08,Kiri,Kia,Sportage,2016,26150.00
11461,2026-03-08,Finn,Mitsubishi,Triton,2021,40200.00
11462,2026-03-08,Ioane,Toyota,RAV4,2024,49050.00
11463,2026-03-08,Finn,Mazda,Demio,2025,12550.00
11464,2026-03-08,Olivia,Mitsubishi,Triton,2012,19450.00
11465,2026-03-08,Ben,Toyota,Aqua,2014,10300.00
11466,2026-03-08,Dan,Nissan,Navara,2023,40150.00
11467,2026-03-08,Kiri,Kia,Sportage,2013,18900.00
11468,2026-03-08,Finn,Ford,Ranger,2013,34200.00
11469,2026-03-08,Ben,Nissan,Navara,2014,29450.00
11470,2026-03-08,Kiri,Toyota,Yaris,2021,15100.00
11471,2026-03-08,Eve,Kia,Sportage,2016,23850.00
11472,2026-03-08,Finn,Nissan,Navara,2022,39500.00
11473,2026-03-08,Chloe,Subaru,Outback,2019,31550.00
11474,2026-03-08,Dan,Volkswagen,Golf,2023,25100.00
11475,2026-03-08,Kiri,Tesla,Model 3,2016,36300.00
11476,2026-03-08,Chloe,Toyota,RAV4,2013,21800.00
11477,2026-03-08,Liam,Suzuki,Swift,2018,11650.00
11478,2026-03-08,Kiri,Subaru,Outback,2012,24100.00
11479,2026-03-08,Chloe,Kia,Sportage,2023,31000.00
11480,2026-03-09,Eve,Toyota,RAV4,2018,39150.00
11481,2026-03-09,Finn,Ford,Focus,2016,11300.00
11482,2026-03-09,Nikau,Mitsubishi,Outlander,2012,18900.00
11483,2026-03-09,Hana,Toyota,Yaris,2024,18400.00
11484,2026-03-09,Liam,Subaru,Outback,2018,34600.00
11485,2026-03-09,Olivia,Toyota,Corolla,2012,11800.00
11486,2026-03-09,Nikau,Volkswagen,Golf,2025,29450.00
11487,2026-03-09,Jess,Hyundai,Tucson,2016,22650.00
11488,2026-03-09,Chloe,Toyota,RAV4,2019,37400.00
11489,2026-03-09,Mere,Mazda,BT-50,2019,34500.00
11490,2026-03-09,Finn,Mazda,CX-5,2021,30150.00
11491,2026-03-09,Jess,Mazda,Axela,2015,11700.00
11492,2026-03-09,Mere,Suzuki,Swift,2021,16400.00
11493,2026-03-09,Jess,Mitsubishi,Triton,2012,21950.00
11494,2026-03-09,Kiri,Toyota,Yaris,2025,18950.00
11495,2026-03-09,Kiri,Mazda,BT-50,2021,37300.00
11496,2026-03-09,Kiri,Nissan,Navara,2015,29150.00
11497,2026-03-09,Ben,Mazda,CX-5,2018,27000.00
11498,2026-03-09,Mere,Toyota,Aqua,2014,10950.00
11499,2026-03-09,Mere,Mazda,CX-5,2012,21550.00
11500,2026-03-09,Finn,Volkswagen,Golf,2013,14450.00
11501,2026-02-28,Chloe,Mazda,Demio,2018,eleven thousand
11501,2026-03-09,Liam,Tesla,Model 3,2017,45350.00
11502,2026-03-09,Ioane,Mitsubishi,Triton,2017,30750.00
11503,2026-03-09,Aroha,Toyota,Aqua,2023,17050.00
11504,2026-03-10,Eve,Toyota,RAV4,2023,41400.00
11505,2026-03-10,Mere,Toyota,Yaris,2017,13050.00
11506,2026-03-10,Eve,Kia,Sportage,2016,24800.00
11507,2026-03-10,Finn,Kia,Sportage,2019,25000.00
11508,2026-03-10,Dan,Toyota,Yaris,2025,16500.00
11509,2026-03-10,Mere,Mitsubishi,Triton,2014,25750.00
11510,2026-03-10,Chloe,Subaru,Outback,2015,27350.00
11511,2026-03-10,Chloe,Toyota,Hilux,2014,26750.00
11512,2026-03-10,Kiri,Mazda,CX-5,2016,23050.00
11513,2026-03-10,Olivia,Volkswagen,Golf,2022,21800.00
11514,2026-03-10,Liam,Suzuki,Swift,2015,11500.00
11515,2026-03-10,Liam,Holden,Commodore,2019,23700.00
11516,2026-03-10,Jess,Nissan,Leaf,2024,22450.00
11517,2026-03-10,Aroha,Volkswagen,Golf,2023,27500.00
11518,2026-03-10,Ioane,Holden,Commodore,2022,28000.00
11519,2026-03-10,Dan,Toyota,Corolla,2012,13450.00
11520,2026-03-10,Kiri,Kia,Sportage,2014,19650.00
11521,2026-03-10,Eve,Ford,Focus,2020,13750.00
11522,2026-03-10,Liam,Subaru,Outback,2015,26000.00
11523,2026-03-10,Olivia,Honda,Civic,2014,14650.00
11524,2026-03-10,Eve,Mazda,Axela,2024,15350.00
11525,2026-03-10,Olivia,Mazda,Demio,2020,9250.00
11526,2026-03-10,Aroha,Kia,Sportage,2024,34100.00
11527,2026-03-10,Dan,Honda,CR-V,2013,17300.00
11528,2026-03-10,Dan,Kia,Sportage,2021,28150.00
11529,2026-03-10,Ioane,Mitsubishi,Triton,2013,24850.00
11530,2026-03-10,Chloe,Mazda,Axela,2023,15250.00
11531,2026-03-10,Olivia,Volkswagen,Golf,2019,22150.00
11532,2026-03-11,Olivia,Holden,Commodore,2017,21400.00
11533,2026-03-11,Dan,Toyota,Corolla,2017,16350.00
11534,2026-03-11,Mere,Tesla,Model 3,2022,58050.00
11535,2026-03-11,Eve,Hyundai,Tucson,2022,37050.00
11536,2026-03-11,Mere,Honda,Civic,2022,24150.00
11537,2026-03-11,Ioane,Tesla,Model 3,2023,58000.00
11538,2026-03-11,Ioane,Subaru,Outback,2021,39600.00
11539,2026-03-11,Mere,Ford,Focus,2014,7750.00
11540,2026-03-11,Chloe,Volkswagen,Golf,2017,20750.00
11541,2026-03-11,Hana,Honda,CR-V,2015,24100.00
11542,2026-03-11,Hana,Toyota,Hilux,2014,29150.00
11543,2026-03-11,Liam,Honda,Fit,2023,12600.00
11544,2026-03-11,Ioane,Honda,Fit,2015,10150.00
11545,2026-03-11,Eve,Hyundai,Tucson,2019,28900.00
11546,2026-03-11,Aroha,Toyota,Corolla,2016,18300.00
11547,2026-03-11,Dan,Toyota,Yaris,2016,13100.00
11548,2026-03-11,Jess,Mazda,CX-5,2021,38750.00
11549,2026-03-11,Mere,Toyota,Yaris,2021,14300.00
11550,2026-03-11,Ioane,Toyota,Hilux,2023,47300.00
11551,2026-03-11,Eve,Toyota,RAV4,2020,37000.00
11552,2026-03-11,Ioane,Kia,Sportage,2013,19450.00
11553,2026-03-11,Eve,Mazda,Demio,2015,8300.00
11554,2026-03-11,Dan,Kia,Sportage,2021,35900.00
11555,2026-03-12,Finn,Hyundai,Tucson,2020,35100.00
11556,2026-03-12,Eve,Mitsubishi,Triton,2021,41500.00
11557,2026-03-12,Mere,Toyota,Aqua,2016,9850.00
11558,2026-03-12,Liam,Hyundai,Tucson,2019,28950.00
11559,2026-03-12,Eve,Honda,Fit,2023,13050.00
11560,2026-03-12,Ioane,Toyota,Hilux,2019,35850.00
11561,2026-03-12,Eve,Mazda,Demio,2024,11600.00
11562,2026-03-12,Nikau,Volkswagen,Golf,2017,21050.00
11563,2026-03-12,Jess,Nissan,Navara,2013,26100.00
11564,2026-03-12,Mere,Toyota,RAV4,2022,39350.00
11565,2026-03-12,Ben,Mazda,Axela,2022,16600.00
11566,2026-03-12,Kiri,Subaru,Outback,2025,44950.00
11567,2026-03-12,Hana,Honda,Fit,2021,13250.00
11568,2026-03-12,Mere,Toyota,RAV4,2018,30050.00
11569,2026-03-12,Eve,Mitsubishi,Triton,2024,41650.00
11570,2026-03-12,Hana,Mazda,BT-50,2012,24750.00
11571,2026-03-12,Ioane,Toyota,Aqua,2018,11050.00
11572,2026-03-13,Jess,Ford,Ranger,2024,57000.00
11573,2026-03-13,Jess,Kia,Sportage,2013,18900.00
11574,2026-03-13,Nikau,Mazda,Demio,2023,11550.00
11575,2026-03-13,Hana,Nissan,Leaf,2021,20850.00
11576,2026-03-13,Finn,Nissan,Navara,2015,31250.00
11577,2026-03-13,Mere,Subaru,Outback,2013,25550.00
11578,2026-03-13,Aroha,Holden,Commodore,2019,21750.00
11579,2026-03-13,Olivia,Tesla,Model 3,2013,36250.00
11580,2026-03-13,Jess,Subaru,Outback,2017,27100.00
11581,2026-03-13,Liam,Tesla,Model 3,2025,58300.00
11582,2026-03-13,Hana,Suzuki,Swift,2020,15750.00
11583,2026-03-13,Chloe,Tesla,Model 3,2024,58050.00
11584,2026-03-13,Ben,Mazda,Demio,2020,9350.00
11585,2026-03-13,Mere,Ford,Focus,2025,17200.00
11586,2026-03-13,Nikau,Toyota,Yaris,2013,9650.00
11587,2026-03-13,Olivia,Mazda,BT-50,2013,29700.00
11588,2026-03-13,Olivia,Honda,CR-V,2024,42400.00
11589,2026-03-13,Liam,Toyota,Hilux,2018,40450.00
11590,2026-03-13,Hana,Honda,Fit,2019,10100.00
11591,2026-03-13,Ben,Nissan,Navara,2020,42150.00
11592,2026-03-13,Hana,Toyota,Aqua,2023,14650.00
11593,2026-03-13,Liam,Tesla,Model 3,2015,37300.00
11594,2026-03-13,Ioane,Tesla,Model 3,2017,46800.00
11595,2026-03-13,Nikau,Toyota,Yaris,2022,19400.00
11596,2026-03-13,Ioane,Toyota,Hilux,2025,62400.00
11597,2026-03-13,Jess,Tesla,Model 3,2013,31200.00
11598,2026-03-13,Eve,Mazda,Demio,2014,6700.00
11599,2026-03-13,Olivia,Toyota,Aqua,2013,10200.00
11600,2026-03-14,Liam,Nissan,Navara,2016,35800.00
11601,2026-03-14,Kiri,Nissan,Leaf,2014,13300.00
11602,2026-03-14,Liam,Nissan,Tiida,2018,8650.00
11603,2026-03-14,Hana,Holden,Commodore,2021,26850.00
11604,2026-03-14,Hana,Mitsubishi,Triton,2016,27050.00
11605,2026-03-14,Jess,Toyota,RAV4,2020,38750.00
11606,2026-03-14,Chloe,Mitsubishi,Outlander,2024,37600.00
11607,2026-03-14,Jess,Honda,CR-V,2012,21150.00
11608,2026-03-14,Finn,Honda,Civic,2024,25600.00
11609,2026-03-14,Eve,Nissan,Leaf,2014,12600.00
11610,2026-03-14,Jess,Mazda,BT-50,2022,42050.00
11611,2026-03-14,Nikau,Kia,Sportage,2012,20100.00
11612,2026-03-14,Jess,Nissan,Navara,2025,53500.00
11613,2026-03-14,Eve,Nissan,Leaf,2012,9000.00
11614,2026-03-14,Eve,Honda,CR-V,2013,23200.00
11615,2026-03-14,Olivia,Ford,Ranger,2013,34150.00
11616,2026-03-14,Hana,Mazda,BT-50,2018,37150.00
11617,2026-03-14,Mere,Subaru,Outback,2012,23400.00
11618,2026-03-14,Dan,Tesla,Model 3,2018,46500.00
11619,2026-03-14,Olivia,Ford,Ranger,2017,41350.00
11620,2026-03-14,Chloe,Tesla,Model 3,2013,34050.00
11621,2026-03-14,Ben,Nissan,Tiida,2018,8150.00
11622,2026-03-14,Olivia,Mitsubishi,Triton,2020,32650.00
11623,2026-03-14,Ioane,Nissan,Navara,2022,45350.00
11624,2026-03-14,Mere,Mazda,Axela,2024,17750.00
11625,2026-03-14,Hana,Kia,Sportage,2018,30700.00
11626,2026-03-14,Finn,Toyota,RAV4,2013,24700.00
11627,2026-03-15,Hana,Mitsubishi,Triton,2012,20000.00
11628,2026-03-15,Jess,Honda,CR-V,2012,17900.00
11629,2026-03-15,Ioane,Kia,Sportage,2025,42750.00
11630,2026-03-15,Jess,Nissan,Navara,2022,38750.00
11631,2026-03-15,Jess,Toyota,Hilux,2014,29600.00
11632,2026-03-15,Finn,Honda,CR-V,2019,28900.00
11633,2026-03-15,Kiri,Toyota,Yaris,2020,13450.00
11634,2026-03-15,Dan,Tesla,Model 3,2019,49300.00
11635,2026-03-15,Eve,Toyota,Hilux,2023,44250.00
11636,2026-03-15,Liam,Mitsubishi,Triton,2021,43900.00
11637,2026-03-15,Olivia,Volkswagen,Golf,2025,30450.00
11638,2026-03-15,Olivia,Honda,CR-V,2024,35500.00
11639,2026-03-15,Jess,Honda,CR-V,2023,36800.00
11640,2026-03-15,Kiri,Mazda,Axela,2024,17300.00
11641,2026-03-15,Nikau,Volkswagen,Golf,2017,17750.00
11642,2026-03-15,Jess,Toyota,Aqua,2023,15000.00
11643,2026-03-15,Finn,Honda,Fit,2018,12050.00
11644,2026-03-15,Nikau,Toyota,Yaris,2017,11400.00
11645,2026-03-15,Ben,Toyota,RAV4,2022,40400.00
11646,2026-03-15,Kiri,Tesla,Model 3,2015,36450.00
11647,2026-03-15,Aroha,Hyundai,Tucson,2022,29950.00
11648,2026-03-15,Dan,Honda,CR-V,2018,25100.00
11649,2026-03-15,Ioane,Nissan,Navara,2017,37550.00
11650,2026-03-16,Liam,Toyota,Yaris,2020,15400.00
11651,2026-03-16,Liam,Mazda,BT-50,2019,35100.00
11652,2026-03-16,Nikau,Ford,Ranger,2023,54050.00
11653,2026-03-16,Ioane,Mazda,BT-50,2021,41950.00
11654,2026-03-16,Olivia,Toyota,RAV4,2016,35200.00
11655,2026-03-16,Ioane,Toyota,Hilux,2024,48500.00
11656,2026-03-16,Eve,Toyota,Aqua,2016,10200.00
11657,2026-03-16,Olivia,Toyota,Aqua,2018,12950.00
11658,2026-03-16,Ioane,Tesla,Model 3,2023,62350.00
11659,2026-03-16,Eve,Ford,Ranger,2023,48800.00
11660,2026-03-16,Kiri,Mazda,Demio,2014,7050.00
11661,2026-03-16,Mere,Kia,Sportage,2024,38200.00
11662,2026-03-16,Mere,Tesla,Model 3,2016,44950.00
11663,2026-03-16,Hana,Tesla,Model 3,2013,35650.00
11664,2026-03-16,Eve,Toyota,Corolla,2014,14600.00
11665,2026-03-16,Eve,Mitsubishi,Triton,2024,50450.00
11666,2026-03-16,Chloe,Toyota,Yaris,2014,12300.00
11667,2026-03-16,Aroha,Subaru,Outback,2015,25400.00
11668,2026-03-16,Liam,Subaru,Outback,2019,34550.00
11669,2026-03-16,Hana,Mitsubishi,Triton,2016,34000.00
11670,2026-03-16,Olivia,Nissan,Navara,2016,33600.00
11671,2026-03-16,Kiri,Mazda,Demio,2022,9450.00
11672,2026-03-16,Nikau,Mazda,CX-5,2015,23750.00
11673,2026-03-16,Mere,Holden,Commodore,2018,23400.00
11674,2026-03-16,Eve,Hyundai,Tucson,2014,23500.00
11675,2026-03-16,Jess,Subaru,Outback,2015,31300.00
11676,2026-03-16,Jess,Volkswagen,Golf,2014,15300.00
11677,2026-03-16,Chloe,Toyota,RAV4,2016,29050.00
11678,2026-03-16,Ioane,Toyota,Yaris,2021,16550.00
11679,2026-03-16,Jess,Ford,Ranger,2014,28550.00
11680,2026-03-16,Eve,Volkswagen,Golf,2017,16600.00
11681,2026-03-16,Finn,Toyota,Yaris,2023,19650.00
11682,2026-03-16,Aroha,Honda,Fit,2024,15800.00
11683,2026-03-16,Kiri,Honda,Fit,2012,7350.00
11684,2026-03-17,Eve,Toyota,Aqua,2024,16250.00
11685,2026-03-17,Liam,Ford,Ranger,2019,46800.00
11686,2026-03-17,Chloe,Mazda,BT-50,2025,47000.00
11687,2026-03-17,Nikau,Nissan,Tiida,2018,8400.00
11688,2026-03-17,Liam,Mazda,Demio,2023,12500.00
11689,2026-03-17,Hana,Mazda,BT-50,2017,36550.00
11690,2026-03-17,Dan,Toyota,RAV4,2025,48400.00
11691,2026-03-17,Jess,Tesla,Model 3,2021,58050.00
11692,2026-03-17,Mere,Toyota,Aqua,2018,12450.00
11693,2026-03-17,Olivia,Toyota,RAV4,2015,32100.00
11694,2026-03-17,Kiri,Subaru,Outback,2018,37150.00
11695,2026-03-17,Liam,Toyota,Hilux,2020,44450.00
11696,2026-03-17,Dan,Nissan,Tiida,2025,10100.00
11697,2026-03-17,Aroha,Nissan,Leaf,2014,13700.00
11698,2026-03-17,Ben,Suzuki,Swift,2014,8800.00
11699,2026-03-17,Chloe,Nissan,Leaf,2012,9500.00
11700,2026-03-17,Eve,Ford,Focus,2022,14400.00
11701,2026-03-17,Chloe,Toyota,Yaris,2023,20150.00
11702,2026-03-17,Mere,Mitsubishi,Triton,2012,25800.00
11703,2026-03-17,Liam,Toyota,RAV4,2025,51850.00
11704,2026-03-17,Aroha,Kia,Sportage,2024,31550.00
11705,2026-03-17,Eve,Kia,Sportage,2021,36200.00
11706,2026-03-17,Ben,Toyota,Yaris,2018,15350.00
11707,2026-03-17,Kiri,Honda,CR-V,2020,30300.00
11708,2026-03-17,Nikau,Nissan,Leaf,2022,20150.00
11709,2026-03-17,Jess,Kia,Sportage,2020,31900.00
11710,2026-03-18,Ioane,Mitsubishi,Triton,2012,19150.00
11711,2026-03-18,Dan,Toyota,Yaris,2023,16600.00
11712,2026-03-18,Liam,Nissan,Navara,2015,30850.00
11713,2026-03-18,Chloe,Nissan,Navara,2017,32900.00
11714,2026-03-18,Kiri,Mazda,CX-5,2015,21450.00
11715,2026-03-18,Eve,Suzuki,Swift,2016,11000.00
11716,2026-03-18,Ioane,Ford,Ranger,2025,67650.00
11717,2026-03-18,Liam,Mitsubishi,Outlander,2021,33350.00
11718,2026-03-18,Dan,Toyota,Yaris,2022,17950.00
11719,2026-03-18,Olivia,Mitsubishi,Triton,2014,26800.00
11720,2026-03-18,Liam,Mazda,BT-50,2013,28250.00
11721,2026-03-18,Olivia,Mitsubishi,Triton,2018,35900.00
11722,2026-03-18,Dan,Kia,Sportage,2025,34350.00
11723,2026-03-18,Aroha,Nissan,Navara,2013,29100.00
11724,2026-03-18,Ioane,Mazda,BT-50,2012,23950.00
11725,2026-03-18,Jess,Mazda,CX-5,2019,26650.00
11726,2026-03-18,Finn,Kia,Sportage,2015,21950.00
11727,2026-03-18,Ioane,Honda,CR-V,2024,38950.00
11728,2026-03-18,Olivia,Honda,Fit,2024,14150.00
11729,2026-03-18,Mere,Toyota,RAV4,2017,36750.00
11730,2026-03-18,Chloe,Mazda,Demio,2020,8950.00
11731,2026-03-18,Liam,Toyota,RAV4,2021,38500.00
11732,2026-03-18,Finn,Ford,Ranger,2015,34850.00
11733,2026-03-18,Ben,Mazda,CX-5,2018,28200.00
11734,2026-03-18,Mere,Toyota,RAV4,2025,43300.00
11735,2026-03-18,Ben,Mazda,BT-50,2020,39500.00
11736,2026-03-19,Eve,Hyundai,Tucson,2021,34400.00
11737,2026-03-19,Hana,Nissan,Leaf,2020,19550.00
11738,2026-03-19,Mere,Mazda,BT-50,2015,29850.00
11739,2026-03-19,Kiri,Kia,Sportage,2016,23800.00
11740,2026-03-19,Hana,Hyundai,Tucson,2025,35400.00
11741,2026-03-19,Liam,Mazda,BT-50,2012,25450.00
11742,2026-03-19,Nikau,Subaru,Forester,2023,36350.00
11743,2026-03-19,Aroha,Mazda,Demio,2014,7550.00
11744,2026-03-19,Eve,Subaru,Forester,2018,31350.00
11745,2026-03-19,Kiri,Mazda,Axela,2014,8900.00
11746,2026-03-19,Chloe,Subaru,Outback,2022,35750.00
11747,2026-03-19,Chloe,Mazda,Axela,2012,9900.00
11748,2026-03-19,Eve,Honda,CR-V,2016,25350.00
11749,2026-03-19,Mere,Honda,CR-V,2012,17850.00
11750,2026-03-19,Olivia,Tesla,Model 3,2017,48750.00
11751,2026-03-19,Dan,Toyota,Yaris,2013,10550.00
11752,2026-03-19,Hana,Toyota,RAV4,2019,37650.00
11753,2026-03-19,Finn,Toyota,Yaris,2024,17250.00
11754,2026-03-19,Ben,Mazda,BT-50,2024,48800.00
11755,2026-03-19,Chloe,Ford,Ranger,2019,42400.00
11756,2026-03-19,Kiri,Toyota,Yaris,2019,12900.00
11757,2026-03-20,Liam,Honda,Fit,2025,15350.00
11758,2026-03-20,Finn,Suzuki,Swift,2023,15150.00
11759,2026-03-20,Finn,Nissan,Tiida,2017,7450.00
11760,2026-03-20,Dan,Honda,Fit,2019,9800.00
11761,2026-03-20,Ben,Honda,Civic,2013,13400.00
11762,2026-03-20,Ioane,Subaru,Outback,2019,36750.00
11763,2026-03-20,Nikau,Suzuki,Swift,2015,11100.00
11764,2026-03-20,Mere,Mitsubishi,Triton,2022,40300.00
11765,2026-03-20,Hana,Tesla,Model 3,2018,41900.00
11766,2026-03-20,Jess,Toyota,RAV4,2022,40500.00
11767,2026-03-20,Kiri,Honda,CR-V,2012,16550.00
11768,2026-03-20,Aroha,Toyota,Yaris,2021,18050.00
11769,2026-03-20,Finn,Toyota,Aqua,2018,11800.00
11770,2026-03-20,Ioane,Toyota,RAV4,2019,37600.00
11771,2026-03-20,Ioane,Kia,Sportage,2021,29700.00
11772,2026-03-20,Dan,Mitsubishi,Triton,2017,29800.00
11773,2026-03-20,Hana,Hyundai,Tucson,2025,42150.00
11774,2026-03-20,Chloe,Mazda,Axela,2025,16100.00
11775,2026-03-20,Hana,Nissan,Navara,2025,56250.00
11776,2026-03-21,Kiri,Suzuki,Swift,2012,9300.00
11777,2026-03-21,Finn,Subaru,Outback,2024,42500.00
11778,2026-03-21,Ioane,Mazda,CX-5,2016,29000.00
11779,2026-03-21,Chloe,Mazda,Axela,2013,9400.00
11780,2026-03-21,Dan,Mazda,CX-5,2015,27500.00
11781,2026-03-21,Mere,Toyota,Aqua,2012,7600.00
11782,2026-03-21,Dan,Tesla,Model 3,2012,28650.00
11783,2026-03-21,Finn,Mitsubishi,Triton,2017,27150.00
11784,2026-03-21,Dan,Mazda,BT-50,2022,40800.00
11785,2026-03-21,Nikau,Mitsubishi,Triton,2013,26450.00
11786,2026-03-21,Jess,Mazda,BT-50,2019,40750.00
11787,2026-03-21,Ben,Mitsubishi,Triton,2018,33050.00
11788,2026-03-21,Nikau,Toyota,Yaris,2021,16900.00
11789,2026-03-21,Dan,Tesla,Model 3,2022,49950.00
11790,2026-03-21,Ioane,Kia,Sportage,2025,41700.00
11791,2026-03-21,Ioane,Nissan,Tiida,2012,4650.00
11792,2026-03-21,Chloe,Mazda,Axela,2019,13950.00
11793,2026-03-21,Olivia,Toyota,Yaris,2013,10050.00
11794,2026-03-21,Hana,Kia,Sportage,2016,21200.00
11795,2026-03-21,Mere,Mazda,CX-5,2021,34050.00
11796,2026-03-21,Jess,Mazda,Demio,2025,11050.00
11797,2026-03-21,Hana,Honda,Fit,2018,12250.00
11798,2026-03-21,Jess,Honda,CR-V,2014,18950.00
11799,2026-03-21,Dan,Mazda,CX-5,2019,34050.00
11800,2026-03-21,Chloe,Toyota,RAV4,2012,19700.00
11801,2026-03-21,Kiri,Mazda,CX-5,2014,21150.00
11802,2026-03-21,Eve,Mazda,Axela,2012,9250.00
11803,2026-03-21,Chloe,Volkswagen,Golf,2013,12700.00
11804,2026-03-21,Chloe,Toyota,Aqua,2018,14100.00
11805,2026-03-21,Kiri,Volkswagen,Golf,2014,16150.00
11806,2026-03-21,Olivia,Suzuki,Swift,2021,13600.00
11807,2026-03-21,Dan,Subaru,Outback,2020,36050.00
11808,2026-03-21,Eve,Mazda,CX-5,2024,43350.00
11809,2026-03-22,Liam,Nissan,Leaf,2013,10600.00
11810,2026-03-22,Nikau,Toyota,Aqua,2020,11700.00
11811,2026-03-22,Dan,Kia,Sportage,2019,25300.00
11812,2026-03-22,Ioane,Ford,Ranger,2022,59550.00
11813,2026-03-22,Liam,Mazda,BT-50,2015,30350.00
11814,2026-03-22,Nikau,Mazda,BT-50,2013,29950.00
11815,2026-03-22,Mere,Subaru,Outback,2014,22850.00
11816,2026-03-22,Nikau,Suzuki,Swift,2013,8650.00
11817,2026-03-22,Hana,Ford,Focus,2014,9950.00
11818,2026-03-22,Ioane,Ford,Focus,2014,9450.00
11819,2026-03-22,Liam,Mitsubishi,Triton,2024,47150.00
11820,2026-03-22,Liam,Holden,Commodore,2019,22050.00
11821,2026-03-22,Eve,Toyota,Yaris,2012,9700.00
11822,2026-03-22,Dan,Toyota,RAV4,2021,40650.00
11823,2026-03-22,Finn,Volkswagen,Golf,2013,12450.00
11824,2026-03-22,Olivia,Mazda,BT-50,2016,30250.00
11825,2026-03-22,Mere,Mitsubishi,Triton,2025,52300.00
11826,2026-03-22,Liam,Nissan,Navara,2024,47950.00
11827,2026-03-22,Finn,Hyundai,Tucson,2025,42050.00
11828,2026-03-22,Olivia,Mazda,CX-5,2025,36500.00
11829,2026-03-22,Olivia,Subaru,Outback,2019,36400.00
11830,2026-03-23,Kiri,Holden,Commodore,2025,31600.00
11831,2026-03-23,Olivia,Volkswagen,Golf,2023,22000.00
11832,2026-03-23,Jess,Toyota,Yaris,2017,13600.00
11833,2026-03-23,Olivia,Toyota,Corolla,2015,17000.00
11834,2026-03-23,Ioane,Toyota,Yaris,2018,12150.00
11835,2026-03-23,Ioane,Mazda,BT-50,2025,47300.00
11836,2026-03-23,Kiri,Suzuki,Swift,2014,10450.00
11837,2026-03-23,Ioane,Mitsubishi,Triton,2021,36250.00
11838,2026-03-23,Dan,Honda,CR-V,2014,18600.00
11839,2026-03-23,Kiri,Nissan,Leaf,2022,16200.00
11840,2026-03-23,Kiri,Tesla,Model 3,2021,51150.00
11841,2026-03-23,Chloe,Hyundai,Tucson,2018,26350.00
11842,2026-03-23,Eve,Suzuki,Swift,2024,19400.00
11843,2026-03-23,Kiri,Nissan,Leaf,2025,24500.00
11844,2026-03-23,Dan,Ford,Focus,2024,17000.00
11845,2026-03-23,Ben,Holden,Commodore,2015,17750.00
11846,2026-03-23,Nikau,Mazda,CX-5,2016,23100.00
11847,2026-03-23,Jess,Nissan,Tiida,2014,6000.00
11848,2026-03-23,Finn,Mazda,Demio,2019,10850.00
11849,2026-03-23,Liam,Tesla,Model 3,2019,47800.00
11850,2026-03-23,Aroha,Suzuki,Swift,2016,10900.00
11851,2026-03-23,Chloe,Nissan,Leaf,2013,10150.00
11852,2026-03-23,Olivia,Toyota,Yaris,2024,16650.00
11853,2026-03-23,Chloe,Volkswagen,Golf,2024,25650.00
11854,2026-03-23,Jess,Toyota,Aqua,2013,8950.00
11855,2026-03-23,Mere,Hyundai,Tucson,2021,37950.00
11856,2026-03-24,Mere,Toyota,Yaris,2023,20200.00
11857,2026-03-24,Finn,Hyundai,Tucson,2022,36950.00
11858,2026-03-24,Mere,Toyota,Hilux,2016,36200.00
11859,2026-03-24,Finn,Honda,CR-V,2025,36500.00
11860,2026-03-24,Nikau,Toyota,RAV4,2025,49900.00
11861,2026-03-24,Dan,Toyota,RAV4,2016,32200.00
11862,2026-03-24,Hana,Kia,Sportage,2020,30950.00
11863,2026-03-24,Finn,Toyota,Hilux,2014,32550.00
11864,2026-03-24,Kiri,Volkswagen,Golf,2022,26050.00
11865,2026-03-24,Liam,Tesla,Model 3,2016,41350.00
11866,2026-03-24,Eve,Tesla,Model 3,2016,41600.00
11867,2026-03-24,Kiri,Toyota,Corolla,2025,23300.00
11868,2026-03-24,Dan,Mazda,CX-5,2014,23950.00
11869,2026-03-24,Eve,Subaru,Outback,2020,33050.00
11870,2026-03-24,Hana,Suzuki,Swift,2013,9300.00
11871,2026-03-24,Ioane,Mitsubishi,Triton,2015,28200.00
11872,2026-03-24,Dan,Mitsubishi,Triton,2018,31250.00
11873,2026-03-24,Liam,Ford,Ranger,2023,61700.00
11874,2026-03-24,Chloe,Nissan,Tiida,2023,10400.00
11875,2026-03-24,Ioane,Nissan,Tiida,2023,9400.00
11876,2026-03-24,Hana,Mazda,BT-50,2021,43000.00
11877,2026-03-24,Jess,Toyota,RAV4,2021,43050.00
11878,2026-03-24,Hana,Hyundai,Tucson,2023,38850.00
11879,2026-03-24,Dan,Toyota,Aqua,2016,10350.00
11880,2026-03-24,Hana,Nissan,Navara,2018,34450.00
11881,2026-03-24,Mere,Suzuki,Swift,2023,17400.00
11882,2026-03-24,Nikau,Honda,CR-V,2012,16950.00
11883,2026-03-24,Kiri,Honda,CR-V,2014,22900.00
11884,2026-03-24,Ioane,Volkswagen,Golf,2020,21800.00
11885,2026-03-24,Kiri,Honda,Civic,2014,13700.00
11886,2026-03-24,Ben,Nissan,Navara,2025,55550.00
11887,2026-03-24,Olivia,Mitsubishi,Triton,2019,30350.00
11888,2026-03-24,Kiri,Mazda,CX-5,2021,30600.00
11889,2026-03-24,Jess,Nissan,Navara,2016,36350.00
11890,2026-03-25,Dan,Honda,CR-V,2025,37500.00
11891,2026-03-25,Kiri,Subaru,Forester,2025,40550.00
11892,2026-03-25,Ioane,Mazda,Demio,2017,8900.00
11893,2026-03-25,Nikau,Mitsubishi,Triton,2022,46850.00
11894,2026-03-25,Ioane,Mitsubishi,Outlander,2019,36250.00
11895,2026-03-25,Eve,Ford,Ranger,2020,44800.00
11896,2026-03-25,Chloe,Hyundai,Tucson,2021,31400.00
11897,2026-03-25,Liam,Kia,Sportage,2019,24550.00
11898,2026-03-25,Hana,Nissan,Leaf,2018,14650.00
11899,2026-03-25,Dan,Suzuki,Swift,2025,15800.00
11900,2026-03-25,Liam,Tesla,Model 3,2019,54950.00
11901,2026-03-25,Jess,Honda,Civic,2025,22700.00
11902,2026-03-25,Liam,Subaru,Outback,2016,32900.00
11903,2026-03-25,Hana,Mazda,Axela,2024,17750.00
11904,2026-03-25,Hana,Mazda,BT-50,2015,35350.00
11905,2026-03-25,Eve,Mitsubishi,Triton,2023,45450.00
11906,2026-03-25,Nikau,Toyota,RAV4,2018,36200.00
11907,2026-03-25,Mere,Toyota,Aqua,2015,10200.00
11908,2026-03-25,Kiri,Mitsubishi,Outlander,2012,23800.00
11909,2026-03-25,Olivia,Mazda,Axela,2024,17050.00
11910,2026-03-25,Mere,Toyota,RAV4,2014,29900.00
11911,2026-03-25,Hana,Mazda,Axela,2013,8900.00
11912,2026-03-25,Hana,Honda,CR-V,2022,31550.00
11913,2026-03-25,Dan,Honda,CR-V,2022,35200.00
11914,2026-03-26,Finn,Toyota,Corolla,2016,18000.00
11915,2026-03-26,Kiri,Toyota,Hilux,2022,48800.00
11916,2026-03-26,Aroha,Hyundai,Tucson,2012,19150.00
11917,2026-03-26,Ben,Mitsubishi,Triton,2021,39750.00
11918,2026-03-26,Liam,Mazda,BT-50,2012,28050.00
11919,2026-03-26,Kiri,Ford,Ranger,2019,46650.00
11920,2026-03-26,Hana,Nissan,Navara,2020,44100.00
11921,2026-03-26,Chloe,Nissan,Navara,2022,40900.00
11922,2026-03-26,Kiri,Toyota,Hilux,2012,25250.00
11923,2026-03-26,Jess,Tesla,Model 3,2012,32850.00
11924,2026-03-26,Olivia,Tesla,Model 3,2018,40600.00
11925,2026-03-26,Nikau,Mazda,CX-5,2021,30700.00
11926,2026-03-26,Mere,Honda,CR-V,2021,29450.00
11927,2026-03-26,Chloe,Toyota,Aqua,2023,17650.00
11928,2026-03-26,Ben,Mazda,Demio,2021,9200.00
11929,2026-03-26,Jess,Honda,Civic,2023,20450.00
11930,2026-03-26,Ioane,Hyundai,Tucson,2012,17900.00
11931,2026-03-26,Nikau,Mazda,BT-50,2020,39100.00
11932,2026-03-26,Dan,Toyota,Yaris,2023,17800.00
11933,2026-03-26,Chloe,Tesla,Model 3,2012,34950.00
11934,2026-03-26,Ioane,Nissan,Navara,2017,30950.00
11935,2026-03-26,Mere,Volkswagen,Golf,2018,21250.00
11936,2026-03-26,Eve,Mazda,BT-50,2016,28700.00
11937,2026-03-26,Liam,Nissan,Leaf,2024,22900.00
11938,2026-03-26,Olivia,Ford,Ranger,2016,39200.00
11939,2026-03-26,Hana,Honda,Civic,2022,23250.00
11940,2026-03-26,Ioane,Nissan,Leaf,2024,23000.00
11941,2026-03-26,Ioane,Mazda,CX-5,2015,27200.00
11942,2026-03-27,Eve,Holden,Commodore,2023,27200.00
11943,2026-03-27,Jess,Volkswagen,Golf,2019,20100.00
11944,2026-03-27,Liam,Volkswagen,Golf,2020,19550.00
11945,2026-03-27,Olivia,Toyota,RAV4,2018,37700.00
11946,2026-03-27,Chloe,Toyota,Aqua,2024,16200.00
11947,2026-03-27,Olivia,Mitsubishi,Triton,2022,46950.00
11948,2026-03-27,Finn,Mazda,Axela,2012,7650.00
11949,2026-03-27,Olivia,Hyundai,Tucson,2025,34800.00
11950,2026-03-27,Kiri,Volkswagen,Golf,2020,19250.00
11951,2026-03-27,Finn,Mazda,Demio,2021,9750.00
11952,2026-03-27,Finn,Mitsubishi,Triton,2019,33000.00
11953,2026-03-27,Chloe,Tesla,Model 3,2018,47600.00
11954,2026-03-27,Eve,Mazda,CX-5,2018,29250.00
11955,2026-03-27,Olivia,Toyota,Aqua,2024,14400.00
11956,2026-03-27,Finn,Suzuki,Swift,2023,16650.00
11957,2026-03-27,Eve,Hyundai,Tucson,2022,38400.00
11958,2026-03-27,Ioane,Toyota,RAV4,2025,48050.00
11959,2026-03-27,Chloe,Honda,Fit,2025,15850.00
11960,2026-03-27,Finn,Mazda,Demio,2024,13350.00
11961,2026-03-27,Chloe,Holden,Commodore,2018,20950.00
11962,2026-03-27,Liam,Mazda,BT-50,2022,46900.00
11963,2026-03-27,Ben,Mazda,CX-5,2023,38150.00
11964,2026-03-27,Olivia,Ford,Focus,2025,17450.00
11965,2026-03-27,Olivia,Toyota,Hilux,2025,55450.00
11966,2026-03-27,Kiri,Suzuki,Swift,2013,10950.00
11967,2026-03-27,Ben,Holden,Commodore,2021,22900.00
11968,2026-03-27,Mere,Subaru,Outback,2022,41950.00
11969,2026-03-27,Hana,Mitsubishi,Triton,2016,27250.00
11970,2026-03-27,Mere,Mitsubishi,Triton,2023,48100.00
11971,2026-03-27,Dan,Hyundai,Tucson,2025,41550.00
11972,2026-03-27,Olivia,Holden,Commodore,2019,20600.00
11973,2026-03-27,Liam,Tesla,Model 3,2012,27400.00
11974,2026-03-27,Liam,Kia,Sportage,2015,20000.00
11975,2026-03-28,Kiri,Toyota,Aqua,2024,17750.00
11976,2026-03-28,Mere,Toyota,RAV4,2016,30450.00
11977,2026-03-28,Aroha,Volkswagen,Golf,2022,27550.00
11978,2026-03-28,Mere,Kia,Sportage,2012,17950.00
11979,2026-03-28,Dan,Toyota,Aqua,2013,9950.00
11980,2026-03-28,Dan,Subaru,Forester,2014,23000.00
11981,2026-03-28,Liam,Honda,CR-V,2015,20400.00
11982,2026-03-28,Chloe,Volkswagen,Golf,2013,14100.00
11983,2026-03-28,Olivia,Ford,Ranger,2020,46350.00
11984,2026-03-28,Jess,Nissan,Tiida,2016,6150.00
11985,2026-03-28,Ioane,Ford,Focus,2020,11200.00
11986,2026-03-28,Olivia,Subaru,Outback,2022,37050.00
11987,2026-03-28,Eve,Nissan,Leaf,2025,24250.00
11988,2026-03-28,Ioane,Hyundai,Tucson,2019,27600.00
11989,2026-03-28,Dan,Volkswagen,Golf,2019,23850.00
11990,2026-03-28,Liam,Toyota,RAV4,2020,43750.00
11991,2026-03-28,Hana,Nissan,Navara,2015,27150.00
11992,2026-03-28,Aroha,Kia,Sportage,2023,32350.00
11993,2026-03-28,Olivia,Toyota,Hilux,2015,34050.00
11994,2026-03-28,Hana,Ford,Focus,2024,16450.00
11995,2026-03-28,Mere,Tesla,Model 3,2017,39700.00
11996,2026-03-28,Mere,Honda,Fit,2021,12500.00
11997,2026-03-28,Finn,Honda,CR-V,2018,27550.00
11998,2026-03-28,Chloe,Honda,CR-V,2017,22450.00
11999,2026-03-28,Liam,Nissan,Navara,2021,36150.00
12000,2026-03-28,Hana,Toyota,Hilux,2018,43950.00
12001,2026-03-28,Ioane,Mazda,BT-50,2019,40550.00
12002,2026-03-28,Eve,Holden,Commodore,2019,20750.00
12003,2026-03-28,Mere,Mitsubishi,Outlander,2022,34700.00
12004,2026-03-28,Chloe,Suzuki,Swift,2023,16750.00
12005,2026-03-29,Chloe,Nissan,Tiida,2019,7350.00
12006,2026-03-29,Ioane,Mazda,CX-5,2022,31200.00
12007,2026-03-29,Ben,Toyota,Yaris,2017,12450.00
12008,2026-03-29,Dan,Suzuki,Swift,2012,7900.00
12009,2026-03-29,Eve,Mazda,CX-5,2022,32350.00
12010,2026-03-29,Hana,Nissan,Tiida,2024,11750.00
12011,2026-03-29,Chloe,Holden,Commodore,2015,16800.00
12012,2026-03-29,Kiri,Honda,CR-V,2016,22150.00
12013,2026-03-29,Ioane,Honda,Fit,2012,8050.00
12014,2026-03-29,Nikau,Mazda,BT-50,2021,43800.00
12015,2026-03-29,Chloe,Suzuki,Swift,2017,11000.00
12016,2026-03-29,Liam,Ford,Focus,2025,16850.00
12017,2026-03-29,Dan,Toyota,Yaris,2022,15250.00
12018,2026-03-29,Dan,Ford,Ranger,2021,48400.00
12019,2026-03-29,Eve,Toyota,RAV4,2014,28850.00
12020,2026-03-29,Jess,Toyota,Yaris,2015,12950.00
12021,2026-03-29,Jess,Subaru,Outback,2017,27900.00
12022,2026-03-29,Aroha,Mitsubishi,Triton,2019,36250.00
12023,2026-03-29,Olivia,Mitsubishi,Triton,2023,44850.00
12024,2026-03-29,Ioane,Nissan,Tiida,2022,8900.00
12025,2026-03-29,Hana,Hyundai,Tucson,2019,31700.00
12026,2026-03-30,Eve,Ford,Focus,2020,12000.00
12027,2026-03-30,Hana,Volkswagen,Golf,2019,18100.00
12028,2026-03-30,Liam,Toyota,Corolla,2017,19200.00
12029,2026-03-30,Mere,Toyota,Hilux,2014,28300.00
12030,2026-03-30,Mere,Volkswagen,Golf,2014,17100.00
12031,2026-03-30,Chloe,Honda,CR-V,2021,35000.00
12032,2026-03-30,Hana,Suzuki,Swift,2020,16550.00
12033,2026-03-30,Ben,Toyota,Hilux,2022,45100.00
12034,2026-03-30,Hana,Toyota,Aqua,2016,11650.00
12035,2026-03-30,Eve,Subaru,Outback,2016,30650.00
12036,2026-03-30,Kiri,Mazda,Axela,2024,19150.00
12037,2026-03-30,Hana,Hyundai,Tucson,2021,34250.00
12038,2026-03-30,Kiri,Honda,Fit,2025,14000.00
12039,2026-03-30,Aroha,Volkswagen,Golf,2025,27800.00
12040,2026-03-30,Liam,Toyota,RAV4,2017,34600.00
12041,2026-03-30,Eve,Honda,Fit,2022,11750.00
12042,2026-03-30,Jess,Toyota,Hilux,2012,26000.00
12043,2026-03-31,Jess,Mazda,CX-5,2016,26400.00
12044,2026-03-31,Mere,Volkswagen,Golf,2013,12250.00
12045,2026-03-31,Chloe,Mitsubishi,Triton,2025,44650.00
12046,2026-03-31,Chloe,Mazda,BT-50,2020,45000.00
12047,2026-03-31,Liam,Subaru,Forester,2021,40600.00
12048,2026-03-31,Olivia,Toyota,RAV4,2016,29650.00
12049,2026-03-31,Hana,Toyota,RAV4,2018,35850.00
12050,2026-03-31,Eve,Toyota,Aqua,2024,16750.00
12051,2026-03-31,Chloe,Mitsubishi,Triton,2024,41000.00
12052,2026-03-31,Ben,Suzuki,Swift,2012,9700.00
12053,2026-03-31,Liam,Ford,Focus,2014,8800.00
12054,2026-03-31,Jess,Volkswagen,Golf,2015,16350.00
12055,2026-03-31,Finn,Kia,Sportage,2021,30450.00
12056,2026-03-31,Hana,Kia,Sportage,2021,27350.00
12057,2026-03-31,Eve,Mazda,Demio,2023,13150.00
12058,2026-03-31,Kiri,Toyota,Hilux,2018,36550.00
12059,2026-03-31,Liam,Subaru,Outback,2019,33800.00
12060,2026-03-31,Nikau,Toyota,Yaris,2024,16050.00
12061,2026-03-31,Eve,Volkswagen,Golf,2022,21000.00
12062,2026-03-31,Aroha,Mazda,BT-50,2016,34500.00
12063,2026-03-31,Hana,Mazda,BT-50,2018,40800.00
12064,2026-03-31,Dan,Subaru,Outback,2018,32100.00
12065,2026-03-31,Finn,Subaru,Outback,2023,40150.00
12066,2026-03-31,Olivia,Mazda,Axela,2012,8650.00
12067,2026-03-31,Mere,Toyota,RAV4,2021,37150.00
12068,2026-03-31,Chloe,Tesla,Model 3,2016,48150.00
12069,2026-04-01,Olivia,Nissan,Navara,2021,43900.00
12070,2026-04-01,Eve,Kia,Sportage,2025,40250.00
12071,2026-04-01,Liam,Kia,Sportage,2013,21800.00
12072,2026-04-01,Dan,Subaru,Outback,2013,22800.00
12073,2026-04-01,Ioane,Honda,Fit,2012,7900.00
12074,2026-04-01,Aroha,Toyota,RAV4,2024,45050.00
12075,2026-04-01,Hana,Subaru,Outback,2024,39450.00
12076,2026-04-01,Eve,Ford,Focus,2023,16350.00
12077,2026-04-01,Kiri,Hyundai,Tucson,2012,20200.00
12078,2026-04-01,Jess,Mazda,BT-50,2022,40550.00
12079,2026-04-01,Eve,Nissan,Leaf,2025,22600.00
12080,2026-04-01,Eve,Tesla,Model 3,2023,60100.00
12081,2026-04-01,Liam,Toyota,Hilux,2015,37550.00
12082,2026-04-01,Ben,Mitsubishi,Triton,2012,20700.00
12083,2026-04-01,Nikau,Honda,CR-V,2014,19050.00
12084,2026-04-01,Olivia,Volkswagen,Golf,2023,24550.00
12085,2026-04-01,Hana,Mazda,BT-50,2016,34850.00
12086,2026-04-01,Ioane,Mazda,CX-5,2020,33300.00
12087,2026-04-01,Finn,Toyota,Hilux,2021,51000.00
12088,2026-04-02,Aroha,Toyota,Yaris,2013,11200.00
12089,2026-04-02,Olivia,Toyota,RAV4,2012,26000.00
12090,2026-04-02,Kiri,Ford,Focus,2022,12750.00
12091,2026-04-02,Ben,Honda,CR-V,2013,17800.00
12092,2026-04-02,Mere,Toyota,RAV4,2018,34600.00
12093,2026-04-02,Jess,Hyundai,Tucson,2025,40600.00
12094,2026-04-02,Aroha,Mitsubishi,Triton,2014,24900.00
12095,2026-04-02,Hana,Kia,Sportage,2022,34800.00
12096,2026-04-02,Nikau,Toyota,Yaris,2020,14600.00
12097,2026-04-02,Nikau,Toyota,RAV4,2020,36900.00
12098,2026-04-02,Finn,Toyota,RAV4,2014,27050.00
12099,2026-04-02,Jess,Mazda,CX-5,2022,37850.00
12100,2026-04-02,Nikau,Kia,Sportage,2025,42450.00
12101,2026-04-02,Dan,Kia,Sportage,2022,34550.00
12102,2026-04-02,Olivia,Honda,Civic,2022,18450.00
12103,2026-04-02,Kiri,Toyota,Hilux,2017,37350.00
12104,2026-04-02,Hana,Holden,Commodore,2025,32250.00
12105,2026-04-02,Eve,Ford,Ranger,2016,34750.00
12106,2026-04-02,Liam,Nissan,Navara,2025,49800.00
12107,2026-04-02,Dan,Toyota,Yaris,2025,18000.00
12108,2026-04-02,Ben,Holden,Commodore,2025,34850.00
12109,2026-04-02,Dan,Mazda,Demio,2013,7050.00
12110,2026-04-03,Ioane,Subaru,Forester,2017,29950.00
12111,2026-04-03,Kiri,Toyota,Aqua,2022,14600.00
12112,2026-04-03,Liam,Mitsubishi,Triton,2018,32550.00
12113,2026-04-03,Jess,Toyota,RAV4,2017,36100.00
12114,2026-04-03,Olivia,Mazda,CX-5,2020,30550.00
12115,2026-04-03,Jess,Nissan,Tiida,2021,8100.00
12116,2026-04-03,Kiri,Toyota,Hilux,2017,35850.00
12117,2026-04-03,Finn,Honda,Civic,2015,13150.00
12118,2026-04-03,Ioane,Tesla,Model 3,2015,36650.00
12119,2026-04-03,Liam,Toyota,RAV4,2018,30150.00
12120,2026-04-03,Jess,Toyota,Yaris,2013,10200.00
12121,2026-04-03,Jess,Toyota,Corolla,2012,13650.00
12122,2026-04-03,Liam,Kia,Sportage,2018,23650.00
12123,2026-04-03,Ben,Honda,CR-V,2019,29050.00
12124,2026-04-03,Dan,Subaru,Forester,2018,34900.00
12125,2026-04-03,Ioane,Mitsubishi,Triton,2025,53000.00
12126,2026-04-03,Liam,Mazda,BT-50,2012,23250.00
12127,2026-04-03,Olivia,Tesla,Model 3,2024,70200.00
12128,2026-04-03,Liam,Hyundai,Tucson,2018,29850.00
12129,2026-04-03,Mere,Mazda,Demio,2019,10800.00
12130,2026-04-04,Kiri,Toyota,RAV4,2023,45750.00
12131,2026-04-04,Jess,Mazda,Demio,2019,9750.00
12132,2026-04-04,Mere,Mazda,CX-5,2016,24450.00
12133,2026-04-04,Ioane,Toyota,Hilux,2025,57550.00
12134,2026-04-04,Jess,Mitsubishi,Triton,2012,19700.00
12135,2026-04-04,Eve,Nissan,Navara,2025,56350.00
12136,2026-04-04,Hana,Ford,Ranger,2021,48950.00
12137,2026-04-04,Finn,Tesla,Model 3,2017,42700.00
12138,2026-04-04,Mere,Toyota,Hilux,2012,24950.00
12139,2026-04-04,Jess,Subaru,Outback,2023,44950.00
12140,2026-04-04,Jess,Mitsubishi,Triton,2023,39700.00
12141,2026-04-04,Liam,Nissan,Navara,2021,43200.00
12142,2026-04-04,Finn,Ford,Ranger,2015,40000.00
12143,2026-04-04,Dan,Toyota,Aqua,2015,10450.00
12144,2026-04-04,Kiri,Kia,Sportage,2012,16900.00
12145,2026-04-04,Mere,Kia,Sportage,2025,36700.00
12146,2026-04-04,Olivia,Volkswagen,Golf,2025,26550.00
12147,2026-04-04,Olivia,Kia,Sportage,2013,21950.00
12148,2026-04-04,Olivia,Ford,Focus,2022,14150.00
12149,2026-04-04,Kiri,Toyota,Corolla,2015,15500.00
12150,2026-04-04,Olivia,Nissan,Leaf,2022,18800.00
12151,2026-04-04,Olivia,Ford,Ranger,2013,30350.00
12152,2026-04-04,Chloe,Tesla,Model 3,2019,46500.00
12153,2026-04-04,Kiri,Volkswagen,Golf,2017,20700.00
12154,2026-04-05,Finn,Volkswagen,Golf,2014,13700.00
12155,2026-04-05,Finn,Hyundai,Tucson,2014,22000.00
12156,2026-04-05,Finn,Toyota,Aqua,2015,11800.00
12157,2026-04-05,Ben,Honda,CR-V,2015,23500.00
12158,2026-04-05,Eve,Kia,Sportage,2024,35200.00
12159,2026-04-05,Ioane,Mitsubishi,Triton,2022,41100.00
12160,2026-04-05,Kiri,Toyota,Corolla,2022,20400.00
12161,2026-04-05,Jess,Mazda,BT-50,2024,53400.00
12162,2026-04-05,Chloe,Mitsubishi,Triton,2023,45050.00
12163,2026-04-05,Kiri,Volkswagen,Golf,2012,12750.00
12164,2026-04-05,Ben,Mazda,CX-5,2019,34550.00
12165,2026-04-05,Nikau,Hyundai,Tucson,2014,24450.00
12166,2026-04-05,Dan,Suzuki,Swift,2020,13050.00
12167,2026-04-05,Mere,Honda,CR-V,2021,34250.00
12168,2026-04-05,Mere,Hyundai,Tucson,2019,34300.00
12169,2026-04-05,Liam,Hyundai,Tucson,2017,24700.00
12170,2026-04-05,Ben,Mazda,BT-50,2022,51350.00
12171,2026-04-05,Dan,Honda,Fit,2014,7800.00
12172,2026-04-05,Chloe,Honda,CR-V,2013,18450.00
12173,2026-04-05,Hana,Toyota,Hilux,2012,26750.00
12174,2026-04-05,Finn,Mazda,Demio,2023,10000.00
12175,2026-04-05,Aroha,Ford,Focus,2014,8850.00
12176,2026-04-05,Liam,Tesla,Model 3,2016,37700.00
12177,2026-04-05,Jess,Honda,CR-V,2023,34950.00
12178,2026-04-05,Finn,Hyundai,Tucson,2018,27100.00
12179,2026-04-06,Jess,Tesla,Model 3,2018,47100.00
12180,2026-04-06,Hana,Honda,CR-V,2012,18050.00
12181,2026-04-06,Nikau,Nissan,Navara,2017,32450.00
12182,2026-04-06,Hana,Toyota,Hilux,2017,34900.00
12183,2026-04-06,Finn,Honda,CR-V,2018,24650.00
12184,2026-04-06,Finn,Toyota,Aqua,2018,11250.00
12185,2026-04-06,Hana,Suzuki,Swift,2016,12600.00
12186,2026-04-06,Hana,Kia,Sportage,2012,15850.00
12187,2026-04-06,Hana,Volkswagen,Golf,2017,17900.00
12188,2026-04-06,Dan,Suzuki,Swift,2012,8000.00
12189,2026-04-06,Olivia,Subaru,Outback,2013,25050.00
12190,2026-04-06,Dan,Volkswagen,Golf,2022,20650.00
12191,2026-04-06,Ioane,Honda,Fit,2023,13050.00
12192,2026-04-06,Ioane,Mazda,Demio,2013,5700.00
12193,2026-04-06,Kiri,Mitsubishi,Outlander,2019,36550.00
12194,2026-04-06,Nikau,Kia,Sportage,2019,25700.00
12195,2026-04-06,Finn,Tesla,Model 3,2022,56250.00
12196,2026-04-06,Chloe,Mitsubishi,Triton,2018,32000.00
12197,2026-04-06,Mere,Holden,Commodore,2023,27500.00
12198,2026-04-06,Ben,Subaru,Forester,2019,30750.00
12199,2026-04-06,Chloe,Mitsubishi,Triton,2018,34700.00
12200,2026-04-06,Dan,Nissan,Navara,2021,36050.00
12201,2026-04-06,Olivia,Mazda,CX-5,2015,21850.00
12202,2026-04-06,Dan,Toyota,Aqua,2012,8000.00
12203,2026-04-07,Chloe,Ford,Focus,2012,8450.00
12204,2026-04-07,Eve,Toyota,Yaris,2022,15150.00
12205,2026-04-07,Eve,Ford,Focus,2021,13700.00
12206,2026-04-07,Aroha,Toyota,Hilux,2013,24600.00
12207,2026-04-07,Mere,Toyota,Yaris,2022,16500.00
12208,2026-04-07,Hana,Mitsubishi,Triton,2024,42000.00
12209,2026-04-07,Liam,Mazda,BT-50,2020,37450.00
12210,2026-04-07,Kiri,Subaru,Forester,2013,21100.00
12211,2026-04-07,Hana,Mazda,CX-5,2024,36750.00
12212,2026-04-07,Ioane,Mazda,CX-5,2016,28800.00
12213,2026-04-07,Ben,Toyota,Hilux,2012,29400.00
12214,2026-04-07,Ioane,Toyota,Aqua,2018,13900.00
12215,2026-04-07,Finn,Toyota,Hilux,2018,37250.00
12216,2026-04-07,Hana,Honda,Civic,2018,19450.00
12217,2026-04-07,Aroha,Tesla,Model 3,2015,34050.00
12218,2026-04-07,Hana,Honda,Fit,2019,10450.00
12219,2026-04-07,Hana,Holden,Commodore,2018,20550.00
12220,2026-04-07,Kiri,Toyota,Aqua,2018,12400.00
12221,2026-04-07,Aroha,Toyota,Yaris,2018,15600.00
12222,2026-04-07,Finn,Toyota,Yaris,2018,12700.00
12223,2026-04-07,Ben,Suzuki,Swift,2012,7900.00
12224,2026-04-07,Mere,Holden,Commodore,2017,18650.00
12225,2026-04-07,Mere,Mazda,BT-50,2025,45000.00
12226,2026-04-07,Ioane,Mazda,BT-50,2018,42100.00
12227,2026-04-07,Dan,Nissan,Leaf,2016,14550.00
12228,2026-04-07,Nikau,Suzuki,Swift,2019,15400.00
12229,2026-04-08,Liam,Honda,CR-V,2024,39000.00
12230,2026-04-08,Ioane,Nissan,Navara,2012,25800.00
12231,2026-04-08,Olivia,Ford,Ranger,2023,56900.00
12232,2026-04-08,Ioane,Tesla,Model 3,2013,37050.00
12233,2026-04-08,Liam,Mitsubishi,Outlander,2024,35450.00
12234,2026-04-08,Liam,Honda,Fit,2018,9300.00
12235,2026-04-08,Ioane,Tesla,Model 3,2025,75600.00
12236,2026-04-08,Eve,Toyota,RAV4,2025,51000.00
12237,2026-04-08,Mere,Hyundai,Tucson,2019,32750.00
12238,2026-04-08,Liam,Mitsubishi,Triton,2019,38000.00
12239,2026-04-08,Nikau,Tesla,Model 3,2016,47750.00
12240,2026-04-08,Hana,Mitsubishi,Outlander,2014,22250.00
12241,2026-04-08,Aroha,Kia,Sportage,2019,27950.00
12242,2026-04-08,Chloe,Ford,Ranger,2019,49550.00
12243,2026-04-08,Olivia,Mazda,Axela,2019,11750.00
12244,2026-04-08,Ioane,Toyota,Aqua,2024,17200.00
12245,2026-04-08,Eve,Mazda,CX-5,2016,26600.00
12246,2026-04-08,Liam,Subaru,Forester,2018,26550.00
12247,2026-04-08,Mere,Tesla,Model 3,2013,34300.00
12248,2026-04-08,Mere,Toyota,Hilux,2023,53750.00
12249,2026-04-08,Hana,Mazda,CX-5,2014,22550.00
12250,2026-04-08,Hana,Toyota,RAV4,2013,26700.00
12251,2026-04-09,Aroha,Toyota,Aqua,2023,13600.00
12252,2026-04-09,Eve,Mazda,BT-50,2014,26900.00
12253,2026-04-09,Liam,Toyota,Yaris,2017,11950.00
12254,2026-04-09,Finn,Subaru,Forester,2022,32100.00
12255,2026-04-09,Kiri,Volkswagen,Golf,2019,21350.00
12256,2026-04-09,Hana,Subaru,Outback,2018,30600.00
12257,2026-04-09,Dan,Mazda,CX-5,2022,40650.00
12258,2026-04-09,Ioane,Hyundai,Tucson,2016,25500.00
12259,2026-04-09,Chloe,Mazda,CX-5,2017,28200.00
12260,2026-04-09,Eve,Tesla,Model 3,2017,45850.00
12261,2026-04-09,Hana,Honda,Fit,2012,7100.00
12262,2026-04-09,Kiri,Honda,Fit,2012,7800.00
12263,2026-04-09,Eve,Subaru,Outback,2022,44800.00
12264,2026-04-09,Finn,Toyota,Yaris,2020,16650.00
12265,2026-04-09,Kiri,Nissan,Navara,2016,33200.00
12266,2026-04-09,Nikau,Mazda,Axela,2023,17900.00
12267,2026-04-09,Eve,Toyota,Yaris,2015,10900.00
12268,2026-04-09,Ioane,Nissan,Navara,2023,42250.00
12269,2026-04-09,Hana,Suzuki,Swift,2025,20450.00
12270,2026-04-09,Jess,Nissan,Leaf,2018,13300.00
12271,2026-04-09,Eve,Ford,Ranger,2017,42450.00
12272,2026-04-09,Eve,Volkswagen,Golf,2023,22950.00
12273,2026-04-09,Hana,Toyota,Hilux,2020,46050.00
12274,2026-04-09,Olivia,Tesla,Model 3,2020,52000.00
12275,2026-04-09,Chloe,Mitsubishi,Outlander,2024,43800.00
12276,2026-04-09,Mere,Toyota,Aqua,2024,16550.00
12277,2026-04-09,Mere,Ford,Ranger,2023,47650.00
12278,2026-04-09,Kiri,Mitsubishi,Triton,2013,25450.00
12279,2026-04-09,Mere,Toyota,Yaris,2016,11300.00
12280,2026-04-09,Finn,Holden,Commodore,2014,19250.00
12281,2026-04-10,Olivia,Tesla,Model 3,2017,42950.00
12282,2026-04-10,Mere,Subaru,Outback,2022,43850.00
12283,2026-04-10,Aroha,Subaru,Outback,2024,42300.00
12284,2026-04-10,Jess,Mitsubishi,Triton,2017,31250.00
12285,2026-04-10,Hana,Nissan,Leaf,2023,21100.00
12286,2026-04-10,Mere,Toyota,Aqua,2015,9750.00
12287,2026-04-10,Dan,Toyota,Yaris,2023,16150.00
12288,2026-04-10,Hana,Tesla,Model 3,2016,44450.00
12289,2026-04-10,Chloe,Toyota,RAV4,2014,30750.00
12290,2026-04-10,Jess,Hyundai,Tucson,2012,18350.00
12291,2026-04-10,Eve,Ford,Ranger,2023,55150.00
12292,2026-04-10,Ioane,Subaru,Outback,2016,32300.00
12293,2026-04-10,Nikau,Nissan,Navara,2012,22800.00
12294,2026-04-10,Liam,Toyota,RAV4,2021,40100.00
12295,2026-04-10,Finn,Honda,CR-V,2017,26950.00
12296,2026-04-10,Mere,Tesla,Model 3,2022,52550.00
12297,2026-04-10,Olivia,Honda,Fit,2024,12100.00
12298,2026-04-11,Eve,Holden,Commodore,2020,25100.00
12299,2026-04-11,Aroha,Kia,Sportage,2020,27550.00
12300,2026-04-11,Ben,Ford,Focus,2022,11950.00
12301,2026-04-11,Ioane,Mitsubishi,Triton,2024,50900.00
12302,2026-04-11,Olivia,Mitsubishi,Triton,2015,28950.00
12303,2026-04-11,Olivia,Hyundai,Tucson,2014,19200.00
12304,2026-04-11,Finn,Mazda,CX-5,2024,38650.00
12305,2026-04-11,Nikau,Holden,Commodore,2016,20000.00
12306,2026-04-11,Kiri,Mazda,Axela,2021,13850.00
12307,2026-04-11,Eve,Subaru,Outback,2021,34850.00
12308,2026-04-11,Kiri,Nissan,Tiida,2020,9500.00
12309,2026-04-11,Dan,Subaru,Forester,2023,44200.00
12310,2026-04-11,Eve,Mitsubishi,Triton,2015,29250.00
12311,2026-04-11,Dan,Mazda,Axela,2018,13100.00
12312,2026-04-11,Jess,Hyundai,Tucson,2024,37700.00
12313,2026-04-11,Jess,Mazda,CX-5,2023,39450.00
12314,2026-04-11,Eve,Hyundai,Tucson,2024,40750.00
12315,2026-04-11,Aroha,Subaru,Outback,2015,24500.00
12316,2026-04-11,Ioane,Subaru,Outback,2021,40100.00
12317,2026-04-11,Kiri,Toyota,Corolla,2019,21300.00
12318,2026-04-11,Eve,Ford,Ranger,2017,45150.00
12319,2026-04-12,Chloe,Tesla,Model 3,2024,61300.00
12320,2026-04-12,Dan,Nissan,Navara,2023,51600.00
12321,2026-04-12,Finn,Subaru,Outback,2020,37000.00
12322,2026-04-12,Jess,Toyota,Yaris,2019,16200.00
12323,2026-04-12,Mere,Nissan,Navara,2025,49050.00
12324,2026-04-12,Hana,Toyota,Hilux,2012,26500.00
12325,2026-04-12,Dan,Mazda,BT-50,2023,47200.00
12326,2026-04-12,Dan,Hyundai,Tucson,2014,23800.00
12327,2026-04-12,Kiri,Honda,Fit,2016,10400.00
12328,2026-04-12,Aroha,Nissan,Navara,2012,24000.00
12329,2026-04-12,Olivia,Toyota,RAV4,2020,37700.00
12330,2026-04-12,Nikau,Honda,CR-V,2013,22600.00
12331,2026-04-12,Hana,Mitsubishi,Triton,2012,20300.00
12332,2026-04-12,Ben,Mazda,CX-5,2012,19650.00
12333,2026-04-12,Chloe,Volkswagen,Golf,2022,24450.00
12334,2026-04-12,Kiri,Mitsubishi,Triton,2023,41350.00
12335,2026-04-12,Jess,Toyota,RAV4,2023,40500.00
12336,2026-04-12,Chloe,Hyundai,Tucson,2013,21150.00
12337,2026-04-12,Finn,Mitsubishi,Triton,2021,40100.00
12338,2026-04-12,Dan,Subaru,Outback,2017,34900.00
12339,2026-04-13,Ben,Mazda,Demio,2022,12050.00
12340,2026-04-13,Liam,Mitsubishi,Triton,2024,39250.00
12341,2026-04-13,Jess,Mazda,Demio,2019,10350.00
12342,2026-04-13,Finn,Tesla,Model 3,2023,55650.00
12343,2026-04-13,Nikau,Toyota,Yaris,2023,16650.00
12344,2026-04-13,Hana,Toyota,RAV4,2021,40100.00
12345,2026-04-13,Kiri,Subaru,Outback,2020,38650.00
12346,2026-04-13,Mere,Honda,CR-V,2021,28050.00
12347,2026-04-13,Ben,Toyota,Aqua,2024,17550.00
12348,2026-04-13,Nikau,Toyota,Hilux,2019,36650.00
12349,2026-04-13,Mere,Toyota,Corolla,2019,16900.00
12350,2026-04-13,Ioane,Hyundai,Tucson,2019,27800.00
12351,2026-04-13,Dan,Toyota,Yaris,2018,12500.00
12352,2026-04-13,Chloe,Tesla,Model 3,2012,36150.00
12353,2026-04-13,Jess,Kia,Sportage,2021,34800.00
12354,2026-04-13,Mere,Nissan,Leaf,2016,13900.00
12355,2026-04-13,Liam,Nissan,Tiida,2015,6350.00
12356,2026-04-13,Finn,Mazda,Demio,2015,6500.00
12357,2026-04-13,Ioane,Mazda,CX-5,2015,21300.00
12358,2026-04-13,Dan,Nissan,Navara,2016,32400.00
12359,2026-04-13,Nikau,Nissan,Tiida,2012,5100.00
12360,2026-04-13,Dan,Nissan,Navara,2017,32500.00
12361,2026-04-14,Hana,Mitsubishi,Triton,2014,29900.00
12362,2026-04-14,Finn,Mazda,Demio,2020,11100.00
12363,2026-04-14,Mere,Mazda,BT-50,2017,34150.00
12364,2026-04-14,Olivia,Ford,Ranger,2021,56600.00
12365,2026-04-14,Nikau,Kia,Sportage,2022,32100.00
12366,2026-04-14,Kiri,Tesla,Model 3,2025,59750.00
12367,2026-04-14,Kiri,Mitsubishi,Triton,2025,48350.00
12368,2026-04-14,Liam,Toyota,Hilux,2015,29250.00
12369,2026-04-14,Hana,Mazda,Axela,2014,9450.00
12370,2026-04-14,Hana,Holden,Commodore,2022,27900.00
12371,2026-04-14,Finn,Mitsubishi,Triton,2015,29600.00
12372,2026-04-14,Dan,Toyota,Yaris,2024,16550.00
12373,2026-04-14,Chloe,Mazda,CX-5,2022,40450.00
12374,2026-04-14,Liam,Mazda,BT-50,2015,28250.00
12375,2026-04-14,Dan,Volkswagen,Golf,2022,23150.00
12376,2026-04-14,Kiri,Subaru,Outback,2024,39300.00
12377,2026-04-14,Mere,Toyota,RAV4,2019,31450.00
12378,2026-04-15,Dan,Mitsubishi,Triton,2023,44950.00
12379,2026-04-15,Liam,Subaru,Outback,2012,21800.00
12380,2026-04-15,Nikau,Mitsubishi,Triton,2017,32400.00
12381,2026-04-15,Ioane,Ford,Ranger,2012,24400.00
12382,2026-04-15,Dan,Kia,Sportage,2013,19450.00
12383,2026-04-15,Kiri,Toyota,RAV4,2021,36150.00
12384,2026-04-15,Ioane,Honda,CR-V,2013,17500.00
12385,2026-04-15,Jess,Mazda,CX-5,2024,33600.00
12386,2026-04-15,Nikau,Nissan,Leaf,2019,15700.00
12387,2026-04-15,Ioane,Mazda,Demio,2025,12000.00
12388,2026-04-15,Dan,Toyota,Hilux,2024,52150.00
12389,2026-04-15,Nikau,Toyota,Hilux,2017,39450.00
12390,2026-04-15,Ioane,Suzuki,Swift,2012,9750.00
12391,2026-04-15,Dan,Toyota,RAV4,2016,30400.00
12392,2026-04-15,Aroha,Ford,Focus,2013,9000.00
12393,2026-04-15,Dan,Mazda,BT-50,2022,46200.00
12394,2026-04-16,Eve,Honda,Fit,2020,11100.00
12395,2026-04-16,Mere,Mazda,CX-5,2019,32950.00
12396,2026-04-16,Ioane,Toyota,Aqua,2017,12000.00
12397,2026-04-16,Eve,Volkswagen,Golf,2023,26500.00
12398,2026-04-16,Chloe,Hyundai,Tucson,2014,20200.00
12399,2026-04-16,Mere,Honda,Fit,2021,10950.00
12400,2026-04-16,Hana,Holden,Commodore,2016,21950.00
12401,2026-04-16,Kiri,Toyota,RAV4,2021,42300.00
12402,2026-04-16,Hana,Toyota,Hilux,2012,30200.00
12403,2026-04-16,Ben,Volkswagen,Golf,2017,20150.00
12404,2026-04-16,Hana,Ford,Focus,2020,11800.00
12405,2026-04-16,Nikau,Hyundai,Tucson,2019,26250.00
12406,2026-04-16,Chloe,Mazda,BT-50,2023,43050.00
12407,2026-04-16,Jess,Toyota,Yaris,2022,15300.00
12408,2026-04-16,Finn,Toyota,Yaris,2021,15100.00
12409,2026-04-16,Finn,Volkswagen,Golf,2018,22000.00
12410,2026-04-16,Mere,Mazda,CX-5,2013,22000.00
12411,2026-04-16,Liam,Nissan,Leaf,2024,19050.00
12412,2026-04-16,Ioane,Tesla,Model 3,2013,39300.00
12413,2026-04-16,Finn,Suzuki,Swift,2014,9300.00
12414,2026-04-16,Dan,Hyundai,Tucson,2016,24600.00
12415,2026-04-16,Aroha,Suzuki,Swift,2014,8950.00
12416,2026-04-16,Ioane,Toyota,Aqua,2021,13300.00
12417,2026-04-16,Olivia,Toyota,Yaris,2018,12600.00
12418,2026-04-17,Jess,Tesla,Model 3,2020,58150.00
12419,2026-04-17,Eve,Ford,Ranger,2016,35400.00
12420,2026-04-17,Olivia,Toyota,Aqua,2019,13400.00
12421,2026-04-17,Dan,Nissan,Navara,2023,42500.00
12422,2026-04-17,Olivia,Mazda,Demio,2015,7300.00
12423,2026-04-17,Aroha,Subaru,Outback,2018,34900.00
12424,2026-04-17,Liam,Mazda,CX-5,2024,37150.00
12425,2026-04-17,Chloe,Ford,Focus,2014,8450.00
12426,2026-04-17,Jess,Tesla,Model 3,2020,47350.00
12427,2026-04-17,Ben,Mazda,BT-50,2013,28650.00
12428,2026-04-17,Kiri,Toyota,RAV4,2020,38100.00
12429,2026-04-17,Ioane,Mazda,CX-5,2021,31250.00
12430,2026-04-17,Eve,Mazda,Axela,2016,11100.00
12431,2026-04-17,Ioane,Mazda,BT-50,2014,28950.00
12432,2026-04-17,Eve,Toyota,Yaris,2012,8000.00
12433,2026-04-17,Liam,Toyota,Aqua,2017,12100.00
12434,2026-04-17,Nikau,Toyota,Aqua,2017,12450.00
12435,2026-04-17,Hana,Honda,Fit,2018,10300.00
12436,2026-04-17,Finn,Toyota,RAV4,2016,29750.00
12437,2026-04-17,Ioane,Ford,Focus,2017,9400.00
12438,2026-04-17,Kiri,Mazda,BT-50,2019,35800.00
12439,2026-04-17,Mere,Nissan,Leaf,2012,11650.00
12440,2026-04-17,Jess,Subaru,Outback,2014,22200.00
12441,2026-04-17,Liam,Honda,CR-V,2015,20550.00
12442,2026-04-17,Ioane,Mazda,Demio,2012,6750.00
12443,2026-04-17,Chloe,Mitsubishi,Outlander,2014,26800.00
12444,2026-04-18,Liam,Nissan,Tiida,2025,12100.00
12445,2026-04-18,Chloe,Tesla,Model 3,2018,53300.00
12446,2026-04-18,Dan,Toyota,Corolla,2023,22250.00
12447,2026-04-18,Olivia,Honda,CR-V,2025,41850.00
12448,2026-04-18,Mere,Mazda,BT-50,2020,36100.00
12449,2026-04-18,Dan,Honda,CR-V,2023,31300.00
12450,2026-04-18,Kiri,Mazda,CX-5,2018,25900.00
12451,2026-04-18,Hana,Ford,Focus,2014,7950.00
12452,2026-04-18,Chloe,Volkswagen,Golf,2024,24850.00
12453,2026-04-18,Ioane,Holden,Commodore,2023,25900.00
12454,2026-04-18,Chloe,Mazda,CX-5,2019,34400.00
12455,2026-04-18,Finn,Toyota,Hilux,2014,30350.00
12456,2026-04-18,Finn,Nissan,Tiida,2022,9000.00
12457,2026-04-18,Liam,Toyota,Hilux,2015,37100.00
12458,2026-04-18,Ben,Subaru,Outback,2025,43750.00
12459,2026-04-18,Finn,Hyundai,Tucson,2017,24500.00
12460,2026-04-18,Chloe,Honda,CR-V,2015,25700.00
12461,2026-04-18,Chloe,Toyota,Yaris,2014,12450.00
12462,2026-04-18,Ioane,Mazda,CX-5,2020,34000.00
12463,2026-04-18,Ioane,Ford,Ranger,2012,25700.00
12464,2026-04-18,Ben,Ford,Ranger,2013,34050.00
12465,2026-04-19,Ben,Suzuki,Swift,2023,18600.00
12466,2026-04-19,Kiri,Kia,Sportage,2013,18850.00
12467,2026-04-19,Liam,Mitsubishi,Triton,2016,31600.00
12468,2026-04-19,Hana,Mitsubishi,Triton,2015,24750.00
12469,2026-04-19,Kiri,Tesla,Model 3,2022,61650.00
12470,2026-04-19,Eve,Toyota,Hilux,2012,23450.00
12471,2026-04-19,Kiri,Tesla,Model 3,2019,55400.00
12472,2026-04-19,Kiri,Nissan,Navara,2014,26800.00
12473,2026-04-19,Ioane,Kia,Sportage,2012,16150.00
12474,2026-04-19,Jess,Toyota,Aqua,2023,16550.00
12475,2026-04-19,Mere,Honda,CR-V,2023,34100.00
12476,2026-04-19,Dan,Toyota,RAV4,2019,31800.00
12477,2026-04-19,Mere,Tesla,Model 3,2022,55700.00
12478,2026-04-19,Jess,Mazda,CX-5,2015,26150.00
12479,2026-04-19,Eve,Mitsubishi,Triton,2021,43150.00
12480,2026-04-19,Liam,Kia,Sportage,2015,24850.00
12481,2026-04-19,Kiri,Toyota,Aqua,2025,14750.00
12482,2026-04-19,Finn,Mazda,BT-50,2015,32950.00
12483,2026-04-19,Ben,Subaru,Outback,2020,39000.00
12484,2026-04-19,Liam,Tesla,Model 3,2017,42350.00
12485,2026-04-20,Chloe,Volkswagen,Golf,2024,22650.00
12486,2026-04-20,Olivia,Mazda,Axela,2018,12400.00
12487,2026-04-20,Ben,Honda,CR-V,2015,20700.00
12488,2026-04-20,Liam,Mazda,Axela,2019,15050.00
12489,2026-04-20,Chloe,Tesla,Model 3,2025,66750.00
12490,2026-04-20,Finn,Toyota,Aqua,2023,15950.00
12491,2026-04-20,Aroha,Honda,CR-V,2017,26800.00
12492,2026-04-20,Ioane,Nissan,Navara,2018,33500.00
12493,2026-04-20,Finn,Kia,Sportage,2016,21200.00
12494,2026-04-20,Liam,Mitsubishi,Triton,2014,29350.00
12495,2026-04-20,Finn,Tesla,Model 3,2015,34900.00
12496,2026-04-20,Liam,Ford,Focus,2023,12500.00
12497,2026-04-20,Kiri,Mazda,BT-50,2012,24700.00
12498,2026-04-20,Liam,Toyota,Yaris,2020,14150.00
12499,2026-04-20,Ioane,Holden,Commodore,2013,18300.00
12500,2026-04-20,Chloe,Mitsubishi,Triton,2012,22800.00
12501,2026-04-20,Olivia,Toyota,RAV4,2022,43400.00
12502,2026-04-20,Chloe,Ford,Ranger,2012,28250.00
12503,2026-04-20,Liam,Suzuki,Swift,2014,9450.00
12504,2026-04-21,Nikau,Hyundai,Tucson,2021,28600.00
12505,2026-04-21,Liam,Toyota,Hilux,2021,48500.00
12506,2026-04-21,Nikau,Mazda,Demio,2023,9900.00
12507,2026-04-21,Jess,Toyota,Aqua,2024,15200.00
12508,2026-04-21,Chloe,Nissan,Tiida,2025,11650.00
12509,2026-04-21,Liam,Toyota,Corolla,2023,20450.00
12510,2026-04-21,Mere,Ford,Focus,2024,16600.00
12511,2026-04-21,Dan,Nissan,Navara,2022,37500.00
12512,2026-04-21,Jess,Ford,Focus,2016,11000.00
12513,2026-04-21,Mere,Nissan,Navara,2019,33700.00
12514,2026-04-21,Olivia,Ford,Ranger,2022,48600.00
12515,2026-04-21,Dan,Nissan,Leaf,2024,22750.00
12516,2026-04-21,Dan,Ford,Focus,2015,10650.00
12517,2026-04-21,Eve,Nissan,Tiida,2025,11650.00
12518,2026-04-21,Dan,Subaru,Outback,2017,30150.00
12519,2026-04-21,Hana,Subaru,Outback,2013,20300.00
12520,2026-04-21,Nikau,Subaru,Outback,2013,22550.00
12521,2026-04-21,Eve,Toyota,Aqua,2017,12850.00
12522,2026-04-21,Ioane,Toyota,Hilux,2018,34900.00
12523,2026-04-21,Olivia,Ford,Ranger,2022,53700.00
12524,2026-04-21,Mere,Suzuki,Swift,2022,15750.00
12525,2026-04-21,Mere,Nissan,Tiida,2022,8700.00
12526,2026-04-21,Finn,Mazda,Demio,2018,9550.00
12527,2026-04-21,Finn,Toyota,Yaris,2012,8600.00
12528,2026-04-21,Aroha,Honda,Civic,2018,19500.00
12529,2026-04-21,Eve,Honda,CR-V,2023,33750.00
12530,2026-04-21,Nikau,Holden,Commodore,2015,18050.00
12531,2026-04-22,Finn,Kia,Sportage,2020,31800.00
12532,2026-04-22,Eve,Nissan,Leaf,2017,15050.00
12533,2026-04-22,Dan,Honda,CR-V,2019,30150.00
12534,2026-04-22,Liam,Holden,Commodore,2024,31500.00
12535,2026-04-22,Mere,Nissan,Leaf,2014,11050.00
12536,2026-04-22,Ioane,Holden,Commodore,2015,19650.00
12537,2026-04-22,Finn,Mitsubishi,Triton,2023,46350.00
12538,2026-04-22,Jess,Subaru,Outback,2023,46050.00
12539,2026-04-22,Ioane,Nissan,Tiida,2013,5650.00
12540,2026-04-22,Ben,Toyota,Yaris,2024,19700.00
12541,2026-04-22,Eve,Nissan,Leaf,2019,16700.00
12542,2026-04-22,Ioane,Toyota,Hilux,2013,30750.00
12543,2026-04-22,Liam,Volkswagen,Golf,2019,21700.00
12544,2026-04-22,Ioane,Tesla,Model 3,2017,40950.00
12545,2026-04-22,Dan,Mitsubishi,Outlander,2012,19300.00
12546,2026-04-22,Eve,Subaru,Outback,2022,39500.00
12547,2026-04-22,Dan,Subaru,Outback,2020,34050.00
12548,2026-04-22,Dan,Toyota,Yaris,2013,11550.00
12549,2026-04-22,Kiri,Holden,Commodore,2018,23950.00
12550,2026-04-23,Ioane,Toyota,Yaris,2024,18000.00
12551,2026-04-23,Jess,Kia,Sportage,2015,19950.00
12552,2026-04-23,Mere,Honda,CR-V,2023,34850.00
12553,2026-04-23,Liam,Toyota,Aqua,2012,8250.00
12554,2026-04-23,Kiri,Holden,Commodore,2016,21050.00
12555,2026-04-23,Hana,Tesla,Model 3,2019,45300.00
12556,2026-04-23,Eve,Kia,Sportage,2024,41150.00
12557,2026-04-23,Mere,Nissan,Tiida,2018,6900.00
12558,2026-04-23,Mere,Volkswagen,Golf,2013,14350.00
12559,2026-04-23,Chloe,Mitsubishi,Triton,2019,38400.00
12560,2026-04-23,Eve,Mazda,BT-50,2017,31300.00
12561,2026-04-23,Olivia,Toyota,RAV4,2018,36300.00
12562,2026-04-23,Dan,Honda,Civic,2022,17900.00
12563,2026-04-23,Mere,Mazda,Demio,2021,9150.00
12564,2026-04-23,Mere,Subaru,Outback,2025,40800.00
12565,2026-04-23,Olivia,Nissan,Tiida,2019,7850.00
12566,2026-04-23,Aroha,Mazda,BT-50,2014,26250.00
12567,2026-04-23,Jess,Toyota,Yaris,2014,9400.00
12568,2026-04-23,Liam,Toyota,RAV4,2024,40350.00
12569,2026-04-23,Aroha,Toyota,Hilux,2025,50150.00
12570,2026-04-23,Eve,Ford,Ranger,2023,51900.00
12571,2026-04-23,Hana,Hyundai,Tucson,2012,21000.00
12572,2026-04-23,Jess,Holden,Commodore,2016,18100.00
12573,2026-04-23,Finn,Mazda,BT-50,2019,43400.00
12574,2026-04-23,Liam,Ford,Ranger,2020,41750.00
12575,2026-04-23,Mere,Nissan,Tiida,2016,7850.00
12576,2026-04-24,Chloe,Nissan,Navara,2016,31950.00
12577,2026-04-24,Kiri,Toyota,Aqua,2025,17450.00
12578,2026-04-24,Eve,Suzuki,Swift,2012,9250.00
12579,2026-04-24,Ben,Mazda,BT-50,2017,33300.00
12580,2026-04-24,Hana,Mazda,Demio,2015,7500.00
12581,2026-04-24,Jess,Nissan,Tiida,2017,7150.00
12582,2026-04-24,Chloe,Suzuki,Swift,2016,11550.00
12583,2026-04-24,Eve,Toyota,Yaris,2013,10150.00
12584,2026-04-24,Dan,Nissan,Navara,2020,35200.00
12585,2026-04-24,Jess,Mitsubishi,Triton,2013,21100.00
12586,2026-04-24,Olivia,Toyota,RAV4,2022,41050.00
12587,2026-04-24,Dan,Mitsubishi,Triton,2025,41500.00
12588,2026-04-24,Nikau,Kia,Sportage,2024,32600.00
12589,2026-04-24,Hana,Ford,Ranger,2021,51150.00
12590,2026-04-24,Ben,Hyundai,Tucson,2012,18650.00
12591,2026-04-24,Olivia,Volkswagen,Golf,2024,28750.00
12592,2026-04-24,Eve,Nissan,Navara,2025,43600.00
12593,2026-04-24,Ioane,Volkswagen,Golf,2024,25800.00
12594,2026-04-24,Aroha,Hyundai,Tucson,2025,34050.00
12595,2026-04-24,Finn,Toyota,Yaris,2019,15650.00
12596,2026-04-24,Finn,Mazda,Demio,2023,12400.00
12597,2026-04-24,Liam,Mazda,CX-5,2012,17000.00
12598,2026-04-24,Ioane,Mazda,CX-5,2024,40450.00
12599,2026-04-24,Dan,Mazda,Demio,2013,7450.00
12600,2026-04-24,Kiri,Toyota,RAV4,2018,38950.00
12601,2026-04-24,Chloe,Volkswagen,Golf,2016,19650.00
12602,2026-04-25,Liam,Holden,Commodore,2024,25950.00
12603,2026-04-25,Kiri,Tesla,Model 3,2017,47500.00
12604,2026-04-25,Dan,Ford,Focus,2016,8750.00
12605,2026-04-25,Dan,Mitsubishi,Triton,2023,38950.00
12606,2026-04-25,Ben,Suzuki,Swift,2016,10600.00
12607,2026-04-25,Ben,Mitsubishi,Triton,2013,23350.00
12608,2026-04-25,Liam,Ford,Focus,2025,18050.00
12609,2026-04-25,Liam,Subaru,Forester,2012,21050.00
12610,2026-04-25,Eve,Suzuki,Swift,2024,16500.00
12611,2026-04-25,Jess,Holden,Commodore,2025,28250.00
12612,2026-04-25,Eve,Mazda,Axela,2015,9550.00
12613,2026-04-25,Eve,Nissan,Leaf,2015,14000.00
12614,2026-04-25,Hana,Mazda,CX-5,2017,27500.00
12615,2026-04-25,Aroha,Honda,Civic,2013,13800.00
12616,2026-04-25,Liam,Nissan,Navara,2013,24750.00
12617,2026-04-25,Liam,Tesla,Model 3,2012,35600.00
12618,2026-04-25,Ben,Ford,Ranger,2021,52600.00
12619,2026-04-25,Eve,Mazda,CX-5,2022,36350.00
12620,2026-04-26,Mere,Mazda,Demio,2022,11200.00
12621,2026-04-26,Jess,Volkswagen,Golf,2017,16150.00
12622,2026-04-26,Liam,Mitsubishi,Outlander,2019,34850.00
12623,2026-04-26,Olivia,Ford,Focus,2013,7200.00
12624,2026-04-26,Mere,Toyota,Aqua,2021,13150.00
12625,2026-04-26,Dan,Toyota,Aqua,2022,17000.00
12626,2026-04-26,Dan,Toyota,Corolla,2019,18700.00
12627,2026-04-26,Dan,Toyota,Yaris,2024,18200.00
12628,2026-04-26,Mere,Honda,CR-V,2018,29850.00
12629,2026-04-26,Liam,Ford,Ranger,2019,50250.00
12630,2026-04-26,Liam,Mitsubishi,Triton,2023,43400.00
12631,2026-04-26,Jess,Toyota,Aqua,2019,12500.00
12632,2026-04-26,Dan,Mazda,BT-50,2024,48050.00
12633,2026-04-26,Kiri,Nissan,Leaf,2019,16500.00
12634,2026-04-26,Finn,Kia,Sportage,2020,28850.00
12635,2026-04-26,Finn,Holden,Commodore,2014,18000.00
12636,2026-04-26,Ioane,Holden,Commodore,2012,15300.00
12637,2026-04-26,Liam,Mazda,BT-50,2025,51100.00
12638,2026-04-27,Chloe,Toyota,Corolla,2016,18050.00
12639,2026-04-27,Chloe,Honda,Fit,2024,13350.00
12640,2026-04-27,Mere,Ford,Ranger,2020,42650.00
12641,2026-04-27,Mere,Honda,Civic,2018,19650.00
12642,2026-04-27,Ioane,Toyota,RAV4,2018,32100.00
12643,2026-04-27,Olivia,Mazda,Demio,2017,9300.00
12644,2026-04-27,Hana,Nissan,Leaf,2018,16400.00
12645,2026-04-27,Ioane,Mitsubishi,Triton,2015,26850.00
12646,2026-04-27,Hana,Mitsubishi,Triton,2023,44750.00
12647,2026-04-27,Finn,Ford,Focus,2016,9000.00
12648,2026-04-27,Ben,Tesla,Model 3,2018,43500.00
12649,2026-04-27,Olivia,Holden,Commodore,2016,17250.00
12650,2026-04-27,Jess,Mitsubishi,Triton,2015,28400.00
12651,2026-04-27,Hana,Subaru,Outback,2014,28850.00
12652,2026-04-28,Mere,Honda,Fit,2014,8000.00
12653,2026-04-28,Liam,Mazda,CX-5,2019,33550.00
12654,2026-04-28,Ben,Subaru,Outback,2014,26250.00
12655,2026-04-28,Aroha,Kia,Sportage,2013,18600.00
12656,2026-04-28,Jess,Suzuki,Swift,2017,13100.00
12657,2026-04-28,Kiri,Mazda,CX-5,2025,44500.00
12658,2026-04-28,Dan,Subaru,Outback,2024,44100.00
12659,2026-04-28,Kiri,Toyota,Yaris,2020,17700.00
12660,2026-04-28,Mere,Tesla,Model 3,2022,53150.00
12661,2026-04-28,Hana,Hyundai,Tucson,2020,32300.00
12662,2026-04-28,Kiri,Toyota,Yaris,2016,13800.00
12663,2026-04-28,Nikau,Toyota,Hilux,2018,43050.00
12664,2026-04-28,Kiri,Hyundai,Tucson,2014,23200.00
12665,2026-04-28,Dan,Volkswagen,Golf,2013,13450.00
12666,2026-04-28,Nikau,Volkswagen,Golf,2012,14000.00
12667,2026-04-28,Ben,Toyota,Yaris,2019,14700.00
12668,2026-04-28,Ioane,Mazda,Demio,2024,11400.00
12669,2026-04-28,Finn,Mitsubishi,Triton,2025,44100.00
12670,2026-04-28,Aroha,Mitsubishi,Triton,2025,41150.00
12671,2026-04-28,Jess,Mazda,BT-50,2012,21750.00
12672,2026-04-28,Dan,Nissan,Tiida,2024,9650.00
12673,2026-04-28,Liam,Honda,CR-V,2012,19000.00
12674,2026-04-28,Aroha,Ford,Ranger,2023,49250.00
12675,2026-04-29,Ioane,Toyota,Aqua,2021,15250.00
12676,2026-04-29,Dan,Nissan,Leaf,2012,11050.00
12677,2026-04-29,Ioane,Toyota,Yaris,2021,18250.00
12678,2026-04-29,Nikau,Mazda,BT-50,2017,35450.00
12679,2026-04-29,Liam,Toyota,RAV4,2018,39300.00
12680,2026-04-29,Dan,Kia,Sportage,2019,25000.00
12681,2026-04-29,Ioane,Mitsubishi,Triton,2024,38700.00
12682,2026-04-29,Olivia,Ford,Focus,2013,8550.00
12683,2026-04-29,Olivia,Toyota,Yaris,2022,15300.00
12684,2026-04-29,Mere,Nissan,Navara,2015,34350.00
12685,2026-04-29,Chloe,Volkswagen,Golf,2022,24750.00
12686,2026-04-29,Eve,Honda,CR-V,2016,28200.00
12687,2026-04-29,Eve,Mitsubishi,Triton,2024,50900.00
12688,2026-04-29,Liam,Mazda,CX-5,2020,28800.00
12689,2026-04-29,Mere,Honda,Civic,2019,20650.00
12690,2026-04-29,Kiri,Nissan,Navara,2019,34000.00
12691,2026-04-29,Eve,Mitsubishi,Triton,2022,36550.00
12692,2026-04-29,Dan,Mazda,Axela,2015,10000.00
12693,2026-04-29,Kiri,Ford,Ranger,2015,36000.00
12694,2026-04-29,Liam,Subaru,Outback,2015,27450.00
12695,2026-04-29,Jess,Holden,Commodore,2015,18500.00
12696,2026-04-29,Liam,Mazda,Axela,2022,17850.00
12697,2026-04-30,Hana,Mazda,Axela,2018,14600.00
12698,2026-04-30,Chloe,Kia,Sportage,2024,39200.00
12699,2026-04-30,Kiri,Hyundai,Tucson,2013,20100.00
12700,2026-04-30,Chloe,Volkswagen,Golf,2024,24300.00
12701,2026-04-30,Nikau,Subaru,Outback,2013,26100.00
12702,2026-04-30,Eve,Mazda,CX-5,2024,41850.00
12703,2026-04-30,Olivia,Kia,Sportage,2019,29250.00
12704,2026-04-30,Mere,Mazda,CX-5,2015,28250.00
12705,2026-04-30,Liam,Nissan,Leaf,2023,18100.00
12706,2026-04-30,Ben,Hyundai,Tucson,2015,22750.00
12707,2026-04-30,Dan,Subaru,Outback,2020,38200.00
12708,2026-04-30,Finn,Subaru,Outback,2016,25700.00
12709,2026-04-30,Eve,Nissan,Leaf,2015,12050.00
12710,2026-04-30,Kiri,Mazda,BT-50,2023,49500.00
12711,2026-04-30,Olivia,Tesla,Model 3,2024,56900.00
12712,2026-04-30,Hana,Ford,Ranger,2025,67250.00
12713,2026-04-30,Hana,Honda,CR-V,2024,35350.00
12714,2026-04-30,Kiri,Toyota,Yaris,2024,16300.00
12715,2026-04-30,Mere,Mazda,BT-50,2016,28700.00
12716,2026-04-30,Jess,Mazda,BT-50,2014,30100.00
12717,2026-04-30,Mere,Toyota,Aqua,2018,12650.00
12718,2026-04-30,Kiri,Hyundai,Tucson,2025,36850.00
12719,2026-04-30,Hana,Honda,CR-V,2017,27000.00
12720,2026-04-30,Ben,Tesla,Model 3,2022,49350.00
12721,2026-04-30,Nikau,Mitsubishi,Triton,2019,39750.00
12722,2026-04-30,Eve,Subaru,Outback,2016,29200.00
12723,2026-04-30,Jess,Tesla,Model 3,2021,48700.00
12724,2026-04-30,Eve,Toyota,Aqua,2015,9350.00
12725,2026-04-30,Dan,Nissan,Tiida,2022,10450.00
12726,2026-04-30,Liam,Toyota,RAV4,2022,41300.00
12727,2026-04-30,Aroha,Kia,Sportage,2025,33850.00
12728,2026-04-30,Hana,Hyundai,Tucson,2024,33250.00
12729,2026-05-01,Chloe,Volkswagen,Golf,2024,25000.00
12730,2026-05-01,Ioane,Kia,Sportage,2018,27400.00
12731,2026-05-01,Eve,Mazda,BT-50,2016,33250.00
12732,2026-05-01,Finn,Honda,Civic,2015,13000.00
12733,2026-05-01,Jess,Holden,Commodore,2012,13300.00
12734,2026-05-01,Jess,Toyota,Yaris,2025,20950.00
12735,2026-05-01,Dan,Tesla,Model 3,2012,35550.00
12736,2026-05-01,Aroha,Tesla,Model 3,2018,42100.00
12737,2026-05-01,Hana,Holden,Commodore,2017,23450.00
12738,2026-05-01,Mere,Volkswagen,Golf,2021,24800.00
12739,2026-05-01,Liam,Toyota,Yaris,2012,10700.00
12740,2026-05-01,Hana,Mazda,Demio,2023,13100.00
12741,2026-05-01,Liam,Mazda,Axela,2018,12800.00
12742,2026-05-01,Ioane,Mazda,CX-5,2025,35200.00
12743,2026-05-01,Olivia,Holden,Commodore,2024,28550.00
12744,2026-05-01,Olivia,Mazda,BT-50,2025,47400.00
12745,2026-05-01,Aroha,Toyota,Aqua,2022,14100.00
12746,2026-05-02,Nikau,Honda,CR-V,2013,22600.00
12747,2026-05-02,Liam,Volkswagen,Golf,2017,15900.00
12748,2026-05-02,Kiri,Hyundai,Tucson,2019,30250.00
12749,2026-05-02,Jess,Mazda,BT-50,2024,43550.00
12750,2026-05-02,Olivia,Toyota,Corolla,2018,20700.00
12751,2026-05-02,Ioane,Toyota,Aqua,2021,15800.00
12752,2026-05-02,Chloe,Subaru,Outback,2012,23300.00
12753,2026-05-02,Finn,Toyota,Hilux,2025,46450.00
12754,2026-05-02,Mere,Mazda,BT-50,2012,23000.00
12755,2026-05-02,Hana,Nissan,Navara,2019,42850.00
12756,2026-05-02,Liam,Nissan,Leaf,2018,14700.00
12757,2026-05-02,Nikau,Tesla,Model 3,2023,61700.00
12758,2026-05-02,Aroha,Toyota,RAV4,2021,40100.00
12759,2026-05-02,Ioane,Ford,Focus,2020,11100.00
12760,2026-05-02,Mere,Subaru,Outback,2014,27550.00
12761,2026-05-02,Kiri,Toyota,Hilux,2020,44750.00
12762,2026-05-02,Hana,Mazda,BT-50,2012,28350.00
12763,2026-05-02,Ben,Ford,Ranger,2018,43300.00
12764,2026-05-02,Kiri,Tesla,Model 3,2022,60850.00
12765,2026-05-02,Liam,Nissan,Tiida,2019,7350.00
12766,2026-05-02,Kiri,Holden,Commodore,2022,30650.00
12767,2026-05-02,Finn,Ford,Focus,2021,12950.00
12768,2026-05-02,Nikau,Tesla,Model 3,2018,43650.00
12769,2026-05-02,Hana,Toyota,Aqua,2018,12750.00
12770,2026-05-02,Ben,Nissan,Navara,2019,32950.00
12771,2026-05-02,Liam,Toyota,RAV4,2023,45550.00
12772,2026-05-03,Ioane,Volkswagen,Golf,2023,27850.00
12773,2026-05-03,Ioane,Subaru,Outback,2016,33400.00
12774,2026-05-03,Kiri,Ford,Focus,2016,9600.00
12775,2026-05-03,Ben,Toyota,Aqua,2012,9000.00
12776,2026-05-03,Chloe,Toyota,Hilux,2024,47350.00
12777,2026-05-03,Dan,Tesla,Model 3,2023,69600.00
12778,2026-05-03,Liam,Mitsubishi,Triton,2024,47500.00
12779,2026-05-03,Eve,Toyota,Corolla,2014,14850.00
12780,2026-05-03,Hana,Mazda,Demio,2014,6950.00
12781,2026-05-03,Jess,Toyota,Hilux,2017,31650.00
12782,2026-05-03,Hana,Honda,CR-V,2025,37250.00
12783,2026-05-03,Finn,Ford,Focus,2014,8850.00
12784,2026-05-03,Aroha,Suzuki,Swift,2017,11950.00
12785,2026-05-03,Eve,Volkswagen,Golf,2012,13150.00
12786,2026-05-03,Chloe,Mitsubishi,Outlander,2021,40350.00
12787,2026-05-03,Nikau,Honda,Civic,2020,19150.00
12788,2026-05-03,Dan,Toyota,Yaris,2017,13550.00
12789,2026-05-03,Ioane,Toyota,Hilux,2015,35650.00
12790,2026-05-03,Chloe,Mazda,BT-50,2020,42150.00
12791,2026-05-03,Kiri,Nissan,Leaf,2015,13100.00
12792,2026-05-03,Nikau,Toyota,Aqua,2025,17200.00
12793,2026-05-03,Liam,Mazda,BT-50,2016,30700.00
12794,2026-05-03,Ben,Hyundai,Tucson,2019,31450.00
12795,2026-05-03,Liam,Mazda,CX-5,2018,26950.00
12796,2026-05-04,Chloe,Toyota,RAV4,2013,21750.00
12797,2026-05-04,Ioane,Toyota,Hilux,2015,33650.00
12798,2026-05-04,Hana,Mitsubishi,Triton,2014,28000.00
12799,2026-05-04,Chloe,Volkswagen,Golf,2014,13050.00
12800,2026-05-04,Jess,Toyota,Hilux,2024,45400.00
12801,2026-05-04,Chloe,Holden,Commodore,2021,23350.00
12802,2026-05-04,Ioane,Suzuki,Swift,2020,15800.00
12803,2026-05-04,Kiri,Ford,Focus,2013,8400.00
12804,2026-05-04,Nikau,Toyota,RAV4,2018,33950.00
12805,2026-05-04,Finn,Toyota,RAV4,2019,34950.00
12806,2026-05-04,Dan,Subaru,Outback,2013,25450.00
12807,2026-05-04,Hana,Volkswagen,Golf,2018,16750.00
12808,2026-05-04,Ioane,Toyota,Aqua,2020,13250.00
12809,2026-05-04,Chloe,Hyundai,Tucson,2013,23250.00
12810,2026-05-04,Ioane,Toyota,Yaris,2019,15050.00
12811,2026-05-04,Chloe,Nissan,Leaf,2012,11800.00
12812,2026-05-04,Liam,Toyota,Hilux,2023,48750.00
12813,2026-05-04,Olivia,Mitsubishi,Triton,2025,44050.00
12814,2026-05-04,Eve,Toyota,Yaris,2017,15150.00
12815,2026-05-04,Dan,Toyota,Aqua,2018,11500.00
12816,2026-05-04,Eve,Honda,CR-V,2014,24700.00
12817,2026-05-04,Eve,Toyota,Aqua,2019,14600.00
12818,2026-05-04,Olivia,Toyota,Yaris,2023,17800.00
12819,2026-05-04,Hana,Holden,Commodore,2017,19550.00
12820,2026-05-04,Ioane,Mazda,CX-5,2014,26300.00
12821,2026-05-05,Finn,Ford,Ranger,2023,62350.00
12822,2026-05-05,Jess,Toyota,Yaris,2024,16800.00
12823,2026-05-05,Hana,Toyota,Hilux,2021,50000.00
12824,2026-05-05,Jess,Suzuki,Swift,2017,12400.00
12825,2026-05-05,Jess,Toyota,Aqua,2018,13850.00
12826,2026-05-05,Dan,Toyota,Yaris,2022,18100.00
12827,2026-05-05,Dan,Mazda,BT-50,2025,47700.00
12828,2026-05-05,Chloe,Mazda,BT-50,2018,35600.00
12829,2026-05-05,Kiri,Mazda,CX-5,2023,35850.00
12830,2026-05-05,Ioane,Ford,Focus,2017,10700.00
12831,2026-05-05,Finn,Toyota,Aqua,2024,14200.00
12832,2026-05-05,Hana,Nissan,Leaf,2019,17250.00
12833,2026-05-05,Eve,Mitsubishi,Triton,2014,28100.00
12834,2026-05-05,Dan,Mitsubishi,Triton,2013,27000.00
12835,2026-05-05,Mere,Mazda,Demio,2020,11350.00
12836,2026-05-05,Aroha,Nissan,Leaf,2012,11200.00
12837,2026-05-05,Finn,Toyota,Aqua,2017,13000.00
12838,2026-05-05,Mere,Ford,Ranger,2015,36450.00
12839,2026-05-05,Mere,Toyota,RAV4,2025,42750.00
12840,2026-05-05,Finn,Kia,Sportage,2018,26750.00
12841,2026-05-05,Hana,Toyota,Hilux,2021,41000.00
12842,2026-05-05,Dan,Subaru,Outback,2023,43400.00
12843,2026-05-06,Finn,Volkswagen,Golf,2014,14550.00
12844,2026-05-06,Ben,Mazda,CX-5,2012,22550.00
12845,2026-05-06,Aroha,Toyota,RAV4,2019,31850.00
12846,2026-05-06,Ioane,Hyundai,Tucson,2022,33350.00
12847,2026-05-06,Mere,Subaru,Outback,2021,35450.00
12848,2026-05-06,Hana,Toyota,RAV4,2019,36100.00
12849,2026-05-06,Ioane,Ford,Focus,2016,10050.00
12850,2026-05-06,Eve,Subaru,Outback,2017,26600.00
12851,2026-05-06,Chloe,Hyundai,Tucson,2017,27700.00
12852,2026-05-06,Mere,Mazda,BT-50,2018,38700.00
12853,2026-05-06,Ioane,Ford,Focus,2017,10900.00
12854,2026-05-06,Finn,Toyota,RAV4,2015,26600.00
12855,2026-05-06,Ioane,Ford,Ranger,2020,47750.00
12856,2026-05-06,Hana,Mazda,Demio,2019,9950.00
12857,2026-05-06,Liam,Toyota,Aqua,2022,16500.00
12858,2026-05-06,Mere,Nissan,Navara,2020,40050.00
12859,2026-05-06,Jess,Mitsubishi,Triton,2017,36250.00
12860,2026-05-06,Hana,Tesla,Model 3,2024,55800.00
12861,2026-05-06,Nikau,Tesla,Model 3,2012,33050.00
12862,2026-05-06,Ioane,Ford,Focus,2025,15800.00
12863,2026-05-06,Eve,Hyundai,Tucson,2013,20150.00
12864,2026-05-06,Hana,Toyota,Hilux,2015,33900.00
12865,2026-05-06,Eve,Mazda,CX-5,2014,23300.00
12866,2026-05-07,Eve,Mazda,Demio,2022,12400.00
12867,2026-05-07,Kiri,Kia,Sportage,2016,21600.00
12868,2026-05-07,Kiri,Honda,Civic,2022,22100.00
12869,2026-05-07,Eve,Mitsubishi,Triton,2021,42800.00
12870,2026-05-07,Ben,Ford,Ranger,2022,53950.00
12871,2026-05-07,Jess,Tesla,Model 3,2015,36750.00
12872,2026-05-07,Hana,Toyota,Corolla,2015,16850.00
12873,2026-05-07,Dan,Hyundai,Tucson,2025,42200.00
12874,2026-05-07,Aroha,Subaru,Outback,2019,30850.00
12875,2026-05-07,Jess,Volkswagen,Golf,2017,20250.00
12876,2026-05-07,Finn,Honda,CR-V,2019,33450.00
12877,2026-05-07,Dan,Kia,Sportage,2021,35250.00
12878,2026-05-07,Eve,Honda,CR-V,2018,26050.00
12879,2026-05-07,Olivia,Toyota,RAV4,2019,39150.00
12880,2026-05-07,Liam,Volkswagen,Golf,2012,12600.00
12881,2026-05-08,Mere,Honda,Civic,2025,21750.00
12882,2026-05-08,Hana,Mazda,Axela,2024,18100.00
12883,2026-05-08,Mere,Toyota,Aqua,2025,17500.00
12884,2026-05-08,Mere,Honda,CR-V,2025,39750.00
12885,2026-05-08,Dan,Tesla,Model 3,2014,33900.00
12886,2026-05-08,Hana,Mitsubishi,Triton,2024,38700.00
12887,2026-05-08,Nikau,Holden,Commodore,2025,33000.00
12888,2026-05-08,Ioane,Mazda,Demio,2012,5900.00
12889,2026-05-08,Finn,Honda,CR-V,2016,24800.00
12890,2026-05-08,Eve,Honda,Fit,2021,12100.00
12891,2026-05-08,Kiri,Holden,Commodore,2014,18250.00
12892,2026-05-08,Ioane,Honda,Civic,2012,11000.00
12893,2026-05-08,Liam,Holden,Commodore,2014,17950.00
12894,2026-05-08,Eve,Subaru,Outback,2016,29050.00
12895,2026-05-08,Eve,Ford,Ranger,2017,38150.00
12896,2026-05-08,Olivia,Ford,Focus,2014,10250.00
12897,2026-05-08,Kiri,Suzuki,Swift,2024,15700.00
12898,2026-05-08,Olivia,Toyota,Yaris,2013,9250.00
12899,2026-05-08,Mere,Mazda,CX-5,2024,33550.00
12900,2026-05-08,Chloe,Kia,Sportage,2017,25100.00
12901,2026-05-08,Eve,Holden,Commodore,2020,24100.00
12902,2026-05-08,Aroha,Nissan,Leaf,2014,11400.00
12903,2026-05-08,Ioane,Hyundai,Tucson,2017,25400.00
12904,2026-05-08,Nikau,Toyota,Aqua,2022,13250.00
12905,2026-05-09,Liam,Mitsubishi,Triton,2014,27600.00
12906,2026-05-09,Eve,Honda,Civic,2021,20200.00
12907,2026-05-09,Hana,Ford,Focus,2013,8700.00
12908,2026-05-09,Eve,Toyota,Corolla,2025,26950.00
12909,2026-05-09,Dan,Honda,Civic,2021,17500.00
12910,2026-05-09,Ioane,Toyota,Yaris,2018,15000.00
12911,2026-05-09,Ioane,Holden,Commodore,2021,25950.00
12912,2026-05-09,Eve,Hyundai,Tucson,2021,37450.00
12913,2026-05-09,Finn,Mazda,BT-50,2024,53600.00
12914,2026-05-09,Nikau,Honda,Fit,2023,14000.00
12915,2026-05-09,Dan,Toyota,RAV4,2025,49350.00
12916,2026-05-09,Eve,Toyota,Yaris,2021,17150.00
12917,2026-05-09,Kiri,Toyota,Yaris,2016,12100.00
12918,2026-05-09,Chloe,Tesla,Model 3,2022,56100.00
12919,2026-05-09,Hana,Ford,Ranger,2022,48150.00
12920,2026-05-10,Finn,Toyota,RAV4,2025,41700.00
12921,2026-05-10,Chloe,Holden,Commodore,2021,28300.00
12922,2026-05-10,Finn,Mitsubishi,Triton,2022,37700.00
12923,2026-05-10,Ben,Honda,Fit,2019,11750.00
12924,2026-05-10,Jess,Mazda,Demio,2012,6950.00
12925,2026-05-10,Jess,Mazda,Demio,2014,6100.00
12926,2026-05-10,Kiri,Toyota,Aqua,2021,14150.00
12927,2026-05-10,Nikau,Ford,Focus,2017,10450.00
12928,2026-05-10,Mere,Toyota,Hilux,2019,40350.00
12929,2026-05-10,Hana,Ford,Focus,2025,13850.00
12930,2026-05-10,Eve,Ford,Focus,2022,15200.00
12931,2026-05-10,Kiri,Mazda,BT-50,2020,46700.00
12932,2026-05-10,Eve,Hyundai,Tucson,2024,37900.00
12933,2026-05-10,Chloe,Kia,Sportage,2023,29900.00
12934,2026-05-10,Mere,Mazda,Axela,2017,12950.00
12935,2026-05-11,Dan,Toyota,Yaris,2016,14200.00
12936,2026-05-11,Ben,Mazda,BT-50,2022,44400.00
12937,2026-05-11,Aroha,Mitsubishi,Outlander,2014,24450.00
12938,2026-05-11,Liam,Mitsubishi,Triton,2019,38650.00
12939,2026-05-11,Nikau,Toyota,Hilux,2013,31650.00
12940,2026-05-11,Kiri,Toyota,Aqua,2018,13500.00
12941,2026-05-11,Liam,Volkswagen,Golf,2021,19500.00
12942,2026-05-11,Chloe,Toyota,Aqua,2020,12200.00
12943,2026-05-11,Nikau,Mitsubishi,Triton,2025,47550.00
12944,2026-05-11,Jess,Toyota,RAV4,2017,28150.00
12945,2026-05-11,Liam,Toyota,Corolla,2017,14950.00
12946,2026-05-11,Liam,Ford,Ranger,2022,46050.00
12947,2026-05-11,Kiri,Toyota,Aqua,2021,13700.00
12948,2026-05-11,Nikau,Toyota,RAV4,2017,31600.00
12949,2026-05-11,Ben,Hyundai,Tucson,2012,20750.00
12950,2026-05-11,Ioane,Honda,Fit,2023,14800.00
12951,2026-05-11,Mere,Mazda,CX-5,2020,37000.00
12952,2026-05-11,Kiri,Toyota,Corolla,2017,16300.00
12953,2026-05-12,Aroha,Mazda,BT-50,2016,28950.00
12954,2026-05-12,Ben,Toyota,Corolla,2015,14850.00
12955,2026-05-12,Mere,Ford,Ranger,2014,34400.00
12956,2026-05-12,Liam,Mitsubishi,Triton,2012,22300.00
12957,2026-05-12,Liam,Subaru,Outback,2012,20100.00
12958,2026-05-12,Jess,Mitsubishi,Triton,2017,31250.00
12959,2026-05-12,Kiri,Mazda,BT-50,2019,34450.00
12960,2026-05-12,Jess,Kia,Sportage,2014,21850.00
12961,2026-05-12,Aroha,Subaru,Outback,2017,30950.00
12962,2026-05-12,Olivia,Ford,Focus,2024,16800.00
12963,2026-05-12,Finn,Ford,Focus,2012,6650.00
12964,2026-05-12,Dan,Nissan,Tiida,2023,9450.00
12965,2026-05-12,Kiri,Holden,Commodore,2013,17950.00
12966,2026-05-12,Kiri,Mitsubishi,Outlander,2014,21900.00
12967,2026-05-12,Mere,Toyota,Yaris,2015,10950.00
12968,2026-05-12,Liam,Toyota,Hilux,2020,44750.00
12969,2026-05-12,Ben,Toyota,Hilux,2022,54950.00
12970,2026-05-13,Aroha,Toyota,Yaris,2017,11600.00
12971,2026-05-13,Olivia,Mazda,Demio,2022,12150.00
12972,2026-05-13,Mere,Mitsubishi,Triton,2015,29900.00
12973,2026-05-13,Mere,Toyota,Yaris,2025,19050.00
12974,2026-05-13,Ioane,Honda,CR-V,2012,18150.00
12975,2026-05-13,Dan,Mazda,CX-5,2022,32450.00
12976,2026-05-13,Liam,Toyota,RAV4,2013,22350.00
12977,2026-05-13,Ioane,Tesla,Model 3,2019,51650.00
12978,2026-05-13,Finn,Ford,Focus,2012,7950.00
12979,2026-05-13,Ioane,Suzuki,Swift,2018,12750.00
12980,2026-05-13,Mere,Kia,Sportage,2025,36150.00
12981,2026-05-13,Liam,Hyundai,Tucson,2017,24400.00
12982,2026-05-13,Hana,Nissan,Leaf,2025,23250.00
12983,2026-05-14,Olivia,Kia,Sportage,2017,29300.00
12984,2026-05-14,Mere,Toyota,Hilux,2022,49550.00
12985,2026-05-14,Olivia,Tesla,Model 3,2017,51650.00
12986,2026-05-14,Ioane,Toyota,Aqua,2015,10350.00
12987,2026-05-14,Dan,Honda,Civic,2018,17300.00
12988,2026-05-14,Chloe,Mazda,CX-5,2021,30200.00
12989,2026-05-14,Eve,Nissan,Navara,2019,34000.00
12990,2026-05-14,Ioane,Volkswagen,Golf,2012,11300.00
12991,2026-05-14,Nikau,Ford,Focus,2015,9300.00
12992,2026-05-14,Liam,Honda,CR-V,2022,34750.00
12993,2026-05-14,Mere,Ford,Ranger,2016,41950.00
12994,2026-05-14,Eve,Subaru,Outback,2018,37250.00
12995,2026-05-14,Ben,Nissan,Leaf,2014,10650.00
12996,2026-05-14,Dan,Volkswagen,Golf,2019,17750.00
12997,2026-05-14,Hana,Toyota,Hilux,2025,57550.00
12998,2026-05-14,Hana,Toyota,RAV4,2025,49850.00
12999,2026-05-14,Nikau,Subaru,Outback,2014,23450.00
13000,2026-05-14,Eve,Honda,Civic,2018,17300.00
13001,2026-05-15,Liam,Ford,Ranger,2023,57600.00
13002,2026-05-15,Olivia,Kia,Sportage,2014,20950.00
13003,2026-05-15,Liam,Honda,CR-V,2017,24650.00
13004,2026-05-15,Nikau,Ford,Focus,2022,13200.00
13005,2026-05-15,Ioane,Honda,CR-V,2019,31950.00
13006,2026-05-15,Nikau,Honda,CR-V,2019,29100.00
13007,2026-05-15,Mere,Toyota,Corolla,2020,19600.00
13008,2026-05-15,Liam,Nissan,Leaf,2014,11550.00
13009,2026-05-15,Chloe,Mazda,CX-5,2017,27950.00
13010,2026-05-15,Jess,Mazda,Axela,2015,12250.00
13011,2026-05-15,Ioane,Mazda,Axela,2025,16750.00
13012,2026-05-15,Ioane,Mazda,Axela,2019,13650.00
13013,2026-05-15,Mere,Nissan,Navara,2014,30250.00
13014,2026-05-15,Kiri,Honda,CR-V,2015,23550.00
13015,2026-05-15,Hana,Mazda,CX-5,2024,36800.00
13016,2026-05-16,Eve,Toyota,Yaris,2025,22100.00
13017,2026-05-16,Olivia,Hyundai,Tucson,2015,24750.00
13018,2026-05-16,Liam,Honda,Fit,2016,9350.00
13019,2026-05-16,Ioane,Mitsubishi,Triton,2020,41900.00
13020,2026-05-16,Chloe,Volkswagen,Golf,2025,28100.00
13021,2026-05-16,Dan,Subaru,Outback,2015,27200.00
13022,2026-05-16,Mere,Mitsubishi,Triton,2018,31250.00
13023,2026-05-16,Ben,Volkswagen,Golf,2025,30200.00
13024,2026-05-16,Ioane,Toyota,Hilux,2016,37550.00
13025,2026-05-16,Mere,Mazda,BT-50,2023,46050.00
13026,2026-05-16,Ioane,Subaru,Outback,2014,24050.00
13027,2026-05-16,Olivia,Hyundai,Tucson,2021,29250.00
13028,2026-05-16,Ioane,Mazda,CX-5,2023,37500.00
13029,2026-05-16,Eve,Nissan,Tiida,2014,5800.00
13030,2026-05-16,Ioane,Toyota,RAV4,2022,42650.00
13031,2026-05-16,Chloe,Suzuki,Swift,2017,11200.00
13032,2026-05-17,Chloe,Tesla,Model 3,2020,57950.00
13033,2026-05-17,Mere,Honda,Civic,2021,18650.00
13034,2026-05-17,Mere,Toyota,RAV4,2015,30400.00
13035,2026-05-17,Mere,Subaru,Outback,2025,44550.00
13036,2026-05-17,Nikau,Subaru,Outback,2024,39200.00
13037,2026-05-17,Liam,Ford,Ranger,2024,61050.00
13038,2026-05-17,Finn,Toyota,Aqua,2019,12250.00
13039,2026-05-17,Finn,Mazda,CX-5,2018,29600.00
13040,2026-05-17,Ioane,Mazda,CX-5,2024,42700.00
13041,2026-05-17,Ben,Hyundai,Tucson,2012,18150.00
13042,2026-05-17,Dan,Honda,Fit,2016,8750.00
13043,2026-05-17,Chloe,Ford,Ranger,2014,35150.00
13044,2026-05-17,Liam,Nissan,Navara,2020,40350.00
13045,2026-05-17,Eve,Mazda,CX-5,2022,38100.00
13046,2026-05-17,Hana,Holden,Commodore,2025,30600.00
13047,2026-05-17,Olivia,Mazda,CX-5,2018,33800.00
13048,2026-05-17,Chloe,Toyota,RAV4,2025,50750.00
13049,2026-05-17,Eve,Volkswagen,Golf,2019,18000.00
13050,2026-05-17,Ioane,Mazda,BT-50,2024,44350.00
13051,2026-05-17,Chloe,Honda,Civic,2014,15400.00
13052,2026-05-17,Dan,Toyota,Yaris,2016,12850.00
13053,2026-05-17,Liam,Kia,Sportage,2016,22500.00
13054,2026-05-18,Nikau,Kia,Sportage,2012,18750.00
13055,2026-05-18,Mere,Subaru,Outback,2015,28400.00
13056,2026-05-18,Kiri,Subaru,Outback,2022,41000.00
13057,2026-05-18,Aroha,Ford,Ranger,2016,41250.00
13058,2026-05-18,Finn,Tesla,Model 3,2023,62900.00
13059,2026-05-18,Olivia,Nissan,Leaf,2019,14550.00
13060,2026-05-18,Eve,Mazda,BT-50,2025,45550.00
13061,2026-05-18,Kiri,Ford,Focus,2019,10850.00
13062,2026-05-18,Ben,Toyota,Aqua,2021,13700.00
13063,2026-05-18,Kiri,Mitsubishi,Triton,2013,25250.00
13064,2026-05-18,Chloe,Toyota,RAV4,2012,21250.00
13065,2026-05-18,Liam,Toyota,Aqua,2023,17950.00
13066,2026-05-18,Chloe,Mitsubishi,Triton,2017,29900.00
13067,2026-05-18,Dan,Tesla,Model 3,2023,53800.00
13068,2026-05-18,Hana,Toyota,Yaris,2014,10600.00
13069,2026-05-18,Eve,Volkswagen,Golf,2020,20100.00
13070,2026-05-18,Olivia,Mazda,BT-50,2019,38000.00
13071,2026-05-18,Liam,Nissan,Navara,2016,32300.00
13072,2026-05-18,Mere,Honda,CR-V,2024,40550.00
13073,2026-05-18,Jess,Hyundai,Tucson,2023,38400.00
13074,2026-05-18,Ioane,Mazda,CX-5,2025,37850.00
13075,2026-05-19,Finn,Kia,Sportage,2025,35650.00
13076,2026-05-19,Mere,Mazda,CX-5,2020,37000.00
13077,2026-05-19,Hana,Ford,Focus,2022,13450.00
13078,2026-05-19,Liam,Ford,Focus,2020,10900.00
13079,2026-05-19,Mere,Subaru,Outback,2016,30450.00
13080,2026-05-19,Ioane,Nissan,Navara,2013,22550.00
13081,2026-05-19,Ben,Ford,Ranger,2016,41300.00
13082,2026-05-19,Jess,Toyota,Aqua,2019,11900.00
13083,2026-05-19,Liam,Mitsubishi,Triton,2012,25750.00
13084,2026-05-19,Mere,Ford,Focus,2013,9500.00
13085,2026-05-19,Finn,Honda,Fit,2020,13350.00
13086,2026-05-19,Finn,Toyota,RAV4,2020,41050.00
13087,2026-05-19,Ioane,Honda,CR-V,2015,24850.00
13088,2026-05-19,Dan,Subaru,Outback,2019,30700.00
13089,2026-05-19,Liam,Honda,CR-V,2018,24350.00
13090,2026-05-19,Ioane,Mazda,Demio,2020,11300.00
13091,2026-05-19,Finn,Ford,Focus,2022,14450.00
13092,2026-05-19,Eve,Honda,Fit,2018,9250.00
13093,2026-05-19,Finn,Mazda,CX-5,2023,43150.00
13094,2026-05-20,Finn,Honda,CR-V,2023,34750.00
13095,2026-05-20,Eve,Tesla,Model 3,2019,53700.00
13096,2026-05-20,Hana,Honda,CR-V,2020,34900.00
13097,2026-05-20,Eve,Subaru,Outback,2014,22650.00
13098,2026-05-20,Aroha,Holden,Commodore,2024,30450.00
13099,2026-05-20,Chloe,Mitsubishi,Outlander,2014,25250.00
13100,2026-05-20,Nikau,Kia,Sportage,2019,24450.00
13101,2026-05-20,Liam,Toyota,Yaris,2025,19100.00
13102,2026-05-20,Ioane,Toyota,Yaris,2017,11700.00
13103,2026-05-20,Liam,Honda,Civic,2018,15800.00
13104,2026-05-20,Liam,Honda,Fit,2019,12700.00
13105,2026-05-20,Mere,Holden,Commodore,2023,30450.00
13106,2026-05-20,Dan,Kia,Sportage,2012,16150.00
13107,2026-05-20,Ioane,Subaru,Outback,2015,30400.00
13108,2026-05-20,Nikau,Volkswagen,Golf,2016,19950.00
13109,2026-05-21,Finn,Ford,Ranger,2013,30050.00
13110,2026-05-21,Mere,Honda,CR-V,2023,33900.00
13111,2026-05-21,Nikau,Toyota,RAV4,2012,24500.00
13112,2026-05-21,Ioane,Volkswagen,Golf,2020,23150.00
13113,2026-05-21,Aroha,Volkswagen,Golf,2013,13050.00
13114,2026-05-21,Finn,Hyundai,Tucson,2015,25400.00
13115,2026-05-21,Liam,Suzuki,Swift,2012,8700.00
13116,2026-05-21,Chloe,Nissan,Navara,2017,35950.00
13117,2026-05-21,Eve,Kia,Sportage,2022,31900.00
13118,2026-05-21,Kiri,Honda,Civic,2012,11300.00
13119,2026-05-21,Ioane,Kia,Sportage,2019,32600.00
13120,2026-05-21,Dan,Toyota,Aqua,2021,13200.00
13121,2026-05-21,Aroha,Toyota,Yaris,2022,15750.00
13122,2026-05-21,Jess,Honda,CR-V,2016,21200.00
13123,2026-05-21,Mere,Ford,Focus,2019,10350.00
13124,2026-05-21,Dan,Toyota,Yaris,2024,20800.00
13125,2026-05-22,Mere,Mazda,BT-50,2018,40600.00
13126,2026-05-22,Ioane,Toyota,Hilux,2013,30750.00
13127,2026-05-22,Nikau,Kia,Sportage,2017,25150.00
13128,2026-05-22,Chloe,Honda,Fit,2021,11150.00
13129,2026-05-22,Olivia,Mitsubishi,Outlander,2023,39500.00
13130,2026-05-22,Liam,Toyota,Yaris,2021,17150.00
13131,2026-05-22,Nikau,Ford,Focus,2015,9700.00
13132,2026-05-22,Kiri,Ford,Ranger,2014,32300.00
13133,2026-05-22,Liam,Mitsubishi,Triton,2013,23100.00
13134,2026-05-22,Chloe,Hyundai,Tucson,2014,20450.00
13135,2026-05-22,Hana,Nissan,Leaf,2019,18800.00
13136,2026-05-22,Olivia,Honda,CR-V,2015,23200.00
13137,2026-05-22,Olivia,Honda,Fit,2013,7500.00
13138,2026-05-23,Chloe,Mazda,BT-50,2018,35000.00
13139,2026-05-23,Chloe,Subaru,Outback,2022,36550.00
13140,2026-05-23,Nikau,Subaru,Outback,2019,36700.00
13141,2026-05-23,Chloe,Subaru,Outback,2025,43250.00
13142,2026-05-23,Ioane,Mitsubishi,Triton,2013,22750.00
13143,2026-05-23,Dan,Mitsubishi,Outlander,2023,35600.00
13144,2026-05-23,Ioane,Kia,Sportage,2019,25300.00
13145,2026-05-23,Hana,Toyota,Aqua,2018,11200.00
13146,2026-05-23,Mere,Toyota,Corolla,2017,19450.00
13147,2026-05-23,Mere,Ford,Ranger,2015,32650.00
13148,2026-05-23,Ioane,Toyota,Hilux,2015,29750.00
13149,2026-05-23,Aroha,Ford,Ranger,2023,52850.00
13150,2026-05-23,Liam,Mazda,Demio,2021,10350.00
13151,2026-05-23,Nikau,Subaru,Outback,2021,35400.00
13152,2026-05-23,Chloe,Kia,Sportage,2021,33000.00
13153,2026-05-23,Nikau,Mazda,BT-50,2024,56000.00
13154,2026-05-23,Finn,Toyota,Yaris,2018,15850.00
13155,2026-05-23,Hana,Mazda,BT-50,2025,58000.00
13156,2026-05-23,Kiri,Toyota,RAV4,2020,39700.00
13157,2026-05-23,Liam,Nissan,Leaf,2018,14200.00
13158,2026-05-23,Finn,Toyota,Aqua,2020,11750.00
13159,2026-05-23,Olivia,Nissan,Leaf,2022,18050.00
13160,2026-05-24,Ben,Ford,Ranger,2014,36400.00
13161,2026-05-24,Hana,Nissan,Navara,2012,25150.00
13162,2026-05-24,Eve,Mitsubishi,Triton,2013,24500.00
13163,2026-05-24,Ioane,Nissan,Navara,2021,47950.00
13164,2026-05-24,Liam,Mitsubishi,Triton,2023,47050.00
13165,2026-05-24,Chloe,Volkswagen,Golf,2016,15900.00
13166,2026-05-24,Liam,Toyota,Yaris,2018,13450.00
13167,2026-05-24,Finn,Hyundai,Tucson,2023,35700.00
13168,2026-05-24,Finn,Ford,Ranger,2017,38600.00
13169,2026-05-24,Dan,Ford,Focus,2016,9600.00
13170,2026-05-24,Hana,Holden,Commodore,2014,18300.00
13171,2026-05-24,Hana,Mitsubishi,Outlander,2023,35300.00
13172,2026-05-24,Olivia,Ford,Ranger,2022,48900.00
13173,2026-05-24,Kiri,Subaru,Outback,2018,28700.00
13174,2026-05-24,Dan,Ford,Ranger,2023,59650.00
13175,2026-05-24,Hana,Mazda,CX-5,2022,40550.00
13176,2026-05-24,Jess,Subaru,Outback,2013,27300.00
13177,2026-05-24,Jess,Ford,Ranger,2015,33600.00
13178,2026-05-24,Eve,Suzuki,Swift,2013,9300.00
13179,2026-05-24,Kiri,Toyota,RAV4,2013,26200.00
13180,2026-05-24,Dan,Volkswagen,Golf,2013,12800.00
13181,2026-05-24,Chloe,Ford,Ranger,2018,39600.00
13182,2026-05-25,Dan,Mazda,BT-50,2013,24200.00
13183,2026-05-25,Chloe,Mazda,BT-50,2019,33850.00
13184,2026-05-25,Kiri,Mazda,Demio,2024,13000.00
13185,2026-05-25,Nikau,Hyundai,Tucson,2017,24750.00
13186,2026-05-25,Nikau,Tesla,Model 3,2019,52100.00
13187,2026-05-25,Ioane,Toyota,Aqua,2024,14850.00
13188,2026-05-25,Nikau,Ford,Focus,2016,9000.00
13189,2026-05-25,Liam,Mazda,BT-50,2022,47150.00
13190,2026-05-25,Nikau,Honda,Civic,2017,16650.00
13191,2026-05-25,Nikau,Ford,Ranger,2015,35750.00
13192,2026-05-25,Mere,Toyota,RAV4,2023,41100.00
13193,2026-05-25,Finn,Mazda,CX-5,2016,29350.00
13194,2026-05-25,Mere,Mazda,BT-50,2016,34350.00
13195,2026-05-25,Olivia,Honda,CR-V,2023,32600.00
13196,2026-05-25,Hana,Ford,Focus,2012,8100.00
13197,2026-05-25,Jess,Honda,Fit,2020,10700.00
13198,2026-05-25,Mere,Toyota,RAV4,2019,41450.00
13199,2026-05-25,Hana,Ford,Focus,2021,13450.00
13200,2026-05-25,Jess,Mazda,CX-5,2021,36900.00
13201,2026-05-25,Jess,Mazda,CX-5,2023,36950.00
13202,2026-05-25,Finn,Mazda,BT-50,2020,45950.00
13203,2026-05-25,Finn,Toyota,Hilux,2018,40250.00
13204,2026-05-25,Finn,Nissan,Tiida,2016,7750.00
13205,2026-05-25,Jess,Mitsubishi,Outlander,2023,45250.00
13206,2026-05-25,Olivia,Volkswagen,Golf,2014,15600.00
13207,2026-05-25,Nikau,Toyota,Corolla,2019,18100.00
13208,2026-05-26,Finn,Tesla,Model 3,2017,41550.00
13209,2026-05-26,Eve,Kia,Sportage,2013,16950.00
13210,2026-05-26,Jess,Toyota,Yaris,2018,13800.00
13211,2026-05-26,Olivia,Kia,Sportage,2012,17400.00
13212,2026-05-26,Chloe,Volkswagen,Golf,2025,28500.00
13213,2026-05-26,Mere,Toyota,Hilux,2013,28950.00
13214,2026-05-26,Nikau,Nissan,Navara,2015,25800.00
13215,2026-05-26,Ioane,Holden,Commodore,2020,21950.00
13216,2026-05-26,Hana,Holden,Commodore,2013,15550.00
13217,2026-05-26,Liam,Mitsubishi,Triton,2018,37800.00
13218,2026-05-26,Chloe,Toyota,Aqua,2024,17800.00
13219,2026-05-26,Kiri,Honda,CR-V,2019,31750.00
13220,2026-05-26,Liam,Honda,CR-V,2014,20150.00
13221,2026-05-26,Eve,Honda,CR-V,2023,31100.00
13222,2026-05-26,Olivia,Mazda,BT-50,2015,29600.00
13223,2026-05-26,Eve,Mazda,BT-50,2024,50600.00
13224,2026-05-26,Eve,Volkswagen,Golf,2014,13650.00
13225,2026-05-26,Ben,Mazda,BT-50,2012,27250.00
13226,2026-05-26,Kiri,Kia,Sportage,2022,32800.00
13227,2026-05-26,Liam,Nissan,Leaf,2023,21250.00
13228,2026-05-26,Hana,Mazda,Axela,2017,14150.00
13229,2026-05-27,Hana,Subaru,Forester,2023,39400.00
13230,2026-05-27,Kiri,Toyota,Yaris,2015,10200.00
13231,2026-05-27,Jess,Mazda,BT-50,2024,52200.00
13232,2026-05-27,Mere,Kia,Sportage,2019,30700.00
13233,2026-05-27,Olivia,Hyundai,Tucson,2023,40900.00
13234,2026-05-27,Eve,Ford,Ranger,2023,55500.00
13235,2026-05-27,Mere,Mazda,CX-5,2024,43250.00
13236,2026-05-27,Aroha,Mazda,BT-50,2020,42500.00
13237,2026-05-27,Hana,Mitsubishi,Triton,2024,51150.00
13238,2026-05-27,Dan,Honda,Fit,2021,13150.00
13239,2026-05-27,Ben,Nissan,Navara,2024,44400.00
13240,2026-05-27,Dan,Mazda,BT-50,2021,48100.00
13241,2026-05-27,Kiri,Ford,Focus,2018,11300.00
13242,2026-05-27,Ioane,Nissan,Tiida,2018,8650.00
13243,2026-05-27,Ioane,Toyota,RAV4,2015,32950.00
13244,2026-05-27,Liam,Subaru,Outback,2020,33900.00
13245,2026-05-27,Hana,Mitsubishi,Triton,2023,48300.00
13246,2026-05-27,Eve,Mazda,Demio,2015,7250.00
13247,2026-05-27,Mere,Volkswagen,Golf,2020,19100.00
13248,2026-05-27,Dan,Mitsubishi,Triton,2019,40150.00
13249,2026-05-27,Ben,Toyota,Hilux,2017,36350.00
13250,2026-05-27,Dan,Mazda,CX-5,2013,22050.00
13251,2026-05-28,Chloe,Ford,Focus,2014,8050.00
13252,2026-05-28,Mere,Mitsubishi,Triton,2013,23500.00
13253,2026-05-28,Nikau,Toyota,RAV4,2018,31200.00
13254,2026-05-28,Nikau,Suzuki,Swift,2014,10400.00
13255,2026-05-28,Ioane,Volkswagen,Golf,2019,21600.00
13256,2026-05-28,Nikau,Toyota,Yaris,2015,10900.00
13257,2026-05-28,Chloe,Mitsubishi,Triton,2020,39400.00
13258,2026-05-28,Olivia,Tesla,Model 3,2016,36250.00
13259,2026-05-28,Finn,Hyundai,Tucson,2022,36200.00
13260,2026-05-28,Chloe,Kia,Sportage,2013,22550.00
13261,2026-05-28,Finn,Suzuki,Swift,2018,12300.00
13262,2026-05-28,Dan,Mazda,Demio,2014,6050.00
13263,2026-05-28,Dan,Nissan,Navara,2022,49800.00
13264,2026-05-28,Liam,Mitsubishi,Triton,2021,44300.00
13265,2026-05-28,Liam,Toyota,Yaris,2013,10500.00
13266,2026-05-28,Kiri,Honda,CR-V,2019,33750.00
13267,2026-05-28,Ioane,Mitsubishi,Triton,2015,24950.00
13268,2026-05-28,Jess,Hyundai,Tucson,2024,40150.00
13269,2026-05-28,Liam,Ford,Ranger,2021,50900.00
13270,2026-05-28,Olivia,Kia,Sportage,2017,26600.00
13271,2026-05-28,Finn,Tesla,Model 3,2021,53000.00
13272,2026-05-28,Ioane,Nissan,Leaf,2020,15800.00
13273,2026-05-29,Ben,Hyundai,Tucson,2015,23650.00
13274,2026-05-29,Liam,Mitsubishi,Triton,2018,30550.00
13275,2026-05-29,Finn,Holden,Commodore,2013,16150.00
13276,2026-05-29,Jess,Subaru,Forester,2021,39850.00
13277,2026-05-29,Dan,Suzuki,Swift,2016,11000.00
13278,2026-05-29,Eve,Honda,Fit,2022,12400.00
13279,2026-05-29,Aroha,Toyota,Corolla,2017,17750.00
13280,2026-05-29,Dan,Toyota,Aqua,2025,15950.00
13281,2026-05-29,Kiri,Mazda,BT-50,2015,34100.00
13282,2026-05-29,Chloe,Toyota,Corolla,2020,20000.00
13283,2026-05-29,Hana,Mazda,CX-5,2014,24200.00
13284,2026-05-29,Ioane,Mitsubishi,Triton,2015,28050.00
13285,2026-05-29,Chloe,Honda,Fit,2023,13450.00
13286,2026-05-29,Ben,Honda,CR-V,2018,24150.00
13287,2026-05-29,Mere,Mitsubishi,Triton,2019,33450.00
13288,2026-05-29,Liam,Toyota,Aqua,2018,12000.00
13289,2026-05-29,Jess,Toyota,Yaris,2020,16000.00
13290,2026-05-29,Dan,Mazda,Demio,2012,6800.00
13291,2026-05-30,Aroha,Volkswagen,Golf,2022,20750.00
13292,2026-05-30,Hana,Ford,Focus,2024,16450.00
13293,2026-05-30,Liam,Subaru,Outback,2024,44850.00
13294,2026-05-30,Hana,Tesla,Model 3,2024,71250.00
13295,2026-05-30,Finn,Toyota,Aqua,2021,15300.00
13296,2026-05-30,Hana,Honda,Fit,2019,12000.00
13297,2026-05-30,Finn,Kia,Sportage,2013,18100.00
13298,2026-05-30,Aroha,Ford,Focus,2019,13100.00
13299,2026-05-30,Olivia,Toyota,RAV4,2022,37250.00
13300,2026-05-30,Eve,Volkswagen,Golf,2013,14850.00
13301,2026-05-30,Kiri,Subaru,Outback,2015,28950.00
13302,2026-05-30,Ioane,Mitsubishi,Triton,2017,28200.00
13303,2026-05-30,Ioane,Toyota,Aqua,2012,8850.00
13304,2026-05-30,Liam,Mazda,BT-50,2014,26100.00
13305,2026-05-30,Ioane,Suzuki,Swift,2016,11450.00
13306,2026-05-30,Jess,Toyota,Aqua,2025,15200.00
13307,2026-05-30,Kiri,Honda,Civic,2020,20050.00
13308,2026-05-30,Ioane,Mitsubishi,Outlander,2012,22900.00
13309,2026-05-30,Ioane,Toyota,Yaris,2023,15900.00
13310,2026-05-31,Hana,Nissan,Navara,2022,45650.00
13311,2026-05-31,Aroha,Ford,Focus,2018,11150.00
13312,2026-05-31,Ioane,Suzuki,Swift,2012,9750.00
13313,2026-05-31,Dan,Toyota,Aqua,2014,9250.00
13314,2026-05-31,Hana,Nissan,Navara,2019,35300.00
13315,2026-05-31,Nikau,Holden,Commodore,2017,22650.00
13316,2026-05-31,Dan,Honda,Fit,2014,9350.00
13317,2026-05-31,Eve,Mazda,CX-5,2013,19250.00
13318,2026-05-31,Hana,Mazda,Demio,2018,9250.00
13319,2026-05-31,Jess,Honda,Civic,2023,23100.00
13320,2026-05-31,Aroha,Holden,Commodore,2022,25150.00
13321,2026-05-31,Ioane,Subaru,Outback,2020,39150.00
13322,2026-05-31,Eve,Mazda,Demio,2018,9350.00
13323,2026-05-31,Aroha,Suzuki,Swift,2023,15850.00
13324,2026-05-31,Finn,Toyota,Aqua,2021,15150.00
13325,2026-06-01,Ioane,Suzuki,Swift,2017,11450.00
13326,2026-06-01,Mere,Mazda,Demio,2017,7800.00
13327,2026-06-01,Finn,Nissan,Navara,2024,50000.00
13328,2026-06-01,Eve,Tesla,Model 3,2014,38400.00
13329,2026-06-01,Nikau,Kia,Sportage,2012,16600.00
13330,2026-06-01,Aroha,Tesla,Model 3,2020,45900.00
13331,2026-06-01,Jess,Ford,Focus,2022,14750.00
13332,2026-06-01,Kiri,Mazda,BT-50,2020,44050.00
13333,2026-06-01,Finn,Toyota,Corolla,2019,19100.00
13334,2026-06-01,Kiri,Nissan,Tiida,2012,4900.00
13335,2026-06-01,Kiri,Mazda,BT-50,2025,56450.00
13336,2026-06-01,Nikau,Tesla,Model 3,2017,46650.00
13337,2026-06-01,Ioane,Honda,CR-V,2020,32100.00
13338,2026-06-01,Ioane,Suzuki,Swift,2016,11400.00
13339,2026-06-01,Jess,Honda,Civic,2016,14900.00
13340,2026-06-01,Dan,Toyota,RAV4,2020,42950.00
13341,2026-06-01,Olivia,Toyota,RAV4,2021,41700.00
13342,2026-06-01,Hana,Honda,Fit,2017,10000.00
13343,2026-06-01,Ioane,Mazda,CX-5,2016,23150.00
13344,2026-06-01,Jess,Nissan,Navara,2017,33550.00
13345,2026-06-01,Finn,Tesla,Model 3,2022,55500.00
13346,2026-06-01,Eve,Ford,Focus,2019,10750.00
13347,2026-06-01,Ioane,Nissan,Navara,2012,24400.00
13348,2026-06-01,Mere,Suzuki,Swift,2021,14550.00
13349,2026-06-01,Ben,Honda,Fit,2025,15350.00
13350,2026-06-01,Olivia,Nissan,Tiida,2013,5100.00
13351,2026-06-01,Finn,Subaru,Outback,2013,23050.00
13352,2026-06-01,Chloe,Honda,CR-V,2021,33600.00
13353,2026-06-01,Aroha,Mazda,Demio,2017,8600.00
13354,2026-06-01,Mere,Mitsubishi,Triton,2017,36450.00
13355,2026-06-01,Kiri,Toyota,Aqua,2023,16250.00
13356,2026-06-01,Eve,Volkswagen,Golf,2015,14300.00
13357,2026-06-01,Mere,Kia,Sportage,2016,23850.00
13358,2026-06-02,Ioane,Honda,Civic,2016,15900.00
13359,2026-06-02,Nikau,Honda,Fit,2019,12350.00
13360,2026-06-02,Liam,Tesla,Model 3,2025,65750.00
13361,2026-06-02,Olivia,Toyota,RAV4,2025,50300.00
13362,2026-06-02,Mere,Mazda,BT-50,2022,48600.00
13363,2026-06-02,Liam,Hyundai,Tucson,2021,30500.00
13364,2026-06-02,Dan,Mitsubishi,Outlander,2015,29500.00
13365,2026-06-02,Eve,Ford,Ranger,2015,33150.00
13366,2026-06-02,Mere,Toyota,Aqua,2020,12950.00
13367,2026-06-02,Olivia,Mazda,Axela,2024,17950.00
13368,2026-06-02,Aroha,Mazda,Demio,2023,11550.00
13369,2026-06-02,Jess,Mitsubishi,Triton,2012,20900.00
13370,2026-06-02,Kiri,Ford,Focus,2017,10300.00
13371,2026-06-02,Kiri,Mazda,Demio,2025,13300.00
13372,2026-06-02,Mere,Toyota,Hilux,2022,48250.00
13373,2026-06-02,Ioane,Mazda,CX-5,2024,42650.00
13374,2026-06-02,Ioane,Hyundai,Tucson,2018,26050.00
13375,2026-06-02,Liam,Mitsubishi,Triton,2023,43550.00
13376,2026-06-02,Kiri,Mazda,BT-50,2012,22800.00
13377,2026-06-02,Olivia,Toyota,Yaris,2019,16250.00
13378,2026-06-02,Olivia,Toyota,Aqua,2023,15000.00
13379,2026-06-02,Finn,Mazda,CX-5,2025,46600.00
13380,2026-06-03,Mere,Toyota,RAV4,2016,30800.00
13381,2026-06-03,Kiri,Honda,CR-V,2019,26500.00
13382,2026-06-03,Liam,Tesla,Model 3,2017,40550.00
13383,2026-06-03,Dan,Volkswagen,Golf,2018,17050.00
13384,2026-06-03,Ioane,Toyota,Corolla,2017,19150.00
13385,2026-06-03,Jess,Kia,Sportage,2017,28400.00
13386,2026-06-03,Ben,Hyundai,Tucson,2013,18900.00
13387,2026-06-03,Ben,Hyundai,Tucson,2018,25200.00
13388,2026-06-03,Liam,Ford,Focus,2017,12000.00
13389,2026-06-03,Jess,Toyota,Hilux,2017,34600.00
13390,2026-06-03,Kiri,Honda,Fit,2022,14950.00
13391,2026-06-03,Nikau,Honda,Fit,2024,14450.00
13392,2026-06-03,Finn,Mitsubishi,Triton,2023,43900.00
13393,2026-06-03,Liam,Ford,Focus,2018,10500.00
13394,2026-06-03,Hana,Kia,Sportage,2020,27650.00
13395,2026-06-03,Eve,Ford,Focus,2023,14800.00
13396,2026-06-03,Hana,Suzuki,Swift,2016,11750.00
13397,2026-06-03,Kiri,Mazda,Axela,2020,14450.00
13398,2026-06-03,Hana,Ford,Ranger,2015,33750.00
13399,2026-06-03,Aroha,Mazda,BT-50,2017,32950.00
13400,2026-06-03,Olivia,Ford,Focus,2020,13500.00
13401,2026-06-03,Chloe,Kia,Sportage,2023,39600.00
13402,2026-06-03,Kiri,Tesla,Model 3,2021,63650.00
13403,2026-06-03,Hana,Honda,CR-V,2015,25150.00
13404,2026-06-03,Ioane,Toyota,Yaris,2018,15600.00
13405,2026-06-03,Liam,Honda,Fit,2019,12050.00
13406,2026-06-03,Liam,Volkswagen,Golf,2013,12500.00
13407,2026-06-03,Liam,Toyota,RAV4,2013,27550.00
13408,2026-06-03,Kiri,Toyota,Yaris,2013,10450.00
13409,2026-06-04,Mere,Mazda,CX-5,2021,31750.00
13410,2026-06-04,Finn,Honda,CR-V,2018,24200.00
13411,2026-06-04,Hana,Kia,Sportage,2025,38900.00
13412,2026-06-04,Hana,Honda,CR-V,2025,42650.00
13413,2026-06-04,Nikau,Ford,Ranger,2024,50200.00
13414,2026-06-04,Ben,Suzuki,Swift,2015,11350.00
13415,2026-06-04,Jess,Ford,Focus,2016,11250.00
13416,2026-06-04,Eve,Volkswagen,Golf,2015,18550.00
13417,2026-06-04,Finn,Toyota,Aqua,2018,12900.00
13418,2026-06-04,Dan,Ford,Ranger,2016,33350.00
13419,2026-06-04,Olivia,Mazda,CX-5,2013,18400.00
13420,2026-06-04,Olivia,Honda,Civic,2015,13300.00
13421,2026-06-04,Finn,Subaru,Outback,2022,42100.00
13422,2026-06-04,Nikau,Ford,Ranger,2025,63600.00
13423,2026-06-04,Olivia,Mazda,BT-50,2020,46450.00
13424,2026-06-04,Hana,Toyota,RAV4,2016,30500.00
13425,2026-06-04,Dan,Ford,Focus,2012,6750.00
13426,2026-06-04,Ben,Mazda,CX-5,2023,35200.00
13427,2026-06-04,Hana,Mazda,Demio,2014,7600.00
13428,2026-06-04,Ioane,Toyota,Hilux,2019,37550.00
13429,2026-06-04,Olivia,Volkswagen,Golf,2022,20550.00
13430,2026-06-04,Dan,Toyota,Hilux,2024,51100.00
13431,2026-06-04,Mere,Tesla,Model 3,2017,42500.00
13432,2026-06-04,Ioane,Suzuki,Swift,2016,11050.00
13433,2026-06-04,Liam,Toyota,RAV4,2015,32150.00
13434,2026-06-04,Ioane,Toyota,RAV4,2014,26750.00
13435,2026-06-05,Nikau,Mazda,Demio,2021,11650.00
13436,2026-06-05,Hana,Subaru,Forester,2025,38250.00
13437,2026-06-05,Chloe,Subaru,Outback,2023,36900.00
13438,2026-06-05,Hana,Toyota,Yaris,2012,10600.00
13439,2026-06-05,Mere,Toyota,Aqua,2013,9300.00
13440,2026-06-05,Finn,Kia,Sportage,2012,15450.00
13441,2026-06-05,Dan,Toyota,Yaris,2013,10700.00
13442,2026-06-05,Ben,Mazda,CX-5,2018,29400.00
13443,2026-06-05,Nikau,Tesla,Model 3,2016,41700.00
13444,2026-06-05,Chloe,Mitsubishi,Triton,2020,37100.00
13445,2026-06-05,Jess,Ford,Focus,2014,9800.00
13446,2026-06-05,Hana,Volkswagen,Golf,2022,20650.00
13447,2026-06-05,Mere,Nissan,Leaf,2023,18250.00
13448,2026-06-05,Mere,Subaru,Outback,2014,27650.00
13449,2026-06-05,Ioane,Mazda,Axela,2012,7600.00
13450,2026-06-05,Aroha,Toyota,Hilux,2012,23500.00
13451,2026-06-05,Kiri,Toyota,Aqua,2020,12550.00
13452,2026-06-05,Nikau,Toyota,RAV4,2019,36750.00
13453,2026-06-05,Mere,Honda,Civic,2023,24150.00
13454,2026-06-05,Ioane,Holden,Commodore,2025,34000.00
13455,2026-06-05,Finn,Mitsubishi,Triton,2023,45150.00
13456,2026-06-05,Hana,Holden,Commodore,2021,25150.00
13457,2026-06-05,Ioane,Toyota,Aqua,2025,19350.00
13458,2026-06-05,Olivia,Mazda,BT-50,2017,34850.00
13459,2026-06-05,Chloe,Toyota,Aqua,2020,12750.00
13460,2026-06-06,Jess,Toyota,RAV4,2017,32850.00
13461,2026-06-06,Jess,Ford,Focus,2022,13600.00
13462,2026-06-06,Olivia,Toyota,Aqua,2021,16400.00
13463,2026-06-06,Dan,Toyota,Corolla,2025,22450.00
13464,2026-06-06,Mere,Kia,Sportage,2024,33100.00
13465,2026-06-06,Olivia,Mazda,BT-50,2020,39850.00
13466,2026-06-06,Nikau,Volkswagen,Golf,2018,18400.00
13467,2026-06-06,Dan,Toyota,Yaris,2022,19000.00
13468,2026-06-06,Chloe,Ford,Ranger,2015,32800.00
13469,2026-06-06,Nikau,Toyota,Aqua,2020,12700.00
13470,2026-06-06,Hana,Kia,Sportage,2023,39450.00
13471,2026-06-06,Liam,Toyota,RAV4,2023,47450.00
13472,2026-06-06,Eve,Holden,Commodore,2024,29250.00
13473,2026-06-06,Chloe,Hyundai,Tucson,2017,28350.00
13474,2026-06-06,Kiri,Mazda,BT-50,2017,30700.00
13475,2026-06-06,Liam,Toyota,Aqua,2012,8600.00
13476,2026-06-06,Mere,Nissan,Tiida,2017,6400.00
13477,2026-06-06,Hana,Mazda,Demio,2016,7550.00
13478,2026-06-06,Mere,Ford,Ranger,2022,56050.00
13479,2026-06-06,Aroha,Kia,Sportage,2017,28950.00
13480,2026-06-06,Ben,Tesla,Model 3,2020,50500.00
13481,2026-06-06,Nikau,Ford,Ranger,2012,26550.00
13482,2026-06-06,Kiri,Ford,Ranger,2022,53750.00
13483,2026-06-06,Nikau,Toyota,Aqua,2019,12100.00
13484,2026-06-06,Nikau,Honda,Civic,2018,16350.00
13485,2026-06-06,Chloe,Mitsubishi,Triton,2017,32500.00
13486,2026-06-06,Aroha,Toyota,Aqua,2024,18300.00
13487,2026-06-07,Mere,Toyota,Yaris,2019,15250.00
13488,2026-06-07,Olivia,Nissan,Tiida,2021,10400.00
13489,2026-06-07,Ioane,Mazda,CX-5,2024,44250.00
13490,2026-06-07,Dan,Nissan,Navara,2013,24350.00
13491,2026-06-07,Kiri,Hyundai,Tucson,2015,26750.00
13492,2026-06-07,Jess,Subaru,Outback,2025,50100.00
13493,2026-06-07,Ioane,Suzuki,Swift,2013,9250.00
13494,2026-06-07,Mere,Mazda,BT-50,2019,34550.00
13495,2026-06-07,Ioane,Nissan,Navara,2017,30000.00
13496,2026-06-07,Liam,Mitsubishi,Triton,2018,37150.00
13497,2026-06-07,Ioane,Nissan,Leaf,2020,18100.00
13498,2026-06-07,Dan,Toyota,Yaris,2024,20400.00
13499,2026-06-07,Dan,Honda,CR-V,2019,28350.00
13500,2026-06-07,Chloe,Tesla,Model 3,2016,41050.00
13501,2026-06-07,Olivia,Mazda,Demio,2013,7100.00
13502,2026-06-07,Kiri,Nissan,Navara,2023,51200.00
13503,2026-06-07,Finn,Mazda,BT-50,2023,42450.00
13504,2026-06-07,Dan,Mazda,BT-50,2015,34100.00
13505,2026-06-07,Dan,Mazda,BT-50,2014,29750.00
13506,2026-06-07,Kiri,Ford,Ranger,2018,46000.00
13507,2026-06-07,Mere,Volkswagen,Golf,2025,29850.00
13508,2026-06-08,Chloe,Nissan,Navara,2025,51150.00
13509,2026-06-08,Mere,Suzuki,Swift,2018,13450.00
13510,2026-06-08,Kiri,Volkswagen,Golf,2012,13350.00
13511,2026-06-08,Chloe,Kia,Sportage,2014,23850.00
13512,2026-06-08,Finn,Honda,Fit,2015,9150.00
13513,2026-06-08,Jess,Toyota,Yaris,2025,20300.00
13514,2026-06-08,Eve,Ford,Focus,2020,11350.00
13515,2026-06-08,Eve,Mazda,Demio,2015,8450.00
13516,2026-06-08,Finn,Toyota,Aqua,2012,7950.00
13517,2026-06-08,Jess,Holden,Commodore,2018,19850.00
13518,2026-06-08,Liam,Honda,Fit,2014,9500.00
13519,2026-06-08,Mere,Toyota,RAV4,2015,26900.00
13520,2026-06-08,Kiri,Mitsubishi,Triton,2017,32850.00
13521,2026-06-08,Eve,Honda,CR-V,2013,22050.00
13522,2026-06-08,Dan,Volkswagen,Golf,2014,13750.00
13523,2026-06-08,Eve,Mazda,BT-50,2024,45600.00
13524,2026-06-08,Chloe,Suzuki,Swift,2018,14450.00
13525,2026-06-08,Dan,Holden,Commodore,2023,29900.00
13526,2026-06-08,Eve,Volkswagen,Golf,2022,22250.00
13527,2026-06-08,Hana,Toyota,Corolla,2020,19200.00
13528,2026-06-08,Chloe,Toyota,Aqua,2025,15650.00
13529,2026-06-08,Dan,Honda,Fit,2018,10750.00
13530,2026-06-09,Liam,Honda,CR-V,2013,20350.00
13531,2026-06-09,Ben,Mazda,Axela,2014,10100.00
13532,2026-06-09,Kiri,Mazda,BT-50,2018,35900.00
13533,2026-06-09,Hana,Subaru,Outback,2013,25650.00
13534,2026-06-09,Mere,Volkswagen,Golf,2016,17550.00
13535,2026-06-09,Jess,Subaru,Outback,2014,26100.00
13536,2026-06-09,Eve,Honda,CR-V,2017,24500.00
13537,2026-06-09,Eve,Toyota,Yaris,2012,9000.00
13538,2026-06-09,Dan,Mazda,BT-50,2015,32900.00
13539,2026-06-09,Jess,Honda,CR-V,2024,35400.00
13540,2026-06-09,Ioane,Tesla,Model 3,2018,44000.00
13541,2026-06-09,Olivia,Toyota,RAV4,2019,40650.00
13542,2026-06-09,Jess,Toyota,Yaris,2023,18250.00
13543,2026-06-09,Ioane,Mitsubishi,Outlander,2013,23550.00
13544,2026-06-09,Olivia,Hyundai,Tucson,2023,36500.00
13545,2026-06-09,Dan,Nissan,Navara,2017,31550.00
13546,2026-06-09,Chloe,Toyota,Hilux,2025,56750.00
13547,2026-06-09,Kiri,Mazda,CX-5,2024,43700.00
13548,2026-06-09,Hana,Mazda,BT-50,2021,49150.00
13549,2026-06-09,Kiri,Toyota,Aqua,2015,9400.00
13550,2026-06-09,Eve,Toyota,Corolla,2015,15250.00
13551,2026-06-09,Liam,Ford,Ranger,2014,33100.00
13552,2026-06-09,Liam,Mitsubishi,Triton,2018,31850.00
13553,2026-06-09,Liam,Toyota,Yaris,2014,11900.00
13554,2026-06-09,Ioane,Kia,Sportage,2015,22700.00
13555,2026-06-10,Kiri,Subaru,Outback,2016,30200.00
13556,2026-06-10,Ben,Honda,Civic,2014,14150.00
13557,2026-06-10,Kiri,Honda,Civic,2013,11150.00
13558,2026-06-10,Dan,Holden,Commodore,2016,21750.00
13559,2026-06-10,Liam,Hyundai,Tucson,2014,20250.00
13560,2026-06-10,Ben,Tesla,Model 3,2025,61650.00
13561,2026-06-10,Mere,Mazda,Demio,2013,6800.00
13562,2026-06-10,Ben,Subaru,Outback,2013,23800.00
13563,2026-06-10,Dan,Mitsubishi,Triton,2015,25400.00
13564,2026-06-10,Aroha,Kia,Sportage,2014,21800.00
13565,2026-06-10,Jess,Volkswagen,Golf,2015,15600.00
13566,2026-06-10,Kiri,Honda,CR-V,2018,25550.00
13567,2026-06-10,Eve,Mazda,BT-50,2017,39150.00
13568,2026-06-10,Dan,Toyota,Yaris,2016,10650.00
13569,2026-06-10,Aroha,Nissan,Navara,2019,41550.00
13570,2026-06-10,Olivia,Ford,Focus,2014,8650.00
13571,2026-06-10,Dan,Subaru,Outback,2016,28250.00
13572,2026-06-10,Liam,Nissan,Tiida,2023,11000.00
13573,2026-06-10,Mere,Tesla,Model 3,2024,60700.00
13574,2026-06-10,Dan,Honda,CR-V,2020,27150.00
13575,2026-06-10,Ioane,Ford,Ranger,2022,50500.00
13576,2026-06-11,Mere,Hyundai,Tucson,2014,20550.00
13577,2026-06-11,Aroha,Mitsubishi,Triton,2020,41750.00
13578,2026-06-11,Nikau,Subaru,Outback,2016,30550.00
13579,2026-06-11,Mere,Nissan,Leaf,2013,10250.00
13580,2026-06-11,Hana,Ford,Focus,2020,11900.00
13581,2026-06-11,Aroha,Ford,Focus,2021,13000.00
13582,2026-06-11,Ben,Holden,Commodore,2024,29150.00
13583,2026-06-11,Nikau,Tesla,Model 3,2022,62400.00
13584,2026-06-11,Hana,Ford,Focus,2013,7100.00
13585,2026-06-11,Ioane,Subaru,Outback,2023,36100.00
13586,2026-06-11,Aroha,Mazda,BT-50,2013,29050.00
13587,2026-06-11,Ioane,Honda,Civic,2014,12700.00
13588,2026-06-11,Ioane,Volkswagen,Golf,2012,12500.00
13589,2026-06-11,Ioane,Honda,CR-V,2014,24300.00
13590,2026-06-11,Hana,Mazda,BT-50,2020,41050.00
13591,2026-06-11,Ioane,Toyota,RAV4,2016,34850.00
13592,2026-06-11,Mere,Toyota,Yaris,2020,17100.00
13593,2026-06-11,Finn,Hyundai,Tucson,2025,35200.00
13594,2026-06-11,Kiri,Honda,Civic,2022,23500.00
13595,2026-06-11,Liam,Toyota,Yaris,2015,13050.00
13596,2026-06-11,Olivia,Ford,Ranger,2015,37700.00
13597,2026-06-11,Liam,Honda,CR-V,2018,28350.00
13598,2026-06-11,Finn,Mitsubishi,Triton,2022,43650.00
13599,2026-06-11,Finn,Hyundai,Tucson,2012,21400.00
13600,2026-06-11,Liam,Nissan,Leaf,2020,17950.00
13601,2026-06-11,Liam,Mazda,BT-50,2020,46900.00
13602,2026-06-11,Liam,Mitsubishi,Outlander,2019,36800.00
13603,2026-06-11,Chloe,Mitsubishi,Triton,2022,45800.00
13604,2026-06-11,Ioane,Subaru,Outback,2018,30400.00
13605,2026-06-11,Ben,Tesla,Model 3,2013,35900.00
13606,2026-06-11,Jess,Honda,CR-V,2012,20500.00
13607,2026-06-12,Chloe,Hyundai,Tucson,2022,32250.00
13608,2026-06-12,Mere,Ford,Ranger,2018,47000.00
13609,2026-06-12,Hana,Tesla,Model 3,2025,66950.00
13610,2026-06-12,Mere,Suzuki,Swift,2015,12150.00
13611,2026-06-12,Liam,Nissan,Tiida,2015,6200.00
13612,2026-06-12,Eve,Honda,Fit,2018,9250.00
13613,2026-06-12,Aroha,Toyota,Hilux,2021,45400.00
13614,2026-06-12,Liam,Ford,Focus,2022,12600.00
13615,2026-06-12,Nikau,Nissan,Tiida,2024,10950.00
13616,2026-06-12,Olivia,Toyota,Hilux,2022,49250.00
13617,2026-06-12,Jess,Toyota,Yaris,2017,13400.00
13618,2026-06-12,Ioane,Ford,Focus,2020,12250.00
13619,2026-06-12,Liam,Tesla,Model 3,2012,31700.00
13620,2026-06-12,Hana,Mazda,Demio,2022,10700.00
13621,2026-06-12,Jess,Toyota,Yaris,2023,17100.00
13622,2026-06-12,Nikau,Toyota,Corolla,2014,12000.00
13623,2026-06-12,Hana,Suzuki,Swift,2020,13950.00
13624,2026-06-12,Finn,Toyota,RAV4,2021,35850.00
13625,2026-06-12,Mere,Mazda,CX-5,2024,38750.00
13626,2026-06-12,Chloe,Honda,CR-V,2022,35000.00
13627,2026-06-12,Jess,Toyota,Yaris,2016,13450.00
13628,2026-06-12,Olivia,Volkswagen,Golf,2017,18450.00
13629,2026-06-12,Eve,Tesla,Model 3,2018,46950.00
13630,2026-06-12,Eve,Mazda,BT-50,2013,30000.00
13631,2026-06-12,Mere,Subaru,Outback,2021,36800.00
13632,2026-06-13,Dan,Mazda,Demio,2018,8700.00
13633,2026-06-13,Olivia,Hyundai,Tucson,2023,37000.00
13634,2026-06-13,Hana,Holden,Commodore,2021,23350.00
13635,2026-06-13,Kiri,Honda,CR-V,2020,29700.00
13636,2026-06-13,Liam,Tesla,Model 3,2025,68900.00
13637,2026-06-13,Mere,Toyota,Yaris,2017,12900.00
13638,2026-06-13,Mere,Mitsubishi,Triton,2014,26350.00
13639,2026-06-13,Hana,Toyota,Aqua,2019,13000.00
13640,2026-06-13,Ben,Tesla,Model 3,2012,32800.00
13641,2026-06-13,Ben,Nissan,Tiida,2017,8100.00
13642,2026-06-13,Hana,Mazda,CX-5,2013,21850.00
13643,2026-06-13,Olivia,Holden,Commodore,2019,23350.00
13644,2026-06-13,Eve,Mazda,BT-50,2024,55350.00
13645,2026-06-13,Mere,Suzuki,Swift,2014,8700.00
13646,2026-06-13,Hana,Toyota,RAV4,2013,25700.00
13647,2026-06-13,Ioane,Mitsubishi,Triton,2012,21000.00
13648,2026-06-13,Jess,Toyota,Yaris,2013,8650.00
13649,2026-06-13,Jess,Mazda,Demio,2019,8750.00
13650,2026-06-13,Mere,Suzuki,Swift,2024,17900.00
13651,2026-06-13,Chloe,Mazda,CX-5,2012,18600.00
13652,2026-06-13,Mere,Ford,Ranger,2021,45450.00
13653,2026-06-13,Chloe,Toyota,Yaris,2012,9500.00
13654,2026-06-13,Chloe,Toyota,Hilux,2017,33150.00
13655,2026-06-13,Dan,Subaru,Forester,2016,25200.00
13656,2026-06-14,Eve,Subaru,Outback,2018,36950.00
13657,2026-06-14,Mere,Hyundai,Tucson,2012,21000.00
13658,2026-06-14,Ioane,Toyota,Aqua,2013,8000.00
13659,2026-06-14,Dan,Mazda,CX-5,2024,42100.00
13660,2026-06-14,Ioane,Mazda,Axela,2015,9700.00
13661,2026-06-14,Finn,Mazda,CX-5,2017,30250.00
13662,2026-06-14,Finn,Hyundai,Tucson,2015,22850.00
13663,2026-06-14,Ioane,Subaru,Forester,2025,46950.00
13664,2026-06-14,Mere,Ford,Focus,2023,13100.00
13665,2026-06-14,Finn,Nissan,Leaf,2020,18850.00
13666,2026-06-14,Hana,Holden,Commodore,2022,30600.00
13667,2026-06-14,Finn,Toyota,Corolla,2015,15400.00
13668,2026-06-14,Liam,Toyota,Aqua,2023,17750.00
13669,2026-06-14,Hana,Toyota,Yaris,2016,12000.00
13670,2026-06-14,Kiri,Kia,Sportage,2013,22550.00
13671,2026-06-14,Liam,Mazda,BT-50,2017,38600.00
13672,2026-06-14,Mere,Toyota,Aqua,2015,10450.00
13673,2026-06-14,Ioane,Honda,CR-V,2021,33750.00
13674,2026-06-14,Eve,Toyota,Hilux,2025,49850.00
13675,2026-06-14,Hana,Toyota,Yaris,2023,17350.00
13676,2026-06-14,Olivia,Subaru,Outback,2014,25000.00
13677,2026-06-14,Dan,Mitsubishi,Triton,2023,46750.00
13678,2026-06-14,Olivia,Toyota,RAV4,2022,47850.00
13679,2026-06-14,Ben,Kia,Sportage,2017,26700.00
13680,2026-06-14,Dan,Toyota,Yaris,2014,10500.00
13681,2026-06-15,Ioane,Ford,Focus,2024,14800.00
13682,2026-06-15,Mere,Ford,Ranger,2018,41800.00
13683,2026-06-15,Ioane,Mitsubishi,Triton,2023,37650.00
13684,2026-06-15,Dan,Ford,Ranger,2025,52100.00
13685,2026-06-15,Olivia,Mazda,Demio,2017,9200.00
13686,2026-06-15,Ben,Honda,Fit,2023,11650.00
13687,2026-06-15,Jess,Mazda,BT-50,2025,49900.00
13688,2026-06-15,Finn,Toyota,RAV4,2022,46050.00
13689,2026-06-15,Ioane,Kia,Sportage,2017,27500.00
13690,2026-06-15,Mere,Kia,Sportage,2014,17950.00
13691,2026-06-15,Kiri,Kia,Sportage,2023,30200.00
13692,2026-06-15,Ioane,Ford,Focus,2020,12100.00
13693,2026-06-15,Ioane,Toyota,Hilux,2022,54900.00
13694,2026-06-15,Jess,Hyundai,Tucson,2022,37000.00
13695,2026-06-15,Finn,Toyota,RAV4,2015,28200.00
13696,2026-06-15,Liam,Mitsubishi,Triton,2015,26150.00
13697,2026-06-15,Mere,Ford,Focus,2012,6900.00
13698,2026-06-15,Kiri,Honda,Civic,2021,20850.00
13699,2026-06-15,Jess,Toyota,Yaris,2015,9900.00
13700,2026-06-15,Eve,Toyota,Hilux,2017,35650.00
13701,2026-06-15,Liam,Tesla,Model 3,2023,55900.00
13702,2026-06-15,Hana,Holden,Commodore,2025,27700.00
13703,2026-06-15,Finn,Toyota,Yaris,2024,17250.00
13704,2026-06-15,Finn,Volkswagen,Golf,2018,20400.00
13705,2026-06-15,Olivia,Kia,Sportage,2023,38950.00
13706,2026-06-15,Ioane,Holden,Commodore,2020,26100.00
13707,2026-06-15,Dan,Mitsubishi,Triton,2020,41650.00
13708,2026-06-16,Nikau,Nissan,Navara,2015,31200.00
13709,2026-06-16,Ben,Mazda,CX-5,2017,27250.00
13710,2026-06-16,Finn,Mitsubishi,Outlander,2025,43500.00
13711,2026-06-16,Dan,Nissan,Tiida,2013,6200.00
13712,2026-06-16,Mere,Toyota,Hilux,2022,54800.00
13713,2026-06-16,Liam,Toyota,Aqua,2023,17500.00
13714,2026-06-16,Dan,Ford,Ranger,2025,67100.00
13715,2026-06-16,Hana,Toyota,Aqua,2023,13550.00
13716,2026-06-16,Dan,Mazda,CX-5,2020,37350.00
13717,2026-06-16,Aroha,Kia,Sportage,2019,29100.00
13718,2026-06-16,Finn,Volkswagen,Golf,2018,19400.00
13719,2026-06-16,Chloe,Ford,Ranger,2014,33550.00
13720,2026-06-16,Liam,Nissan,Navara,2025,43550.00
13721,2026-06-16,Eve,Toyota,Hilux,2020,48950.00
13722,2026-06-16,Hana,Kia,Sportage,2013,21000.00
13723,2026-06-16,Finn,Toyota,Yaris,2024,17550.00
13724,2026-06-16,Eve,Toyota,Hilux,2016,39500.00
13725,2026-06-16,Olivia,Kia,Sportage,2019,31350.00
13726,2026-06-16,Jess,Honda,CR-V,2012,19950.00
13727,2026-06-16,Mere,Ford,Focus,2012,7150.00
13728,2026-06-17,Chloe,Mazda,BT-50,2017,34800.00
13729,2026-06-17,Olivia,Mitsubishi,Triton,2022,36250.00
13730,2026-06-17,Ioane,Toyota,Hilux,2025,48350.00
13731,2026-06-17,Eve,Nissan,Leaf,2017,16050.00
13732,2026-06-17,Dan,Nissan,Leaf,2016,14600.00
13733,2026-06-17,Olivia,Mitsubishi,Triton,2021,39550.00
13734,2026-06-17,Mere,Ford,Ranger,2021,47950.00
13735,2026-06-17,Kiri,Subaru,Forester,2016,30900.00
13736,2026-06-17,Eve,Honda,CR-V,2022,33850.00
13737,2026-06-17,Eve,Honda,Civic,2017,16750.00
13738,2026-06-17,Eve,Mitsubishi,Triton,2023,36550.00
13739,2026-06-17,Kiri,Kia,Sportage,2021,32650.00
13740,2026-06-17,Aroha,Nissan,Navara,2014,24650.00
13741,2026-06-17,Mere,Subaru,Outback,2016,32300.00
13742,2026-06-17,Finn,Tesla,Model 3,2021,55700.00
13743,2026-06-17,Aroha,Toyota,Hilux,2024,53550.00
13744,2026-06-17,Mere,Kia,Sportage,2025,33150.00
13745,2026-06-17,Hana,Holden,Commodore,2014,15800.00
13746,2026-06-17,Finn,Tesla,Model 3,2012,35500.00
13747,2026-06-17,Eve,Nissan,Leaf,2017,15200.00
13748,2026-06-17,Ioane,Holden,Commodore,2016,18350.00
13749,2026-06-17,Ben,Kia,Sportage,2025,37950.00
13750,2026-06-17,Liam,Mazda,CX-5,2019,29000.00
13751,2026-06-17,Ben,Toyota,Yaris,2016,12450.00
13752,2026-06-17,Mere,Mazda,BT-50,2013,30550.00
13753,2026-06-17,Olivia,Toyota,Hilux,2015,30750.00
13754,2026-06-17,Dan,Toyota,RAV4,2025,54700.00
13755,2026-06-17,Ioane,Kia,Sportage,2021,31000.00
13756,2026-06-17,Olivia,Mazda,CX-5,2015,28000.00
13757,2026-06-17,Liam,Toyota,Hilux,2019,36900.00
13758,2026-06-17,Jess,Toyota,Yaris,2019,16900.00
13759,2026-06-18,Ioane,Ford,Ranger,2014,33200.00
13760,2026-06-18,Kiri,Mitsubishi,Triton,2012,19400.00
13761,2026-06-18,Ioane,Toyota,Yaris,2022,16350.00
13762,2026-06-18,Jess,Toyota,Aqua,2012,9250.00
13763,2026-06-18,Finn,Toyota,Corolla,2020,22200.00
13764,2026-06-18,Ioane,Toyota,Corolla,2017,16000.00
13765,2026-06-18,Dan,Honda,CR-V,2017,27600.00
13766,2026-06-18,Ioane,Mazda,CX-5,2015,23450.00
13767,2026-06-18,Dan,Mazda,CX-5,2016,27200.00
13768,2026-06-18,Liam,Mazda,BT-50,2020,46700.00
13769,2026-06-18,Hana,Mazda,BT-50,2015,32150.00
13770,2026-06-18,Mere,Subaru,Forester,2018,29300.00
13771,2026-06-18,Ioane,Mitsubishi,Triton,2013,25300.00
13772,2026-06-18,Ben,Tesla,Model 3,2024,59200.00
13773,2026-06-18,Kiri,Honda,Fit,2014,8200.00
13774,2026-06-18,Ioane,Subaru,Outback,2024,47100.00
13775,2026-06-18,Ioane,Mitsubishi,Triton,2012,21950.00
13776,2026-06-18,Finn,Mazda,CX-5,2014,22800.00
13777,2026-06-18,Jess,Ford,Ranger,2025,56700.00
13778,2026-06-18,Hana,Honda,CR-V,2013,18000.00
13779,2026-06-18,Ben,Volkswagen,Golf,2014,13500.00
13780,2026-06-18,Mere,Mazda,Demio,2021,11250.00
13781,2026-06-18,Chloe,Subaru,Outback,2013,27350.00
13782,2026-06-18,Finn,Mazda,Axela,2020,14200.00
13783,2026-06-18,Kiri,Honda,CR-V,2014,21550.00
13784,2026-06-18,Dan,Toyota,Aqua,2013,8300.00
13785,2026-06-18,Jess,Mazda,Axela,2020,14800.00
13786,2026-06-18,Chloe,Mazda,Demio,2022,10650.00
13787,2026-06-19,Finn,Nissan,Navara,2025,45650.00
13788,2026-06-19,Hana,Ford,Ranger,2025,61450.00
13789,2026-06-19,Kiri,Suzuki,Swift,2012,8800.00
13790,2026-06-19,Finn,Mazda,CX-5,2024,33550.00
13791,2026-06-19,Olivia,Toyota,RAV4,2021,44400.00
13792,2026-06-19,Jess,Subaru,Outback,2014,26150.00
13793,2026-06-19,Ben,Mazda,Demio,2018,10100.00
13794,2026-06-19,Ben,Nissan,Navara,2018,38500.00
13795,2026-06-19,Liam,Toyota,Aqua,2015,9450.00
13796,2026-06-19,Finn,Mazda,BT-50,2019,33550.00
13797,2026-06-19,Chloe,Volkswagen,Golf,2023,27400.00
13798,2026-06-19,Jess,Subaru,Outback,2013,21300.00
13799,2026-06-19,Dan,Toyota,RAV4,2013,21350.00
13800,2026-06-19,Aroha,Kia,Sportage,2023,39100.00
13801,2026-06-19,Ioane,Nissan,Tiida,2022,10650.00
13802,2026-06-19,Nikau,Mitsubishi,Triton,2025,51350.00
13803,2026-06-19,Hana,Mazda,CX-5,2017,24600.00
13804,2026-06-19,Kiri,Mazda,Axela,2016,12050.00
13805,2026-06-19,Hana,Ford,Ranger,2020,40800.00
13806,2026-06-19,Ben,Mazda,BT-50,2024,55750.00
13807,2026-06-19,Dan,Toyota,Hilux,2016,36750.00
13808,2026-06-19,Hana,Toyota,Aqua,2022,14200.00
13809,2026-06-19,Eve,Mitsubishi,Triton,2022,36700.00
13810,2026-06-19,Chloe,Ford,Ranger,2019,44300.00
13811,2026-06-19,Jess,Mitsubishi,Triton,2013,21350.00
13812,2026-06-19,Finn,Volkswagen,Golf,2023,25100.00
13813,2026-06-19,Ioane,Nissan,Leaf,2013,12550.00
13814,2026-06-19,Kiri,Honda,CR-V,2014,22950.00
13815,2026-06-19,Dan,Mitsubishi,Triton,2012,22600.00
13816,2026-06-20,Kiri,Toyota,Corolla,2018,15350.00
13817,2026-06-20,Eve,Mazda,CX-5,2018,28250.00
13818,2026-06-20,Ioane,Honda,Fit,2025,16550.00
13819,2026-06-20,Mere,Mazda,Demio,2025,12700.00
13820,2026-06-20,Liam,Honda,CR-V,2024,34800.00
13821,2026-06-20,Kiri,Toyota,Hilux,2012,25450.00
13822,2026-06-20,Kiri,Ford,Focus,2025,17000.00
13823,2026-06-20,Aroha,Ford,Focus,2019,11750.00
13824,2026-06-20,Olivia,Hyundai,Tucson,2020,33950.00
13825,2026-06-20,Jess,Honda,CR-V,2022,36150.00
13826,2026-06-20,Jess,Ford,Focus,2016,10950.00
13827,2026-06-20,Ioane,Hyundai,Tucson,2016,25450.00
13828,2026-06-20,Finn,Toyota,Yaris,2023,18250.00
13829,2026-06-20,Jess,Nissan,Navara,2024,42250.00
13830,2026-06-20,Mere,Ford,Ranger,2014,32000.00
13831,2026-06-20,Finn,Mazda,CX-5,2012,16950.00
13832,2026-06-20,Finn,Hyundai,Tucson,2012,18500.00
13833,2026-06-20,Olivia,Nissan,Tiida,2016,7200.00
13834,2026-06-20,Ben,Mazda,BT-50,2025,46100.00
13835,2026-06-20,Kiri,Tesla,Model 3,2016,36400.00
13836,2026-06-20,Finn,Subaru,Outback,2013,25450.00
13837,2026-06-20,Jess,Toyota,Hilux,2025,55750.00
13838,2026-06-20,Mere,Honda,CR-V,2016,22300.00
13839,2026-06-20,Kiri,Holden,Commodore,2021,22650.00
13840,2026-06-20,Nikau,Subaru,Outback,2014,23000.00
13841,2026-06-20,Chloe,Kia,Sportage,2013,18250.00
13842,2026-06-20,Mere,Toyota,Aqua,2017,13100.00
13843,2026-06-20,Chloe,Mitsubishi,Outlander,2013,22650.00
13844,2026-06-20,Ioane,Mitsubishi,Triton,2020,34550.00
13845,2026-06-21,Dan,Kia,Sportage,2025,41900.00
13846,2026-06-21,Mere,Suzuki,Swift,2014,9400.00
13847,2026-06-21,Liam,Holden,Commodore,2012,13950.00
13848,2026-06-21,Aroha,Nissan,Navara,2017,35100.00
13849,2026-06-21,Ioane,Mazda,BT-50,2016,29500.00
13850,2026-06-21,Aroha,Toyota,Yaris,2024,21250.00
13851,2026-06-21,Liam,Mazda,BT-50,2025,56050.00
13852,2026-06-21,Ben,Toyota,Corolla,2019,21150.00
13853,2026-06-21,Mere,Subaru,Outback,2024,44800.00
13854,2026-06-21,Mere,Volkswagen,Golf,2021,23650.00
13855,2026-06-21,Nikau,Mitsubishi,Triton,2016,29850.00
13856,2026-06-21,Jess,Ford,Focus,2013,9400.00
13857,2026-06-21,Finn,Mazda,Demio,2023,12200.00
13858,2026-06-21,Liam,Subaru,Forester,2017,31800.00
13859,2026-06-21,Nikau,Toyota,Aqua,2021,14600.00
13860,2026-06-21,Eve,Ford,Ranger,2014,34300.00
13861,2026-06-21,Dan,Kia,Sportage,2023,31150.00
13862,2026-06-21,Mere,Holden,Commodore,2016,18200.00
13863,2026-06-21,Ioane,Honda,CR-V,2023,34750.00
13864,2026-06-21,Kiri,Toyota,RAV4,2018,31950.00
13865,2026-06-21,Nikau,Mazda,Demio,2018,9700.00
13866,2026-06-21,Nikau,Hyundai,Tucson,2018,26350.00
13867,2026-06-21,Olivia,Toyota,Hilux,2017,33750.00
13868,2026-06-21,Liam,Mitsubishi,Triton,2023,44800.00
13869,2026-06-21,Olivia,Tesla,Model 3,2023,69000.00
13870,2026-06-21,Ioane,Toyota,Hilux,2023,52550.00
13871,2026-06-21,Chloe,Honda,CR-V,2014,22500.00
13872,2026-06-21,Kiri,Toyota,RAV4,2024,43650.00
13873,2026-06-21,Eve,Volkswagen,Golf,2025,24650.00
13874,2026-06-22,Nikau,Mazda,BT-50,2025,57300.00
13875,2026-06-22,Finn,Ford,Ranger,2018,37950.00
13876,2026-06-22,Kiri,Toyota,RAV4,2024,45200.00
13877,2026-06-22,Ioane,Honda,CR-V,2017,22850.00
13878,2026-06-22,Dan,Suzuki,Swift,2014,11600.00
13879,2026-06-22,Aroha,Ford,Focus,2020,11550.00
13880,2026-06-22,Nikau,Tesla,Model 3,2018,52250.00
13881,2026-06-22,Chloe,Toyota,Yaris,2019,14000.00
13882,2026-06-22,Hana,Mitsubishi,Triton,2021,43050.00
13883,2026-06-22,Mere,Kia,Sportage,2019,31050.00
13884,2026-06-22,Liam,Suzuki,Swift,2019,14700.00
13885,2026-06-22,Liam,Holden,Commodore,2017,23250.00
13886,2026-06-22,Eve,Toyota,Hilux,2024,52250.00
13887,2026-06-22,Hana,Volkswagen,Golf,2025,25300.00
13888,2026-06-22,Ioane,Mazda,BT-50,2018,36700.00
13889,2026-06-22,Hana,Nissan,Navara,2013,30000.00
13890,2026-06-22,Kiri,Toyota,RAV4,2012,21400.00
13891,2026-06-22,Hana,Honda,CR-V,2015,26350.00
13892,2026-06-22,Dan,Kia,Sportage,2015,24200.00
13893,2026-06-22,Eve,Mazda,Axela,2015,12000.00
13894,2026-06-22,Ioane,Mazda,BT-50,2017,40050.00
13895,2026-06-22,Liam,Honda,CR-V,2014,19150.00
13896,2026-06-22,Kiri,Honda,CR-V,2015,19900.00
13897,2026-06-22,Jess,Mazda,Axela,2019,14850.00
13898,2026-06-22,Olivia,Mazda,Axela,2015,12300.00
13899,2026-06-22,Aroha,Mazda,BT-50,2015,30450.00
13900,2026-06-22,Eve,Mitsubishi,Triton,2016,29000.00
13901,2026-06-22,Nikau,Tesla,Model 3,2018,44500.00
13902,2026-06-22,Mere,Holden,Commodore,2015,17350.00
13903,2026-06-22,Dan,Tesla,Model 3,2017,43300.00
13904,2026-06-22,Ben,Honda,CR-V,2024,33900.00
13905,2026-06-23,Chloe,Mazda,Demio,2019,10400.00
13906,2026-06-23,Finn,Toyota,Aqua,2013,8200.00
13907,2026-06-23,Chloe,Hyundai,Tucson,2018,29200.00
13908,2026-06-23,Olivia,Ford,Focus,2025,16500.00
13909,2026-06-23,Kiri,Toyota,Yaris,2024,19100.00
13910,2026-06-23,Mere,Mazda,Axela,2020,15050.00
13911,2026-06-23,Chloe,Toyota,RAV4,2023,50150.00
13912,2026-06-23,Aroha,Volkswagen,Golf,2021,21800.00
13913,2026-06-23,Hana,Toyota,Yaris,2021,15450.00
13914,2026-06-23,Eve,Suzuki,Swift,2017,14000.00
13915,2026-06-23,Liam,Mazda,CX-5,2016,22450.00
13916,2026-06-23,Nikau,Hyundai,Tucson,2017,26100.00
13917,2026-06-23,Mere,Toyota,Aqua,2018,11100.00
13918,2026-06-23,Eve,Toyota,Hilux,2016,36150.00
13919,2026-06-23,Liam,Mazda,BT-50,2023,47650.00
13920,2026-06-23,Nikau,Mazda,Axela,2016,11400.00
13921,2026-06-23,Ben,Holden,Commodore,2012,15350.00
13922,2026-06-23,Finn,Mazda,BT-50,2019,40200.00
13923,2026-06-23,Olivia,Volkswagen,Golf,2017,17100.00
13924,2026-06-23,Hana,Mitsubishi,Triton,2023,39250.00
13925,2026-06-23,Liam,Toyota,RAV4,2021,35350.00
13926,2026-06-24,Hana,Tesla,Model 3,2017,44450.00
13927,2026-06-24,Nikau,Toyota,RAV4,2017,32450.00
13928,2026-06-24,Chloe,Subaru,Forester,2025,46950.00
13929,2026-06-24,Finn,Volkswagen,Golf,2025,26250.00
13930,2026-06-24,Hana,Mazda,Demio,2023,12550.00
13931,2026-06-24,Ioane,Kia,Sportage,2020,30800.00
13932,2026-06-24,Liam,Mitsubishi,Triton,2022,39050.00
13933,2026-06-24,Finn,Toyota,Yaris,2025,20350.00
13934,2026-06-24,Mere,Tesla,Model 3,2015,34250.00
13935,2026-06-24,Kiri,Toyota,RAV4,2016,29450.00
13936,2026-06-24,Mere,Suzuki,Swift,2016,12300.00
13937,2026-06-24,Eve,Mitsubishi,Triton,2015,31100.00
13938,2026-06-24,Kiri,Ford,Ranger,2012,30650.00
13939,2026-06-24,Olivia,Ford,Ranger,2021,46150.00
13940,2026-06-24,Mere,Honda,CR-V,2012,16000.00
13941,2026-06-24,Chloe,Holden,Commodore,2023,29900.00
13942,2026-06-24,Mere,Subaru,Outback,2018,35600.00
13943,2026-06-24,Finn,Toyota,Hilux,2018,34600.00
13944,2026-06-24,Mere,Ford,Ranger,2012,26350.00
13945,2026-06-24,Finn,Mitsubishi,Triton,2013,25700.00
13946,2026-06-24,Mere,Nissan,Tiida,2019,7150.00
13947,2026-06-24,Hana,Subaru,Outback,2016,29200.00
13948,2026-06-24,Dan,Tesla,Model 3,2015,41550.00
13949,2026-06-24,Olivia,Kia,Sportage,2019,30450.00
13950,2026-06-24,Liam,Honda,Civic,2020,21850.00
13951,2026-06-24,Nikau,Mazda,BT-50,2012,26950.00
13952,2026-06-24,Kiri,Mazda,CX-5,2023,39300.00
13953,2026-06-25,Eve,Suzuki,Swift,2019,14800.00
13954,2026-06-25,Olivia,Nissan,Tiida,2020,8750.00
13955,2026-06-25,Hana,Toyota,RAV4,2020,35500.00
13956,2026-06-25,Hana,Nissan,Leaf,2012,10300.00
13957,2026-06-25,Jess,Mitsubishi,Triton,2022,41100.00
13958,2026-06-25,Mere,Mazda,CX-5,2023,36050.00
13959,2026-06-25,Mere,Kia,Sportage,2025,41250.00
13960,2026-06-25,Olivia,Kia,Sportage,2019,25100.00
13961,2026-06-25,Mere,Mazda,CX-5,2017,24750.00
13962,2026-06-25,Dan,Kia,Sportage,2019,26550.00
13963,2026-06-25,Finn,Mazda,BT-50,2014,33100.00
13964,2026-06-25,Liam,Ford,Focus,2015,9550.00
13965,2026-06-25,Dan,Toyota,Corolla,2021,18100.00
13966,2026-06-25,Dan,Subaru,Outback,2018,35400.00
13967,2026-06-25,Olivia,Nissan,Navara,2021,43750.00
13968,2026-06-25,Dan,Toyota,Aqua,2013,7650.00
13969,2026-06-25,Kiri,Holden,Commodore,2012,14750.00
13970,2026-06-25,Ioane,Toyota,Yaris,2020,15300.00
13971,2026-06-25,Liam,Kia,Sportage,2016,25250.00
13972,2026-06-25,Liam,Mitsubishi,Triton,2017,30950.00
13973,2026-06-25,Finn,Toyota,RAV4,2013,22100.00
13974,2026-06-25,Chloe,Honda,Civic,2013,12250.00
13975,2026-06-25,Ioane,Nissan,Leaf,2018,15250.00
13976,2026-06-25,Hana,Mitsubishi,Triton,2017,30500.00
13977,2026-06-25,Ben,Toyota,Aqua,2023,13750.00
13978,2026-06-25,Olivia,Mitsubishi,Outlander,2019,28900.00
13979,2026-06-25,Nikau,Honda,CR-V,2025,32850.00
13980,2026-06-25,Jess,Holden,Commodore,2024,31200.00
13981,2026-06-25,Eve,Ford,Focus,2022,14750.00
13982,2026-06-25,Liam,Mitsubishi,Triton,2012,22850.00
13983,2026-06-25,Mere,Suzuki,Swift,2018,11200.00
13984,2026-06-25,Eve,Mitsubishi,Triton,2014,28100.00
13985,2026-06-25,Finn,Mazda,CX-5,2024,41450.00
13986,2026-06-25,Hana,Ford,Ranger,2017,45200.00
13987,2026-06-25,Chloe,Toyota,Hilux,2018,42850.00
13988,2026-06-25,Hana,Ford,Ranger,2024,50200.00
13989,2026-06-26,Hana,Toyota,Aqua,2023,16150.00
13990,2026-06-26,Chloe,Toyota,Hilux,2021,52550.00
13991,2026-06-26,Olivia,Honda,CR-V,2018,31950.00
13992,2026-06-26,Olivia,Tesla,Model 3,2016,40250.00
13993,2026-06-26,Eve,Nissan,Leaf,2022,20550.00
13994,2026-06-26,Eve,Mazda,Axela,2016,10850.00
13995,2026-06-26,Mere,Mazda,Demio,2021,8950.00
13996,2026-06-26,Jess,Tesla,Model 3,2025,74150.00
13997,2026-06-26,Dan,Nissan,Navara,2023,43100.00
13998,2026-06-26,Ioane,Honda,Civic,2014,12100.00
13999,2026-06-26,Hana,Kia,Sportage,2016,21750.00
14000,2026-06-26,Olivia,Volkswagen,Golf,2017,16050.00
14001,2026-06-03,Aroha,Ford,Ranger,2021,52000.00,extra
14001,2026-06-26,Liam,Mitsubishi,Triton,2018,35700.00
14002,2026-06-26,Jess,Mitsubishi,Triton,2016,32200.00
14003,2026-06-26,Kiri,Toyota,RAV4,2021,35800.00
14004,2026-06-26,Dan,Kia,Sportage,2021,29200.00
14005,2026-06-26,Ioane,Honda,CR-V,2024,37500.00
14006,2026-06-26,Mere,Mazda,CX-5,2021,33300.00
14007,2026-06-26,Olivia,Hyundai,Tucson,2021,31650.00
14008,2026-06-26,Aroha,Ford,Focus,2012,7250.00
14009,2026-06-26,Ben,Hyundai,Tucson,2015,25300.00
14010,2026-06-27,Liam,Subaru,Outback,2019,32850.00
14011,2026-06-27,Ioane,Subaru,Outback,2017,33000.00
14012,2026-06-27,Ioane,Toyota,Yaris,2015,11900.00
14013,2026-06-27,Ben,Nissan,Leaf,2021,20150.00
14014,2026-06-27,Chloe,Tesla,Model 3,2018,52750.00
14015,2026-06-27,Ioane,Mazda,Demio,2025,13700.00
14016,2026-06-27,Kiri,Subaru,Outback,2021,35900.00
14017,2026-06-27,Liam,Tesla,Model 3,2019,50200.00
14018,2026-06-27,Mere,Subaru,Outback,2024,43700.00
14019,2026-06-27,Hana,Subaru,Outback,2025,42850.00
14020,2026-06-27,Ben,Toyota,RAV4,2017,28150.00
14021,2026-06-27,Eve,Mitsubishi,Triton,2014,22900.00
14022,2026-06-27,Olivia,Mazda,Demio,2018,9700.00
14023,2026-06-27,Nikau,Mazda,BT-50,2021,43200.00
14024,2026-06-27,Mere,Ford,Focus,2017,10050.00
14025,2026-06-27,Eve,Nissan,Navara,2017,31050.00
14026,2026-06-27,Jess,Ford,Ranger,2020,47950.00
14027,2026-06-27,Ioane,Mitsubishi,Triton,2020,34350.00
14028,2026-06-27,Finn,Nissan,Leaf,2021,15900.00
14029,2026-06-27,Eve,Toyota,Yaris,2025,20550.00
14030,2026-06-27,Ioane,Hyundai,Tucson,2019,29600.00
14031,2026-06-27,Hana,Ford,Ranger,2018,47050.00
14032,2026-06-28,Jess,Toyota,RAV4,2016,34650.00
14033,2026-06-28,Ben,Subaru,Forester,2023,35300.00
14034,2026-06-28,Dan,Mazda,BT-50,2016,34100.00
14035,2026-06-28,Jess,Holden,Commodore,2021,25500.00
14036,2026-06-28,Nikau,Holden,Commodore,2025,32200.00
14037,2026-06-28,Nikau,Mitsubishi,Triton,2012,23500.00
14038,2026-06-28,Liam,Kia,Sportage,2021,29800.00
14039,2026-06-28,Dan,Mazda,CX-5,2023,42100.00
14040,2026-06-28,Finn,Nissan,Tiida,2017,6900.00
14041,2026-06-28,Kiri,Hyundai,Tucson,2025,39150.00
14042,2026-06-28,Nikau,Honda,CR-V,2012,17400.00
14043,2026-06-28,Ioane,Ford,Focus,2021,13350.00
14044,2026-06-28,Dan,Mitsubishi,Triton,2020,42300.00
14045,2026-06-28,Olivia,Honda,CR-V,2017,29100.00
14046,2026-06-28,Ioane,Nissan,Navara,2018,40650.00
14047,2026-06-28,Finn,Toyota,Hilux,2021,49450.00
14048,2026-06-28,Mere,Toyota,Hilux,2025,52500.00
14049,2026-06-28,Mere,Mitsubishi,Triton,2025,48200.00
14050,2026-06-28,Nikau,Mazda,CX-5,2015,24400.00
14051,2026-06-28,Liam,Volkswagen,Golf,2023,24450.00
14052,2026-06-29,Ioane,Mazda,Axela,2022,17150.00
14053,2026-06-29,Kiri,Mazda,Demio,2018,10100.00
14054,2026-06-29,Hana,Mitsubishi,Triton,2015,28100.00
14055,2026-06-29,Nikau,Honda,CR-V,2018,30300.00
14056,2026-06-29,Finn,Toyota,Hilux,2019,40050.00
14057,2026-06-29,Ioane,Subaru,Outback,2025,41550.00
14058,2026-06-29,Dan,Mazda,Demio,2024,11000.00
14059,2026-06-29,Mere,Toyota,Yaris,2019,13450.00
14060,2026-06-29,Eve,Suzuki,Swift,2016,11800.00
14061,2026-06-29,Ioane,Tesla,Model 3,2013,39500.00
14062,2026-06-29,Eve,Honda,Fit,2021,13250.00
14063,2026-06-29,Eve,Tesla,Model 3,2019,47250.00
14064,2026-06-29,Aroha,Toyota,RAV4,2014,29500.00
14065,2026-06-29,Ioane,Toyota,Hilux,2018,43400.00
14066,2026-06-29,Nikau,Mazda,CX-5,2025,43750.00
14067,2026-06-29,Mere,Honda,CR-V,2015,23150.00
14068,2026-06-29,Chloe,Honda,Civic,2021,17900.00
14069,2026-06-29,Ben,Mazda,BT-50,2012,24750.00
14070,2026-06-29,Ioane,Hyundai,Tucson,2018,25000.00
14071,2026-06-29,Finn,Tesla,Model 3,2013,31850.00
14072,2026-06-29,Ben,Mazda,Axela,2015,11100.00
14073,2026-06-29,Mere,Nissan,Navara,2023,45100.00
14074,2026-06-29,Eve,Toyota,RAV4,2020,43100.00
14075,2026-06-29,Jess,Hyundai,Tucson,2023,33150.00
14076,2026-06-29,Eve,Mazda,CX-5,2025,37000.00
14077,2026-06-30,Mere,Mitsubishi,Triton,2019,37000.00
14078,2026-06-30,Olivia,Mazda,Demio,2014,6250.00
14079,2026-06-30,Hana,Subaru,Outback,2015,27250.00
14080,2026-06-30,Ioane,Mazda,CX-5,2025,37950.00
14081,2026-06-30,Jess,Toyota,Aqua,2023,17950.00
14082,2026-06-30,Ioane,Hyundai,Tucson,2022,37650.00
14083,2026-06-30,Hana,Toyota,Yaris,2017,12100.00
14084,2026-06-30,Liam,Ford,Ranger,2015,32950.00
14085,2026-06-30,Kiri,Nissan,Leaf,2017,14350.00
14086,2026-06-30,Mere,Honda,Fit,2013,8700.00
14087,2026-06-30,Hana,Mazda,CX-5,2021,37150.00
14088,2026-06-30,Eve,Toyota,Corolla,2022,23050.00
14089,2026-06-30,Kiri,Toyota,Yaris,2015,10700.00
14090,2026-06-30,Finn,Mazda,BT-50,2021,43900.00
14091,2026-06-30,Chloe,Honda,Fit,2023,12650.00
14092,2026-06-30,Kiri,Toyota,Aqua,2019,11550.00
14093,2026-06-30,Nikau,Suzuki,Swift,2019,14600.00
14094,2026-06-30,Jess,Subaru,Forester,2023,35400.00
14095,2026-06-30,Aroha,Nissan,Tiida,2023,10650.00
14096,2026-06-30,Kiri,Mazda,BT-50,2017,36000.00
14097,2026-06-30,Mere,Ford,Ranger,2015,34050.00
14098,2026-06-30,Mere,Suzuki,Swift,2018,11300.00
14099,2026-06-30,Ben,Toyota,RAV4,2018,31150.00
14100,2026-06-30,Eve,Ford,Ranger,2019,40700.00
14101,2026-07-01,Finn,Honda,CR-V,2024,40750.00
14102,2026-07-01,Chloe,Suzuki,Swift,2024,17050.00
14103,2026-07-01,Ben,Subaru,Forester,2019,28250.00
14104,2026-07-01,Nikau,Toyota,Hilux,2018,41700.00
14105,2026-07-01,Chloe,Toyota,RAV4,2014,28400.00
14106,2026-07-01,Eve,Nissan,Tiida,2014,5600.00
14107,2026-07-01,Hana,Mazda,CX-5,2020,33500.00
14108,2026-07-01,Kiri,Toyota,RAV4,2019,37450.00
14109,2026-07-01,Dan,Suzuki,Swift,2013,10300.00
14110,2026-07-01,Olivia,Suzuki,Swift,2018,11900.00
14111,2026-07-01,Eve,Toyota,Hilux,2023,52150.00
14112,2026-07-01,Ben,Toyota,RAV4,2019,38150.00
14113,2026-07-01,Hana,Honda,CR-V,2019,26950.00
14114,2026-07-01,Eve,Nissan,Leaf,2018,17550.00
14115,2026-07-01,Kiri,Mazda,CX-5,2012,19000.00
14116,2026-07-01,Mere,Ford,Focus,2012,7350.00
14117,2026-07-01,Jess,Toyota,RAV4,2012,25650.00
14118,2026-07-01,Kiri,Tesla,Model 3,2023,55150.00
14119,2026-07-01,Dan,Honda,Fit,2016,8700.00
14120,2026-07-01,Kiri,Volkswagen,Golf,2025,29600.00
14121,2026-07-01,Ben,Honda,Fit,2017,10450.00
14122,2026-07-01,Dan,Kia,Sportage,2018,24200.00
14123,2026-07-02,Hana,Mazda,Axela,2016,10200.00
14124,2026-07-02,Olivia,Mazda,CX-5,2024,34650.00
14125,2026-07-02,Finn,Ford,Ranger,2018,42100.00
14126,2026-07-02,Nikau,Mitsubishi,Triton,2022,46750.00
14127,2026-07-02,Nikau,Nissan,Navara,2018,38750.00
14128,2026-07-02,Mere,Volkswagen,Golf,2017,18050.00
14129,2026-07-02,Chloe,Honda,CR-V,2016,27850.00
14130,2026-07-02,Olivia,Ford,Ranger,2015,31800.00
14131,2026-07-02,Mere,Volkswagen,Golf,2021,22150.00
14132,2026-07-02,Olivia,Mazda,Demio,2013,7500.00
14133,2026-07-02,Mere,Nissan,Navara,2024,54300.00
14134,2026-07-02,Jess,Mitsubishi,Triton,2021,40950.00
14135,2026-07-02,Olivia,Toyota,Hilux,2017,42050.00
14136,2026-07-02,Dan,Toyota,RAV4,2025,42700.00
14137,2026-07-02,Hana,Toyota,Yaris,2025,21300.00
14138,2026-07-02,Dan,Suzuki,Swift,2014,9700.00
14139,2026-07-02,Aroha,Mazda,BT-50,2018,40350.00
14140,2026-07-02,Ben,Hyundai,Tucson,2024,39650.00
14141,2026-07-02,Hana,Toyota,Aqua,2014,10850.00
14142,2026-07-02,Hana,Volkswagen,Golf,2024,28000.00
14143,2026-07-02,Liam,Ford,Focus,2014,10100.00
14144,2026-07-02,Hana,Volkswagen,Golf,2022,24650.00
14145,2026-07-02,Eve,Kia,Sportage,2024,35650.00
14146,2026-07-02,Liam,Toyota,Aqua,2012,7800.00
14147,2026-07-02,Hana,Hyundai,Tucson,2022,31650.00
14148,2026-07-02,Dan,Subaru,Forester,2014,22600.00
14149,2026-07-02,Chloe,Toyota,Hilux,2012,28150.00
14150,2026-07-02,Nikau,Tesla,Model 3,2016,43900.00
14151,2026-07-02,Chloe,Mazda,Demio,2025,14100.00
14152,2026-07-03,Hana,Nissan,Leaf,2017,14350.00
14153,2026-07-03,Aroha,Mazda,Axela,2014,9200.00
14154,2026-07-03,Ioane,Subaru,Outback,2023,43800.00
14155,2026-07-03,Aroha,Toyota,Aqua,2013,8400.00
14156,2026-07-03,Ioane,Toyota,RAV4,2018,32800.00
14157,2026-07-03,Chloe,Mitsubishi,Triton,2017,33450.00
14158,2026-07-03,Nikau,Mitsubishi,Triton,2019,34100.00
14159,2026-07-03,Liam,Holden,Commodore,2018,20900.00
14160,2026-07-03,Ioane,Toyota,Aqua,2020,13200.00
14161,2026-07-03,Chloe,Tesla,Model 3,2013,30450.00
14162,2026-07-03,Jess,Toyota,Aqua,2022,13850.00
14163,2026-07-03,Hana,Honda,CR-V,2025,37450.00
14164,2026-07-03,Liam,Subaru,Outback,2014,25900.00
14165,2026-07-03,Ioane,Toyota,Aqua,2018,11950.00
14166,2026-07-03,Jess,Subaru,Outback,2023,39050.00
14167,2026-07-03,Eve,Mazda,BT-50,2023,46700.00
14168,2026-07-03,Jess,Toyota,Yaris,2014,11950.00
14169,2026-07-03,Eve,Nissan,Navara,2015,26400.00
14170,2026-07-03,Kiri,Nissan,Navara,2019,41300.00
14171,2026-07-03,Olivia,Toyota,RAV4,2023,47750.00
14172,2026-07-03,Mere,Nissan,Navara,2017,32050.00
14173,2026-07-03,Jess,Toyota,Corolla,2023,20750.00
14174,2026-07-03,Hana,Toyota,Hilux,2018,44700.00
14175,2026-07-03,Olivia,Hyundai,Tucson,2023,32100.00
14176,2026-07-03,Dan,Toyota,Aqua,2017,12000.00
14177,2026-07-03,Eve,Nissan,Navara,2022,38600.00
14178,2026-07-03,Chloe,Subaru,Outback,2013,25450.00
14179,2026-07-03,Nikau,Mitsubishi,Triton,2023,38700.00
14180,2026-07-03,Jess,Holden,Commodore,2016,17300.00
14181,2026-07-04,Chloe,Toyota,RAV4,2022,39100.00
14182,2026-07-04,Hana,Subaru,Outback,2015,27750.00
14183,2026-07-04,Aroha,Ford,Focus,2025,13700.00
14184,2026-07-04,Mere,Suzuki,Swift,2018,14500.00
14185,2026-07-04,Mere,Toyota,Aqua,2015,8900.00
14186,2026-07-04,Finn,Suzuki,Swift,2022,15750.00
14187,2026-07-04,Liam,Honda,Fit,2015,9300.00
14188,2026-07-04,Mere,Mitsubishi,Triton,2018,33600.00
14189,2026-07-04,Chloe,Hyundai,Tucson,2017,28150.00
14190,2026-07-04,Mere,Ford,Ranger,2018,39050.00
14191,2026-07-04,Ioane,Toyota,Aqua,2018,11300.00
14192,2026-07-04,Ioane,Tesla,Model 3,2016,41150.00
14193,2026-07-04,Dan,Mazda,BT-50,2021,39100.00
14194,2026-07-04,Mere,Subaru,Outback,2015,24400.00
14195,2026-07-04,Chloe,Mitsubishi,Triton,2025,47950.00
14196,2026-07-04,Liam,Mitsubishi,Outlander,2021,35450.00
14197,2026-07-04,Nikau,Ford,Focus,2016,10450.00
14198,2026-07-04,Aroha,Honda,CR-V,2012,18050.00
14199,2026-07-04,Nikau,Tesla,Model 3,2018,44250.00
14200,2026-07-04,Ben,Toyota,Corolla,2012,10800.00
14201,2026-07-04,Mere,Toyota,Aqua,2014,9400.00
14202,2026-07-04,Liam,Ford,Ranger,2020,53750.00
14203,2026-07-04,Aroha,Mitsubishi,Triton,2019,37600.00
14204,2026-07-04,Eve,Hyundai,Tucson,2018,29400.00
14205,2026-07-05,Olivia,Mitsubishi,Triton,2018,29750.00
14206,2026-07-05,Ioane,Toyota,RAV4,2017,33400.00
14207,2026-07-05,Ben,Mazda,BT-50,2014,29800.00
14208,2026-07-05,Olivia,Toyota,RAV4,2018,38500.00
14209,2026-07-05,Eve,Mitsubishi,Triton,2025,41550.00
14210,2026-07-05,Eve,Honda,CR-V,2022,31500.00
14211,2026-07-05,Kiri,Mazda,CX-5,2012,18600.00
14212,2026-07-05,Ioane,Toyota,RAV4,2012,25750.00
14213,2026-07-05,Kiri,Nissan,Navara,2012,23450.00
14214,2026-07-05,Chloe,Nissan,Navara,2020,45850.00
14215,2026-07-05,Eve,Toyota,Yaris,2022,16300.00
14216,2026-07-05,Jess,Toyota,RAV4,2013,27800.00
14217,2026-07-05,Liam,Mazda,CX-5,2021,34700.00
14218,2026-07-05,Nikau,Honda,CR-V,2013,21000.00
14219,2026-07-05,Hana,Subaru,Outback,2017,33250.00
14220,2026-07-05,Olivia,Toyota,Hilux,2019,39450.00
14221,2026-07-05,Nikau,Toyota,Corolla,2024,24250.00
14222,2026-07-05,Mere,Nissan,Navara,2013,23450.00
14223,2026-07-05,Ioane,Mazda,CX-5,2018,28800.00
14224,2026-07-05,Dan,Mitsubishi,Triton,2012,25550.00
14225,2026-07-05,Ioane,Honda,CR-V,2020,29750.00
14226,2026-07-05,Olivia,Mazda,BT-50,2012,23200.00
14227,2026-07-05,Dan,Hyundai,Tucson,2016,28450.00
14228,2026-07-05,Finn,Honda,CR-V,2023,32500.00
14229,2026-07-05,Liam,Tesla,Model 3,2014,35500.00
14230,2026-07-05,Hana,Subaru,Outback,2018,34000.00
14231,2026-07-05,Mere,Toyota,RAV4,2024,49000.00
14232,2026-07-05,Mere,Hyundai,Tucson,2014,22700.00
14233,2026-07-05,Aroha,Honda,Fit,2015,8750.00
14234,2026-07-06,Mere,Ford,Focus,2020,11800.00
14235,2026-07-06,Ben,Ford,Ranger,2016,42800.00
14236,2026-07-06,Mere,Toyota,RAV4,2020,39850.00
14237,2026-07-06,Nikau,Mitsubishi,Triton,2018,37100.00
14238,2026-07-06,Hana,Toyota,RAV4,2019,35950.00
14239,2026-07-06,Jess,Nissan,Tiida,2025,10550.00
14240,2026-07-06,Ioane,Subaru,Outback,2020,34650.00
14241,2026-07-06,Finn,Toyota,Corolla,2025,27100.00
14242,2026-07-06,Mere,Ford,Focus,2013,9050.00
14243,2026-07-06,Hana,Volkswagen,Golf,2014,14300.00
14244,2026-07-06,Ben,Volkswagen,Golf,2023,28200.00
14245,2026-07-06,Mere,Toyota,RAV4,2025,48050.00
14246,2026-07-06,Eve,Toyota,RAV4,2013,24450.00
14247,2026-07-06,Finn,Honda,Civic,2025,25050.00
14248,2026-07-06,Eve,Nissan,Navara,2020,40300.00
14249,2026-07-06,Finn,Ford,Focus,2014,10050.00
14250,2026-07-06,Liam,Toyota,Yaris,2025,17900.00
14251,2026-07-06,Olivia,Toyota,Yaris,2022,17450.00
14252,2026-07-06,Ben,Tesla,Model 3,2013,32400.00
14253,2026-07-06,Mere,Mitsubishi,Triton,2020,42600.00
14254,2026-07-06,Ioane,Honda,CR-V,2013,22850.00
14255,2026-07-07,Nikau,Nissan,Tiida,2017,8000.00
14256,2026-07-07,Aroha,Mazda,CX-5,2025,45900.00
14257,2026-07-07,Chloe,Honda,Civic,2021,19900.00
14258,2026-07-07,Eve,Toyota,Yaris,2018,14100.00
14259,2026-07-07,Finn,Tesla,Model 3,2013,33650.00
14260,2026-07-07,Liam,Mazda,CX-5,2025,36550.00
14261,2026-07-07,Mere,Honda,CR-V,2015,21300.00
14262,2026-07-07,Ioane,Ford,Focus,2018,9850.00
14263,2026-07-07,Nikau,Subaru,Outback,2014,22800.00
14264,2026-07-07,Kiri,Mazda,Demio,2020,8950.00
14265,2026-07-07,Dan,Mazda,CX-5,2013,24200.00
14266,2026-07-07,Mere,Tesla,Model 3,2015,36600.00
14267,2026-07-07,Olivia,Toyota,Yaris,2022,16550.00
14268,2026-07-07,Eve,Mazda,BT-50,2023,46400.00
14269,2026-07-07,Dan,Mazda,Demio,2021,8950.00
14270,2026-07-07,Chloe,Suzuki,Swift,2016,13350.00
14271,2026-07-07,Mere,Kia,Sportage,2020,29500.00
14272,2026-07-07,Finn,Honda,Civic,2021,20250.00
14273,2026-07-07,Eve,Mazda,BT-50,2015,34900.00
14274,2026-07-07,Eve,Toyota,Corolla,2025,25850.00
14275,2026-07-07,Finn,Ford,Ranger,2019,50400.00
14276,2026-07-07,Chloe,Toyota,RAV4,2020,37350.00
14277,2026-07-07,Aroha,Toyota,Aqua,2012,7850.00
14278,2026-07-07,Jess,Mazda,BT-50,2019,40050.00
14279,2026-07-07,Liam,Toyota,Aqua,2014,8200.00
14280,2026-07-07,Mere,Volkswagen,Golf,2021,23650.00
14281,2026-07-07,Olivia,Tesla,Model 3,2023,59250.00
14282,2026-07-07,Nikau,Ford,Ranger,2020,50950.00
14283,2026-07-08,Kiri,Mitsubishi,Triton,2014,28050.00
14284,2026-07-08,Jess,Honda,CR-V,2013,22950.00
14285,2026-07-08,Olivia,Ford,Focus,2022,12150.00
14286,2026-07-08,Dan,Ford,Ranger,2024,55400.00
14287,2026-07-08,Olivia,Toyota,Hilux,2012,23950.00
14288,2026-07-08,Liam,Toyota,Aqua,2020,14300.00
14289,2026-07-08,Olivia,Ford,Ranger,2015,32400.00
14290,2026-07-08,Chloe,Tesla,Model 3,2017,46350.00
14291,2026-07-08,Liam,Mazda,BT-50,2015,31400.00
14292,2026-07-08,Chloe,Mazda,CX-5,2018,32200.00
14293,2026-07-08,Jess,Toyota,Corolla,2012,10750.00
14294,2026-07-08,Jess,Hyundai,Tucson,2023,35650.00
14295,2026-07-08,Finn,Subaru,Outback,2014,25650.00
14296,2026-07-08,Jess,Honda,CR-V,2016,23600.00
14297,2026-07-08,Mere,Toyota,RAV4,2019,35850.00
14298,2026-07-08,Chloe,Mitsubishi,Triton,2018,37400.00
14299,2026-07-08,Ioane,Suzuki,Swift,2023,15600.00
14300,2026-07-08,Liam,Mazda,BT-50,2017,34850.00
14301,2026-07-08,Ben,Subaru,Outback,2014,25450.00
14302,2026-07-08,Kiri,Mazda,Demio,2021,9150.00
14303,2026-07-08,Ioane,Volkswagen,Golf,2012,13250.00
14304,2026-07-08,Ben,Mazda,Axela,2012,9250.00
14305,2026-07-08,Liam,Honda,Civic,2018,19800.00
14306,2026-07-08,Kiri,Toyota,RAV4,2017,28750.00
14307,2026-07-08,Dan,Holden,Commodore,2015,19300.00
14308,2026-07-09,Hana,Mitsubishi,Triton,2012,24950.00
14309,2026-07-09,Hana,Ford,Focus,2023,15050.00
14310,2026-07-09,Eve,Toyota,Aqua,2022,17150.00
14311,2026-07-09,Ioane,Mitsubishi,Triton,2012,19200.00
14312,2026-07-09,Nikau,Mitsubishi,Triton,2024,41500.00
14313,2026-07-09,Chloe,Volkswagen,Golf,2023,24900.00
14314,2026-07-09,Ioane,Kia,Sportage,2024,34350.00
14315,2026-07-09,Eve,Tesla,Model 3,2018,48750.00
14316,2026-07-09,Hana,Mazda,CX-5,2018,26250.00
14317,2026-07-09,Ioane,Toyota,Yaris,2016,10950.00
14318,2026-07-09,Olivia,Honda,Civic,2025,21750.00
14319,2026-07-09,Ioane,Nissan,Leaf,2020,18900.00
14320,2026-07-09,Ben,Mitsubishi,Outlander,2019,28400.00
14321,2026-07-09,Mere,Mazda,BT-50,2022,42450.00
14322,2026-07-09,Eve,Tesla,Model 3,2022,57550.00
14323,2026-07-09,Nikau,Kia,Sportage,2023,38000.00
14324,2026-07-09,Dan,Volkswagen,Golf,2016,16600.00
14325,2026-07-09,Kiri,Honda,CR-V,2013,20800.00
14326,2026-07-09,Liam,Mitsubishi,Outlander,2024,37350.00
14327,2026-07-09,Ben,Honda,CR-V,2015,26250.00
14328,2026-07-09,Finn,Mazda,CX-5,2012,22400.00
14329,2026-07-09,Jess,Holden,Commodore,2012,15650.00
14330,2026-07-09,Dan,Subaru,Forester,2017,26750.00
14331,2026-07-09,Kiri,Nissan,Navara,2013,22350.00
14332,2026-07-09,Ioane,Toyota,Yaris,2025,19100.00
14333,2026-07-09,Ioane,Mitsubishi,Triton,2023,39800.00
14334,2026-07-09,Ioane,Ford,Focus,2012,7650.00
14335,2026-07-10,Ioane,Mitsubishi,Triton,2017,35950.00
14336,2026-07-10,Jess,Mazda,Demio,2021,10450.00
14337,2026-07-10,Ioane,Toyota,Hilux,2012,27900.00
14338,2026-07-10,Mere,Toyota,RAV4,2015,25250.00
14339,2026-07-10,Hana,Kia,Sportage,2013,17250.00
14340,2026-07-10,Chloe,Mitsubishi,Triton,2025,47850.00
14341,2026-07-10,Eve,Volkswagen,Golf,2018,20500.00
14342,2026-07-10,Mere,Holden,Commodore,2017,18150.00
14343,2026-07-10,Aroha,Nissan,Navara,2020,39100.00
14344,2026-07-10,Jess,Toyota,Aqua,2014,9700.00
14345,2026-07-10,Nikau,Mitsubishi,Triton,2021,41000.00
14346,2026-07-10,Liam,Mazda,Axela,2024,18950.00
14347,2026-07-10,Finn,Mazda,CX-5,2013,21850.00
14348,2026-07-10,Finn,Nissan,Navara,2023,42850.00
14349,2026-07-10,Nikau,Tesla,Model 3,2024,57900.00
14350,2026-07-10,Jess,Ford,Ranger,2016,34250.00
14351,2026-07-10,Liam,Mazda,CX-5,2015,21550.00
14352,2026-07-10,Mere,Honda,Civic,2014,14800.00
14353,2026-07-10,Hana,Mitsubishi,Triton,2020,37700.00
14354,2026-07-10,Ioane,Tesla,Model 3,2025,71100.00
14355,2026-07-11,Aroha,Subaru,Outback,2013,22600.00
14356,2026-07-11,Nikau,Ford,Focus,2012,7400.00
14357,2026-07-11,Dan,Mitsubishi,Triton,2021,44700.00
14358,2026-07-11,Olivia,Toyota,Yaris,2022,18850.00
14359,2026-07-11,Dan,Kia,Sportage,2014,23350.00
14360,2026-07-11,Jess,Mazda,Axela,2024,17100.00
14361,2026-07-11,Eve,Mazda,BT-50,2017,37700.00
14362,2026-07-11,Kiri,Hyundai,Tucson,2022,38000.00
14363,2026-07-11,Chloe,Honda,CR-V,2012,16150.00
14364,2026-07-11,Liam,Toyota,Hilux,2015,33400.00
14365,2026-07-11,Ioane,Honda,Civic,2023,20750.00
14366,2026-07-11,Nikau,Toyota,RAV4,2023,40350.00
14367,2026-07-11,Kiri,Volkswagen,Golf,2015,15700.00
14368,2026-07-11,Dan,Toyota,RAV4,2023,43050.00
14369,2026-07-11,Chloe,Honda,CR-V,2020,30100.00
14370,2026-07-11,Dan,Toyota,Aqua,2020,14650.00
14371,2026-07-11,Chloe,Honda,CR-V,2020,27000.00
14372,2026-07-11,Kiri,Tesla,Model 3,2020,57100.00
14373,2026-07-11,Ben,Ford,Focus,2023,15450.00
14374,2026-07-11,Liam,Mitsubishi,Triton,2014,25950.00
14375,2026-07-11,Kiri,Mitsubishi,Triton,2022,42950.00
14376,2026-07-11,Kiri,Holden,Commodore,2025,32200.00
14377,2026-07-11,Mere,Mazda,BT-50,2017,31200.00
14378,2026-07-11,Nikau,Nissan,Tiida,2022,8350.00
14379,2026-07-11,Hana,Toyota,Hilux,2016,37900.00
14380,2026-07-11,Dan,Honda,CR-V,2012,20750.00
14381,2026-07-11,Aroha,Mitsubishi,Triton,2013,26650.00
14382,2026-07-11,Liam,Suzuki,Swift,2025,19000.00
14383,2026-07-12,Finn,Toyota,Aqua,2019,11800.00
14384,2026-07-12,Jess,Ford,Ranger,2012,28150.00
14385,2026-07-12,Nikau,Nissan,Navara,2013,23100.00
14386,2026-07-12,Mere,Volkswagen,Golf,2020,24050.00
14387,2026-07-12,Liam,Suzuki,Swift,2020,15650.00
14388,2026-07-12,Ioane,Honda,CR-V,2018,23700.00
14389,2026-07-12,Ben,Suzuki,Swift,2023,16100.00
14390,2026-07-12,Ben,Toyota,RAV4,2015,24600.00
14391,2026-07-12,Finn,Mazda,BT-50,2023,44700.00
14392,2026-07-12,Aroha,Suzuki,Swift,2017,13650.00
14393,2026-07-12,Jess,Kia,Sportage,2018,27250.00
14394,2026-07-12,Jess,Mazda,CX-5,2021,30250.00
14395,2026-07-12,Ioane,Tesla,Model 3,2015,39650.00
14396,2026-07-12,Nikau,Suzuki,Swift,2019,12750.00
14397,2026-07-12,Aroha,Holden,Commodore,2019,24350.00
14398,2026-07-12,Nikau,Toyota,Hilux,2023,57650.00
14399,2026-07-12,Dan,Mazda,CX-5,2014,21550.00
14400,2026-07-12,Ioane,Mazda,CX-5,2025,40300.00
14401,2026-07-12,Jess,Mitsubishi,Triton,2018,30200.00
14402,2026-07-12,Aroha,Mazda,CX-5,2017,23700.00
14403,2026-07-12,Liam,Ford,Focus,2016,9500.00
14404,2026-07-12,Kiri,Mazda,CX-5,2015,21450.00
14405,2026-07-12,Ioane,Kia,Sportage,2016,26650.00
14406,2026-07-12,Finn,Mazda,CX-5,2013,21050.00
14407,2026-07-12,Liam,Mazda,Demio,2013,7100.00
14408,2026-07-12,Chloe,Mazda,BT-50,2017,34700.00
14409,2026-07-13,Eve,Volkswagen,Golf,2012,15000.00
14410,2026-07-13,Nikau,Ford,Ranger,2020,49700.00
14411,2026-07-13,Nikau,Nissan,Navara,2022,40550.00
14412,2026-07-13,Liam,Mitsubishi,Triton,2012,22150.00
14413,2026-07-13,Liam,Toyota,Hilux,2024,53800.00
14414,2026-07-13,Ben,Hyundai,Tucson,2018,31500.00
14415,2026-07-13,Finn,Toyota,RAV4,2015,25700.00
14416,2026-07-13,Jess,Ford,Focus,2025,16900.00
14417,2026-07-13,Mere,Hyundai,Tucson,2016,22450.00
14418,2026-07-13,Ben,Toyota,RAV4,2025,44050.00
14419,2026-07-13,Mere,Mazda,Demio,2015,7500.00
14420,2026-07-13,Chloe,Subaru,Outback,2014,23150.00
14421,2026-07-13,Hana,Mitsubishi,Triton,2018,35800.00
14422,2026-07-13,Chloe,Mitsubishi,Triton,2023,45300.00
14423,2026-07-13,Olivia,Mitsubishi,Triton,2019,33500.00
14424,2026-07-13,Liam,Tesla,Model 3,2024,70800.00
14425,2026-07-13,Eve,Subaru,Outback,2012,21350.00
14426,2026-07-13,Mere,Volkswagen,Golf,2025,24950.00
14427,2026-07-13,Chloe,Mazda,BT-50,2021,42450.00
14428,2026-07-13,Olivia,Tesla,Model 3,2013,37500.00
14429,2026-07-13,Hana,Toyota,RAV4,2015,24500.00
14430,2026-07-13,Mere,Honda,CR-V,2012,19300.00
14431,2026-07-13,Eve,Mazda,BT-50,2021,41250.00
14432,2026-07-13,Ioane,Subaru,Outback,2020,38950.00
14433,2026-07-13,Finn,Mitsubishi,Triton,2024,48350.00
14434,2026-07-14,Chloe,Toyota,RAV4,2015,24550.00
14435,2026-07-14,Chloe,Nissan,Navara,2022,45450.00
14436,2026-07-14,Eve,Honda,CR-V,2019,26050.00
14437,2026-07-14,Hana,Ford,Focus,2022,14150.00
14438,2026-07-14,Hana,Toyota,RAV4,2023,42100.00
14439,2026-07-14,Dan,Volkswagen,Golf,2022,27450.00
14440,2026-07-14,Olivia,Mazda,CX-5,2024,39800.00
14441,2026-07-14,Nikau,Subaru,Outback,2018,34600.00
14442,2026-07-14,Mere,Toyota,RAV4,2014,28250.00
14443,2026-07-14,Dan,Toyota,Hilux,2012,23600.00
14444,2026-07-14,Ioane,Mazda,CX-5,2023,35350.00
14445,2026-07-14,Dan,Toyota,Hilux,2017,33650.00
14446,2026-07-14,Olivia,Toyota,Yaris,2020,13250.00
14447,2026-07-14,Ioane,Subaru,Outback,2015,30700.00
14448,2026-07-14,Chloe,Ford,Ranger,2019,45400.00
14449,2026-07-14,Olivia,Toyota,RAV4,2012,24550.00
14450,2026-07-14,Olivia,Honda,CR-V,2025,43950.00
14451,2026-07-14,Mere,Subaru,Outback,2025,42050.00
14452,2026-07-14,Ioane,Ford,Ranger,2022,49950.00
14453,2026-07-14,Liam,Kia,Sportage,2021,31000.00
14454,2026-07-14,Jess,Mazda,Demio,2020,10000.00
14455,2026-07-14,Ben,Hyundai,Tucson,2021,29950.00
14456,2026-07-15,Ben,Suzuki,Swift,2025,18850.00
14457,2026-07-15,Aroha,Toyota,Corolla,2016,16500.00
14458,2026-07-15,Dan,Toyota,Yaris,2018,15700.00
14459,2026-07-15,Eve,Subaru,Outback,2019,30750.00
14460,2026-07-15,Aroha,Honda,Civic,2021,20400.00
14461,2026-07-15,Liam,Honda,Fit,2024,12800.00
14462,2026-07-15,Dan,Toyota,Yaris,2024,20650.00
14463,2026-07-15,Chloe,Volkswagen,Golf,2015,16750.00
14464,2026-07-15,Ioane,Tesla,Model 3,2013,33850.00
14465,2026-07-15,Ben,Subaru,Outback,2021,42750.00
14466,2026-07-15,Eve,Mazda,BT-50,2014,32200.00
14467,2026-07-15,Hana,Kia,Sportage,2024,39100.00
14468,2026-07-15,Liam,Mazda,BT-50,2014,26000.00
14469,2026-07-15,Liam,Ford,Focus,2014,10100.00
14470,2026-07-15,Nikau,Mazda,BT-50,2022,42900.00
14471,2026-07-15,Eve,Mazda,BT-50,2015,28700.00
14472,2026-07-15,Mere,Suzuki,Swift,2021,14400.00
14473,2026-07-15,Olivia,Mazda,BT-50,2014,24650.00
14474,2026-07-15,Chloe,Nissan,Navara,2017,31500.00
14475,2026-07-15,Mere,Toyota,RAV4,2023,43450.00
14476,2026-07-15,Dan,Mazda,CX-5,2020,28350.00
14477,2026-07-15,Mere,Holden,Commodore,2024,31250.00
14478,2026-07-15,Hana,Mazda,Demio,2021,10850.00
14479,2026-07-15,Chloe,Hyundai,Tucson,2023,31950.00
14480,2026-07-16,Aroha,Mazda,Demio,2021,11300.00
14481,2026-07-16,Liam,Mitsubishi,Triton,2012,24600.00
14482,2026-07-16,Ioane,Holden,Commodore,2012,14000.00
14483,2026-07-16,Kiri,Honda,CR-V,2023,33100.00
14484,2026-07-16,Hana,Honda,CR-V,2019,30600.00
14485,2026-07-16,Eve,Hyundai,Tucson,2018,31150.00
14486,2026-07-16,Olivia,Toyota,Yaris,2024,20200.00
14487,2026-07-16,Finn,Mitsubishi,Triton,2015,32300.00
14488,2026-07-16,Mere,Mitsubishi,Triton,2021,41450.00
14489,2026-07-16,Ben,Tesla,Model 3,2012,27900.00
14490,2026-07-16,Hana,Nissan,Tiida,2020,7900.00
14491,2026-07-16,Eve,Honda,CR-V,2025,42450.00
14492,2026-07-16,Mere,Mitsubishi,Triton,2024,41700.00
14493,2026-07-16,Finn,Mazda,CX-5,2013,24300.00
14494,2026-07-16,Chloe,Kia,Sportage,2023,36650.00
14495,2026-07-16,Finn,Mitsubishi,Triton,2012,23100.00
14496,2026-07-16,Kiri,Honda,CR-V,2014,18800.00
14497,2026-07-16,Liam,Kia,Sportage,2016,22850.00
14498,2026-07-16,Olivia,Toyota,Yaris,2018,12600.00
14499,2026-07-16,Mere,Hyundai,Tucson,2023,35500.00
14500,2026-07-16,Kiri,Toyota,Yaris,2018,13250.00
14501,2026-07-16,Nikau,Subaru,Forester,2014,22550.00
14502,2026-07-16,Liam,Mazda,Axela,2016,10700.00
14503,2026-07-17,Finn,Ford,Focus,2025,14000.00
14504,2026-07-17,Jess,Honda,CR-V,2013,17500.00
14505,2026-07-17,Ioane,Mazda,Demio,2023,13000.00
14506,2026-07-17,Olivia,Nissan,Navara,2022,47800.00
14507,2026-07-17,Olivia,Hyundai,Tucson,2023,41700.00
14508,2026-07-17,Eve,Toyota,Yaris,2017,13550.00
14509,2026-07-17,Olivia,Mazda,BT-50,2020,38050.00
14510,2026-07-17,Olivia,Toyota,RAV4,2022,47350.00
14511,2026-07-17,Mere,Nissan,Leaf,2023,22050.00
14512,2026-07-17,Hana,Toyota,Aqua,2022,13300.00
14513,2026-07-17,Nikau,Holden,Commodore,2025,33550.00
14514,2026-07-17,Aroha,Toyota,Hilux,2012,23150.00
14515,2026-07-17,Hana,Tesla,Model 3,2016,48000.00
14516,2026-07-17,Kiri,Mazda,BT-50,2024,51500.00
14517,2026-07-18,Nikau,Mitsubishi,Outlander,2024,47250.00
14518,2026-07-18,Ioane,Honda,Civic,2016,14200.00
14519,2026-07-18,Finn,Honda,Fit,2019,11200.00
14520,2026-07-18,Liam,Ford,Ranger,2021,51300.00
14521,2026-07-18,Mere,Honda,CR-V,2018,24350.00
14522,2026-07-18,Ioane,Mitsubishi,Triton,2020,39850.00
14523,2026-07-18,Olivia,Mazda,Demio,2019,8450.00
14524,2026-07-18,Olivia,Nissan,Navara,2020,37000.00
14525,2026-07-18,Ioane,Mazda,BT-50,2013,28200.00
14526,2026-07-18,Liam,Nissan,Tiida,2012,5300.00
14527,2026-07-18,Olivia,Mazda,BT-50,2020,36850.00
14528,2026-07-18,Hana,Toyota,Aqua,2021,15350.00
14529,2026-07-18,Aroha,Mitsubishi,Triton,2014,26000.00
14530,2026-07-18,Ben,Nissan,Leaf,2018,16450.00
14531,2026-07-18,Nikau,Toyota,RAV4,2020,43550.00
14532,2026-07-18,Jess,Honda,Fit,2012,7900.00
14533,2026-07-18,Aroha,Toyota,Aqua,2017,10150.00
14534,2026-07-18,Jess,Toyota,RAV4,2018,32800.00
14535,2026-07-18,Nikau,Suzuki,Swift,2012,8400.00
14536,2026-07-18,Olivia,Ford,Ranger,2012,32350.00
14537,2026-07-18,Olivia,Toyota,Hilux,2024,57950.00
14538,2026-07-18,Dan,Holden,Commodore,2019,22700.00
14539,2026-07-18,Jess,Tesla,Model 3,2017,47650.00
14540,2026-07-18,Chloe,Nissan,Tiida,2021,8050.00
14541,2026-07-18,Ioane,Honda,CR-V,2018,24050.00
14542,2026-07-18,Kiri,Toyota,RAV4,2023,49700.00
14543,2026-07-18,Liam,Nissan,Leaf,2025,24600.00
14544,2026-07-18,Ben,Mazda,BT-50,2013,28200.00
14545,2026-07-18,Mere,Volkswagen,Golf,2014,13900.00
14546,2026-07-18,Liam,Honda,CR-V,2018,30500.00
14547,2026-07-18,Aroha,Ford,Focus,2022,13800.00
14548,2026-07-18,Dan,Mazda,CX-5,2012,21450.00
14549,2026-07-19,Ioane,Volkswagen,Golf,2020,20050.00
14550,2026-07-19,Mere,Toyota,Yaris,2016,11050.00
14551,2026-07-19,Liam,Mazda,CX-5,2012,16850.00
14552,2026-07-19,Finn,Hyundai,Tucson,2022,38850.00
14553,2026-07-19,Chloe,Nissan,Navara,2019,36550.00
14554,2026-07-19,Kiri,Suzuki,Swift,2019,15050.00
14555,2026-07-19,Kiri,Hyundai,Tucson,2020,29100.00
14556,2026-07-19,Dan,Ford,Focus,2025,16300.00
14557,2026-07-19,Liam,Toyota,Aqua,2012,7400.00
14558,2026-07-19,Dan,Toyota,Corolla,2013,11350.00
14559,2026-07-19,Eve,Subaru,Outback,2012,19750.00
14560,2026-07-19,Mere,Ford,Ranger,2013,32350.00
14561,2026-07-19,Finn,Toyota,Yaris,2016,11100.00
14562,2026-07-19,Jess,Honda,CR-V,2016,26800.00
14563,2026-07-19,Liam,Volkswagen,Golf,2016,16500.00
14564,2026-07-19,Finn,Mitsubishi,Triton,2012,23750.00
14565,2026-07-19,Dan,Mazda,BT-50,2015,26250.00
14566,2026-07-19,Jess,Toyota,Hilux,2015,36400.00
14567,2026-07-19,Olivia,Mazda,CX-5,2018,25450.00
14568,2026-07-19,Liam,Mitsubishi,Triton,2015,24950.00
14569,2026-07-19,Jess,Subaru,Outback,2023,44700.00
14570,2026-07-19,Chloe,Mitsubishi,Triton,2025,52250.00
14571,2026-07-19,Hana,Hyundai,Tucson,2018,26400.00
14572,2026-07-19,Liam,Mazda,Axela,2024,19050.00
14573,2026-07-19,Nikau,Mazda,CX-5,2019,32900.00
14574,2026-07-19,Mere,Toyota,Yaris,2015,11300.00
14575,2026-07-19,Nikau,Mazda,CX-5,2019,34100.00
14576,2026-07-20,Finn,Kia,Sportage,2019,29150.00
14577,2026-07-20,Hana,Nissan,Navara,2014,24000.00
14578,2026-07-20,Kiri,Nissan,Navara,2015,31050.00
14579,2026-07-20,Liam,Kia,Sportage,2024,37600.00
14580,2026-07-20,Kiri,Tesla,Model 3,2017,39100.00
14581,2026-07-20,Hana,Toyota,RAV4,2016,28700.00
14582,2026-07-20,Liam,Mazda,Axela,2016,12350.00
14583,2026-07-20,Ioane,Holden,Commodore,2012,14550.00
14584,2026-07-20,Aroha,Subaru,Outback,2013,27300.00
14585,2026-07-20,Nikau,Toyota,Hilux,2016,37550.00
14586,2026-07-20,Finn,Mazda,BT-50,2024,48250.00
14587,2026-07-20,Finn,Mazda,BT-50,2014,32500.00
14588,2026-07-20,Olivia,Mitsubishi,Outlander,2023,42750.00
14589,2026-07-20,Hana,Mitsubishi,Triton,2022,35650.00
14590,2026-07-20,Dan,Kia,Sportage,2014,24000.00
14591,2026-07-20,Liam,Toyota,Corolla,2017,17450.00
14592,2026-07-20,Dan,Subaru,Forester,2015,26750.00
14593,2026-07-20,Jess,Mazda,CX-5,2012,18450.00
14594,2026-07-20,Nikau,Nissan,Navara,2017,37600.00
14595,2026-07-20,Kiri,Ford,Focus,2020,13150.00
14596,2026-07-20,Olivia,Mazda,Demio,2018,9200.00
14597,2026-07-20,Jess,Mazda,CX-5,2013,18650.00
14598,2026-07-20,Dan,Mitsubishi,Triton,2020,34450.00
14599,2026-07-21,Hana,Toyota,Aqua,2012,9150.00
14600,2026-07-21,Ben,Kia,Sportage,2023,39250.00
14601,2026-07-21,Eve,Volkswagen,Golf,2017,20400.00
14602,2026-07-21,Ioane,Hyundai,Tucson,2017,28550.00
14603,2026-07-21,Ben,Toyota,Corolla,2021,19700.00
14604,2026-07-21,Ioane,Nissan,Navara,2016,33050.00
14605,2026-07-21,Olivia,Mazda,Axela,2024,17300.00
14606,2026-07-21,Liam,Volkswagen,Golf,2018,21100.00
14607,2026-07-21,Olivia,Tesla,Model 3,2015,45600.00
14608,2026-07-21,Chloe,Ford,Ranger,2013,34550.00
14609,2026-07-21,Dan,Toyota,Aqua,2012,9400.00
14610,2026-07-21,Jess,Suzuki,Swift,2015,9550.00
14611,2026-07-21,Mere,Mazda,Demio,2023,11750.00
14612,2026-07-21,Finn,Honda,Civic,2019,20150.00
14613,2026-07-21,Jess,Kia,Sportage,2012,16200.00
14614,2026-07-21,Jess,Nissan,Navara,2019,41750.00
14615,2026-07-21,Chloe,Toyota,RAV4,2017,33900.00
14616,2026-07-21,Aroha,Mazda,CX-5,2019,26850.00
14617,2026-07-21,Chloe,Mitsubishi,Triton,2013,24900.00
14618,2026-07-21,Chloe,Toyota,Yaris,2023,15650.00
14619,2026-07-21,Hana,Nissan,Navara,2018,41050.00
14620,2026-07-21,Hana,Subaru,Outback,2022,37350.00
14621,2026-07-21,Liam,Toyota,Corolla,2023,19950.00
14622,2026-07-21,Olivia,Mazda,Axela,2024,16500.00
14623,2026-07-21,Liam,Mitsubishi,Triton,2013,24550.00
14624,2026-07-21,Hana,Mazda,BT-50,2013,27800.00
14625,2026-07-21,Ioane,Nissan,Leaf,2014,13200.00
14626,2026-07-21,Nikau,Toyota,Yaris,2016,11150.00
14627,2026-07-21,Chloe,Mazda,BT-50,2024,56350.00
14628,2026-07-21,Finn,Tesla,Model 3,2013,34850.00
14629,2026-07-21,Ben,Mazda,BT-50,2024,56300.00
14630,2026-07-21,Olivia,Suzuki,Swift,2025,19300.00
14631,2026-07-21,Mere,Tesla,Model 3,2025,75700.00
14632,2026-07-22,Eve,Nissan,Tiida,2017,7150.00
14633,2026-07-22,Aroha,Toyota,Yaris,2013,11600.00
14634,2026-07-22,Chloe,Holden,Commodore,2025,32800.00
14635,2026-07-22,Ioane,Mazda,CX-5,2025,37300.00
14636,2026-07-22,Hana,Hyundai,Tucson,2013,22200.00
14637,2026-07-22,Liam,Mazda,BT-50,2019,37550.00
14638,2026-07-22,Finn,Ford,Ranger,2021,42550.00
14639,2026-07-22,Jess,Hyundai,Tucson,2022,34400.00
14640,2026-07-22,Dan,Subaru,Forester,2019,34350.00
14641,2026-07-22,Nikau,Toyota,Yaris,2019,16300.00
14642,2026-07-22,Eve,Tesla,Model 3,2018,42350.00
14643,2026-07-22,Olivia,Mazda,BT-50,2016,31050.00
14644,2026-07-22,Mere,Mazda,CX-5,2012,20100.00
14645,2026-07-22,Ben,Hyundai,Tucson,2012,21300.00
14646,2026-07-22,Dan,Toyota,Hilux,2012,25000.00
14647,2026-07-22,Nikau,Nissan,Navara,2013,29500.00
14648,2026-07-22,Ben,Toyota,RAV4,2017,36300.00
14649,2026-07-22,Liam,Toyota,Hilux,2022,55050.00
14650,2026-07-22,Chloe,Kia,Sportage,2016,27100.00
14651,2026-07-22,Olivia,Nissan,Leaf,2017,14950.00
14652,2026-07-22,Eve,Suzuki,Swift,2020,13650.00
14653,2026-07-22,Mere,Mazda,Demio,2018,8600.00
14654,2026-07-22,Dan,Ford,Focus,2012,7700.00
14655,2026-07-23,Eve,Mazda,BT-50,2023,50300.00
14656,2026-07-23,Kiri,Ford,Focus,2013,9000.00
14657,2026-07-23,Ioane,Toyota,Yaris,2023,15200.00
14658,2026-07-23,Liam,Ford,Ranger,2012,29200.00
14659,2026-07-23,Dan,Honda,CR-V,2020,34600.00
14660,2026-07-23,Nikau,Hyundai,Tucson,2021,37450.00
14661,2026-07-23,Finn,Toyota,Yaris,2012,10700.00
14662,2026-07-23,Finn,Honda,Fit,2021,12450.00
14663,2026-07-23,Olivia,Suzuki,Swift,2012,8600.00
14664,2026-07-23,Ioane,Mitsubishi,Triton,2019,40000.00
14665,2026-07-23,Nikau,Honda,Fit,2019,9750.00
14666,2026-07-23,Finn,Toyota,RAV4,2018,33400.00
14667,2026-07-23,Dan,Suzuki,Swift,2021,16500.00
14668,2026-07-23,Ioane,Toyota,RAV4,2019,36350.00
14669,2026-07-23,Liam,Hyundai,Tucson,2021,36800.00
14670,2026-07-23,Kiri,Kia,Sportage,2022,32200.00
14671,2026-07-23,Dan,Toyota,Hilux,2023,53750.00
14672,2026-07-23,Jess,Subaru,Outback,2018,31700.00
14673,2026-07-23,Chloe,Mazda,Demio,2023,10350.00
14674,2026-07-23,Eve,Honda,CR-V,2021,34250.00
14675,2026-07-23,Ioane,Kia,Sportage,2013,22400.00
14676,2026-07-24,Hana,Holden,Commodore,2023,24450.00
14677,2026-07-24,Olivia,Mazda,Axela,2021,13800.00
14678,2026-07-24,Dan,Honda,CR-V,2025,38200.00
14679,2026-07-24,Eve,Mitsubishi,Triton,2013,24000.00
14680,2026-07-24,Kiri,Toyota,Hilux,2017,40750.00
14681,2026-07-24,Ioane,Toyota,Hilux,2020,43450.00
14682,2026-07-24,Mere,Subaru,Outback,2023,38500.00
14683,2026-07-24,Olivia,Hyundai,Tucson,2024,39000.00
14684,2026-07-24,Jess,Ford,Focus,2017,11050.00
14685,2026-07-24,Olivia,Nissan,Leaf,2022,17150.00
14686,2026-07-24,Eve,Honda,Civic,2016,16150.00
14687,2026-07-24,Finn,Kia,Sportage,2025,38300.00
14688,2026-07-24,Kiri,Toyota,Yaris,2024,17100.00
14689,2026-07-24,Finn,Suzuki,Swift,2020,13850.00
14690,2026-07-24,Dan,Tesla,Model 3,2021,58200.00
14691,2026-07-24,Liam,Toyota,Aqua,2024,15650.00
14692,2026-07-24,Mere,Mazda,CX-5,2016,28250.00
14693,2026-07-24,Kiri,Toyota,Yaris,2019,14800.00
14694,2026-07-24,Olivia,Subaru,Forester,2019,31350.00
14695,2026-07-24,Mere,Honda,Fit,2014,8800.00
14696,2026-07-24,Ioane,Kia,Sportage,2023,38100.00
14697,2026-07-24,Hana,Ford,Focus,2012,8050.00
14698,2026-07-24,Chloe,Mazda,CX-5,2015,21650.00
14699,2026-07-25,Nikau,Kia,Sportage,2012,17700.00
14700,2026-07-25,Hana,Volkswagen,Golf,2016,17500.00
14701,2026-07-25,Hana,Ford,Ranger,2024,58950.00
14702,2026-07-25,Dan,Mazda,Axela,2020,16650.00
14703,2026-07-25,Chloe,Toyota,Yaris,2023,18250.00
14704,2026-07-25,Finn,Toyota,RAV4,2025,54000.00
14705,2026-07-25,Finn,Ford,Ranger,2012,27050.00
14706,2026-07-25,Eve,Ford,Ranger,2025,58900.00
14707,2026-07-25,Ioane,Mazda,Axela,2022,16300.00
14708,2026-07-25,Mere,Toyota,Aqua,2022,12750.00
14709,2026-07-25,Mere,Toyota,RAV4,2025,53450.00
14710,2026-07-25,Chloe,Mitsubishi,Triton,2016,33500.00
14711,2026-07-25,Liam,Volkswagen,Golf,2021,22400.00
14712,2026-07-25,Hana,Honda,CR-V,2014,20050.00
14713,2026-07-25,Olivia,Ford,Ranger,2024,52450.00
14714,2026-07-25,Dan,Nissan,Tiida,2012,4450.00
14715,2026-07-25,Chloe,Toyota,Hilux,2024,53950.00
14716,2026-07-25,Finn,Mitsubishi,Triton,2020,38750.00
14717,2026-07-25,Aroha,Kia,Sportage,2015,22000.00
14718,2026-07-25,Chloe,Toyota,Yaris,2019,16350.00
14719,2026-07-25,Nikau,Suzuki,Swift,2019,12200.00
14720,2026-07-25,Liam,Suzuki,Swift,2022,17350.00
14721,2026-07-25,Kiri,Mazda,BT-50,2023,43550.00
14722,2026-07-26,Chloe,Toyota,Aqua,2016,10300.00
14723,2026-07-26,Jess,Toyota,Yaris,2017,14250.00
14724,2026-07-26,Olivia,Nissan,Navara,2025,44950.00
14725,2026-07-26,Liam,Mitsubishi,Triton,2017,31050.00
14726,2026-07-26,Kiri,Mazda,BT-50,2019,36850.00
14727,2026-07-26,Olivia,Mazda,BT-50,2016,37200.00
14728,2026-07-26,Hana,Mazda,Axela,2015,12100.00
14729,2026-07-26,Nikau,Mitsubishi,Triton,2019,34250.00
14730,2026-07-26,Liam,Tesla,Model 3,2021,51300.00
14731,2026-07-26,Kiri,Mazda,CX-5,2019,31500.00
14732,2026-07-26,Chloe,Honda,CR-V,2014,18650.00
14733,2026-07-26,Finn,Hyundai,Tucson,2019,28050.00
14734,2026-07-26,Nikau,Subaru,Outback,2025,49300.00
14735,2026-07-26,Dan,Toyota,Corolla,2012,13450.00
14736,2026-07-26,Kiri,Holden,Commodore,2018,23700.00
14737,2026-07-26,Finn,Tesla,Model 3,2016,40900.00
14738,2026-07-26,Ioane,Holden,Commodore,2023,26600.00
14739,2026-07-26,Liam,Honda,CR-V,2012,21000.00
14740,2026-07-26,Eve,Mazda,Demio,2017,9750.00
14741,2026-07-26,Finn,Toyota,RAV4,2013,21950.00
14742,2026-07-26,Ben,Nissan,Navara,2020,41200.00
14743,2026-07-26,Aroha,Toyota,Yaris,2014,11050.00
14744,2026-07-26,Mere,Nissan,Navara,2023,45000.00
14745,2026-07-26,Kiri,Mazda,BT-50,2025,55050.00
14746,2026-07-26,Mere,Mitsubishi,Triton,2022,46750.00
14747,2026-07-26,Eve,Tesla,Model 3,2012,35100.00
14748,2026-07-26,Kiri,Hyundai,Tucson,2022,37600.00
14749,2026-07-26,Aroha,Tesla,Model 3,2018,43850.00
14750,2026-07-27,Liam,Mazda,CX-5,2021,37000.00
14751,2026-07-27,Nikau,Nissan,Navara,2021,41200.00
14752,2026-07-27,Ben,Mazda,Demio,2016,8000.00
14753,2026-07-27,Jess,Honda,CR-V,2022,29250.00
14754,2026-07-27,Olivia,Subaru,Forester,2016,23250.00
14755,2026-07-27,Finn,Mazda,CX-5,2018,31150.00
14756,2026-07-27,Liam,Mazda,Demio,2017,8300.00
14757,2026-07-27,Liam,Subaru,Outback,2018,34350.00
14758,2026-07-27,Jess,Honda,Fit,2022,13700.00
14759,2026-07-27,Ben,Toyota,Hilux,2025,61800.00
14760,2026-07-27,Chloe,Honda,CR-V,2020,34550.00
14761,2026-07-27,Dan,Tesla,Model 3,2024,59300.00
14762,2026-07-27,Mere,Toyota,Yaris,2022,18350.00
14763,2026-07-27,Aroha,Ford,Ranger,2017,36850.00
14764,2026-07-27,Olivia,Toyota,RAV4,2025,52550.00
14765,2026-07-27,Chloe,Hyundai,Tucson,2012,17150.00
14766,2026-07-27,Hana,Toyota,Hilux,2016,31750.00
14767,2026-07-27,Finn,Kia,Sportage,2021,27200.00
14768,2026-07-27,Kiri,Mitsubishi,Triton,2014,24350.00
14769,2026-07-27,Hana,Nissan,Navara,2019,39250.00
14770,2026-07-27,Aroha,Toyota,Corolla,2015,16950.00
14771,2026-07-27,Nikau,Toyota,RAV4,2020,41200.00
14772,2026-07-27,Nikau,Toyota,Yaris,2025,21550.00
14773,2026-07-27,Nikau,Toyota,Aqua,2025,14550.00
14774,2026-07-27,Mere,Volkswagen,Golf,2021,19750.00
14775,2026-07-27,Jess,Volkswagen,Golf,2013,14600.00
14776,2026-07-27,Chloe,Mazda,Axela,2023,14550.00
14777,2026-07-27,Hana,Honda,CR-V,2024,35100.00
14778,2026-07-27,Kiri,Nissan,Leaf,2017,14250.00
14779,2026-07-27,Aroha,Mazda,CX-5,2017,30500.00
14780,2026-07-28,Olivia,Mazda,BT-50,2014,26600.00
14781,2026-07-28,Jess,Mazda,Demio,2013,6300.00
14782,2026-07-28,Kiri,Nissan,Leaf,2012,12000.00
14783,2026-07-28,Aroha,Suzuki,Swift,2023,17700.00
14784,2026-07-28,Hana,Toyota,Aqua,2019,13250.00
14785,2026-07-28,Chloe,Volkswagen,Golf,2013,12250.00
14786,2026-07-28,Eve,Honda,CR-V,2013,19350.00
14787,2026-07-28,Olivia,Toyota,Aqua,2012,7950.00
14788,2026-07-28,Chloe,Ford,Ranger,2015,31000.00
14789,2026-07-28,Mere,Mazda,Axela,2012,7750.00
14790,2026-07-28,Olivia,Mazda,CX-5,2012,19100.00
14791,2026-07-28,Kiri,Volkswagen,Golf,2024,28700.00
14792,2026-07-28,Aroha,Nissan,Navara,2022,45250.00
14793,2026-07-28,Jess,Toyota,RAV4,2017,32400.00
14794,2026-07-28,Liam,Mazda,BT-50,2024,46300.00
14795,2026-07-28,Jess,Hyundai,Tucson,2022,34400.00
14796,2026-07-28,Kiri,Hyundai,Tucson,2018,29250.00
14797,2026-07-28,Chloe,Mazda,BT-50,2014,29550.00
14798,2026-07-28,Eve,Toyota,RAV4,2019,41350.00
14799,2026-07-28,Liam,Nissan,Navara,2015,27850.00
14800,2026-07-28,Ioane,Ford,Focus,2019,13350.00
14801,2026-07-28,Kiri,Toyota,RAV4,2018,38500.00
14802,2026-07-28,Olivia,Toyota,Hilux,2022,41500.00
14803,2026-07-28,Liam,Ford,Ranger,2018,38600.00
14804,2026-07-28,Dan,Toyota,RAV4,2021,38100.00
14805,2026-07-28,Hana,Nissan,Tiida,2022,9750.00
14806,2026-07-28,Eve,Mazda,BT-50,2022,50950.00
14807,2026-07-28,Ioane,Honda,CR-V,2014,20950.00
14808,2026-07-29,Olivia,Mazda,BT-50,2023,53150.00
14809,2026-07-29,Mere,Volkswagen,Golf,2024,22600.00
14810,2026-07-29,Ioane,Mazda,CX-5,2022,32950.00
14811,2026-07-29,Liam,Toyota,Corolla,2013,12650.00
14812,2026-07-29,Mere,Mazda,CX-5,2017,30950.00
14813,2026-07-29,Liam,Nissan,Navara,2023,41300.00
14814,2026-07-29,Olivia,Honda,Fit,2016,8800.00
14815,2026-07-29,Finn,Mazda,BT-50,2012,27700.00
14816,2026-07-29,Olivia,Toyota,Hilux,2014,28950.00
14817,2026-07-29,Ioane,Holden,Commodore,2019,24950.00
14818,2026-07-29,Mere,Subaru,Outback,2018,35500.00
14819,2026-07-29,Finn,Subaru,Outback,2020,34800.00
14820,2026-07-29,Ioane,Toyota,Corolla,2018,19100.00
14821,2026-07-29,Ioane,Ford,Focus,2021,15050.00
14822,2026-07-29,Finn,Volkswagen,Golf,2015,15050.00
14823,2026-07-29,Hana,Ford,Focus,2025,15950.00
14824,2026-07-29,Mere,Subaru,Outback,2019,36350.00
14825,2026-07-29,Liam,Toyota,Aqua,2012,7400.00
14826,2026-07-29,Eve,Subaru,Forester,2018,33100.00
14827,2026-07-30,Mere,Mitsubishi,Triton,2023,43300.00
14828,2026-07-30,Kiri,Toyota,Hilux,2019,41200.00
14829,2026-07-30,Kiri,Toyota,Corolla,2019,21200.00
14830,2026-07-30,Mere,Mazda,Axela,2018,13750.00
14831,2026-07-30,Aroha,Volkswagen,Golf,2016,16450.00
14832,2026-07-30,Olivia,Toyota,Yaris,2015,12700.00
14833,2026-07-30,Chloe,Honda,CR-V,2021,33100.00
14834,2026-07-30,Nikau,Mazda,Axela,2016,10400.00
14835,2026-07-30,Eve,Subaru,Outback,2017,30750.00
14836,2026-07-30,Kiri,Tesla,Model 3,2024,54450.00
14837,2026-07-30,Ioane,Mazda,Demio,2012,6750.00
14838,2026-07-30,Jess,Tesla,Model 3,2022,62950.00
14839,2026-07-30,Dan,Holden,Commodore,2022,24250.00
14840,2026-07-30,Eve,Honda,Civic,2019,15900.00
14841,2026-07-30,Ioane,Nissan,Navara,2021,45900.00
14842,2026-07-30,Eve,Mitsubishi,Triton,2020,39150.00
14843,2026-07-30,Ioane,Hyundai,Tucson,2013,23700.00
14844,2026-07-30,Eve,Mazda,CX-5,2024,35500.00
14845,2026-07-31,Ioane,Toyota,Hilux,2014,34700.00
14846,2026-07-31,Eve,Toyota,Aqua,2016,12450.00
14847,2026-07-31,Hana,Kia,Sportage,2018,30900.00
14848,2026-07-31,Hana,Mazda,BT-50,2016,34100.00
14849,2026-07-31,Finn,Subaru,Outback,2012,19800.00
14850,2026-07-31,Eve,Toyota,Hilux,2022,41500.00
14851,2026-07-31,Olivia,Kia,Sportage,2012,20700.00
14852,2026-07-31,Dan,Subaru,Outback,2021,40850.00
14853,2026-07-31,Ioane,Honda,Civic,2025,20550.00
14854,2026-07-31,Kiri,Mazda,BT-50,2016,35900.00
14855,2026-07-31,Olivia,Suzuki,Swift,2019,11800.00
14856,2026-07-31,Hana,Toyota,RAV4,2024,49500.00
14857,2026-07-31,Ben,Toyota,RAV4,2024,51300.00
14858,2026-07-31,Liam,Mazda,Axela,2022,14100.00
14859,2026-07-31,Mere,Honda,Fit,2020,12850.00
14860,2026-07-31,Nikau,Tesla,Model 3,2014,39450.00
14861,2026-07-31,Nikau,Toyota,RAV4,2014,30400.00
14862,2026-07-31,Olivia,Ford,Focus,2019,12100.00
14863,2026-08-01,Aroha,Mazda,BT-50,2024,48050.00
14864,2026-08-01,Dan,Nissan,Navara,2023,40500.00
14865,2026-08-01,Liam,Mazda,CX-5,2025,45500.00
14866,2026-08-01,Ben,Mitsubishi,Triton,2019,33050.00
14867,2026-08-01,Olivia,Honda,CR-V,2021,32900.00
14868,2026-08-01,Ben,Subaru,Outback,2022,38500.00
14869,2026-08-01,Dan,Mitsubishi,Triton,2021,40800.00
14870,2026-08-01,Jess,Ford,Focus,2018,10400.00
14871,2026-08-01,Dan,Subaru,Outback,2022,44800.00
14872,2026-08-01,Ioane,Tesla,Model 3,2017,51500.00
14873,2026-08-01,Liam,Ford,Focus,2023,15800.00
14874,2026-08-01,Dan,Kia,Sportage,2019,25300.00
14875,2026-08-01,Dan,Honda,Civic,2020,17800.00
14876,2026-08-01,Finn,Honda,Civic,2016,17600.00
14877,2026-08-01,Nikau,Mazda,CX-5,2021,30300.00
14878,2026-08-01,Mere,Mitsubishi,Triton,2012,23600.00
14879,2026-08-01,Chloe,Toyota,Aqua,2021,15950.00
14880,2026-08-01,Ioane,Toyota,Yaris,2023,17050.00
14881,2026-08-01,Mere,Volkswagen,Golf,2022,27600.00
14882,2026-08-01,Chloe,Mazda,Demio,2019,9050.00
14883,2026-08-01,Liam,Toyota,Corolla,2012,11450.00
14884,2026-08-02,Aroha,Holden,Commodore,2012,14650.00
14885,2026-08-02,Liam,Nissan,Navara,2017,33200.00
14886,2026-08-02,Dan,Toyota,Aqua,2013,8250.00
14887,2026-08-02,Nikau,Toyota,RAV4,2021,40350.00
14888,2026-08-02,Olivia,Hyundai,Tucson,2023,35200.00
14889,2026-08-02,Finn,Subaru,Forester,2014,21650.00
14890,2026-08-02,Olivia,Mazda,BT-50,2020,46400.00
14891,2026-08-02,Jess,Tesla,Model 3,2014,32750.00
14892,2026-08-02,Nikau,Tesla,Model 3,2018,49450.00
14893,2026-08-02,Nikau,Tesla,Model 3,2015,45450.00
14894,2026-08-02,Ioane,Toyota,Hilux,2023,46600.00
14895,2026-08-02,Dan,Hyundai,Tucson,2021,35650.00
14896,2026-08-02,Dan,Ford,Focus,2024,16800.00
14897,2026-08-02,Eve,Volkswagen,Golf,2019,22800.00
14898,2026-08-02,Liam,Ford,Ranger,2012,27900.00
14899,2026-08-02,Hana,Hyundai,Tucson,2023,32350.00
14900,2026-08-02,Jess,Mitsubishi,Triton,2023,37100.00
14901,2026-08-02,Mere,Honda,Civic,2025,22200.00
14902,2026-08-02,Finn,Nissan,Navara,2014,29050.00
14903,2026-08-02,Dan,Honda,CR-V,2015,20200.00
14904,2026-08-02,Ioane,Subaru,Forester,2021,37000.00
14905,2026-08-02,Dan,Mazda,BT-50,2022,50100.00
14906,2026-08-02,Aroha,Tesla,Model 3,2024,61800.00
14907,2026-08-02,Olivia,Toyota,RAV4,2020,36800.00
14908,2026-08-02,Ben,Toyota,Hilux,2021,48250.00
14909,2026-08-02,Kiri,Mazda,Demio,2020,9750.00
14910,2026-08-02,Mere,Toyota,Aqua,2018,11200.00
14911,2026-08-03,Liam,Hyundai,Tucson,2013,18200.00
14912,2026-08-03,Hana,Tesla,Model 3,2020,59950.00
14913,2026-08-03,Finn,Honda,Civic,2023,23700.00
14914,2026-08-03,Liam,Mazda,BT-50,2022,41100.00
14915,2026-08-03,Dan,Kia,Sportage,2016,22200.00
14916,2026-08-03,Chloe,Holden,Commodore,2013,14050.00
14917,2026-08-03,Mere,Honda,Civic,2023,19200.00
14918,2026-08-03,Jess,Toyota,RAV4,2014,29200.00
14919,2026-08-03,Ioane,Mitsubishi,Outlander,2012,22250.00
14920,2026-08-03,Dan,Mitsubishi,Triton,2015,31550.00
14921,2026-08-03,Mere,Subaru,Outback,2025,38950.00
14922,2026-08-03,Olivia,Ford,Ranger,2019,45000.00
14923,2026-08-03,Mere,Subaru,Outback,2024,44600.00
14924,2026-08-03,Nikau,Mazda,Axela,2018,13600.00
14925,2026-08-03,Liam,Tesla,Model 3,2020,45000.00
14926,2026-08-03,Jess,Honda,Civic,2024,20050.00
14927,2026-08-03,Kiri,Toyota,Yaris,2015,12950.00
14928,2026-08-03,Olivia,Honda,CR-V,2025,35750.00
14929,2026-08-03,Liam,Tesla,Model 3,2024,54550.00
14930,2026-08-03,Nikau,Toyota,Aqua,2025,14950.00
14931,2026-08-03,Aroha,Honda,Civic,2015,15750.00
14932,2026-08-03,Aroha,Toyota,RAV4,2023,44450.00
14933,2026-08-04,Hana,Ford,Focus,2021,12700.00
14934,2026-08-04,Olivia,Toyota,Aqua,2017,11200.00
14935,2026-08-04,Jess,Kia,Sportage,2016,23050.00
14936,2026-08-04,Nikau,Tesla,Model 3,2013,34050.00
14937,2026-08-04,Finn,Mazda,CX-5,2024,40000.00
14938,2026-08-04,Finn,Hyundai,Tucson,2019,28100.00
14939,2026-08-04,Jess,Honda,CR-V,2023,35900.00
14940,2026-08-04,Nikau,Nissan,Leaf,2012,9000.00
14941,2026-08-04,Dan,Ford,Ranger,2018,43300.00
14942,2026-08-04,Kiri,Honda,Fit,2021,12550.00
14943,2026-08-04,Olivia,Toyota,Hilux,2023,56850.00
14944,2026-08-04,Ioane,Mazda,Demio,2024,13100.00
14945,2026-08-04,Hana,Ford,Ranger,2025,55350.00
14946,2026-08-04,Hana,Mitsubishi,Triton,2016,32750.00
14947,2026-08-04,Eve,Subaru,Outback,2015,27900.00
14948,2026-08-04,Liam,Mazda,CX-5,2020,30400.00
14949,2026-08-04,Mere,Ford,Focus,2023,14250.00
14950,2026-08-04,Aroha,Toyota,Yaris,2013,11150.00
14951,2026-08-05,Chloe,Mazda,Axela,2024,16250.00
14952,2026-08-05,Chloe,Toyota,Corolla,2019,19450.00
14953,2026-08-05,Kiri,Toyota,Hilux,2013,32300.00
14954,2026-08-05,Chloe,Mazda,CX-5,2014,24600.00
14955,2026-08-05,Eve,Toyota,Hilux,2013,28150.00
14956,2026-08-05,Chloe,Nissan,Navara,2021,45000.00
14957,2026-08-05,Olivia,Mazda,CX-5,2012,18900.00
14958,2026-08-05,Chloe,Mitsubishi,Outlander,2023,44350.00
14959,2026-08-05,Dan,Honda,Fit,2018,9700.00
14960,2026-08-05,Hana,Holden,Commodore,2018,21650.00
14961,2026-08-05,Olivia,Suzuki,Swift,2017,12100.00
14962,2026-08-05,Ioane,Mazda,CX-5,2016,26850.00
14963,2026-08-05,Chloe,Mazda,Axela,2020,13500.00
14964,2026-08-05,Jess,Honda,Fit,2016,9900.00
14965,2026-08-05,Nikau,Volkswagen,Golf,2022,21750.00
14966,2026-08-05,Mere,Ford,Ranger,2022,55500.00
14967,2026-08-05,Liam,Subaru,Forester,2020,37900.00
14968,2026-08-05,Finn,Honda,CR-V,2019,33250.00
14969,2026-08-05,Jess,Mazda,CX-5,2017,23800.00
14970,2026-08-05,Chloe,Kia,Sportage,2022,35900.00
14971,2026-08-05,Kiri,Mazda,BT-50,2022,44800.00
14972,2026-08-05,Ioane,Toyota,Yaris,2018,12700.00
14973,2026-08-05,Mere,Toyota,RAV4,2021,41800.00
14974,2026-08-05,Dan,Mitsubishi,Triton,2024,43700.00
14975,2026-08-05,Mere,Nissan,Navara,2023,49350.00
14976,2026-08-05,Chloe,Mazda,CX-5,2025,42050.00
14977,2026-08-06,Jess,Mazda,Axela,2025,18050.00
14978,2026-08-06,Hana,Mazda,CX-5,2016,25100.00
14979,2026-08-06,Jess,Ford,Ranger,2020,42400.00
14980,2026-08-06,Liam,Mazda,Demio,2016,8050.00
14981,2026-08-06,Nikau,Toyota,Hilux,2023,46600.00
14982,2026-08-06,Hana,Nissan,Tiida,2022,8250.00
14983,2026-08-06,Chloe,Honda,CR-V,2022,29300.00
14984,2026-08-06,Chloe,Honda,CR-V,2016,26400.00
14985,2026-08-06,Hana,Toyota,Aqua,2016,11750.00
14986,2026-08-06,Ioane,Kia,Sportage,2012,16100.00
14987,2026-08-07,Kiri,Ford,Ranger,2017,44700.00
14988,2026-08-07,Aroha,Subaru,Outback,2021,42750.00
14989,2026-08-07,Aroha,Subaru,Outback,2016,28950.00
14990,2026-08-07,Kiri,Mazda,Demio,2012,6700.00
14991,2026-08-07,Finn,Toyota,RAV4,2016,34750.00
14992,2026-08-07,Liam,Subaru,Forester,2020,37700.00
14993,2026-08-07,Ioane,Subaru,Forester,2020,38600.00
14994,2026-08-07,Hana,Toyota,Yaris,2022,16500.00
14995,2026-08-07,Dan,Volkswagen,Golf,2021,23500.00
14996,2026-08-07,Eve,Mazda,Demio,2022,11700.00
14997,2026-08-07,Ioane,Ford,Focus,2014,9300.00
14998,2026-08-07,Chloe,Mitsubishi,Triton,2016,30150.00
14999,2026-08-07,Kiri,Mazda,Axela,2018,14500.00
15000,2026-08-07,Aroha,Ford,Focus,2019,13000.00
15001,2026-08-07,Nikau,Toyota,Aqua,2016,9550.00
15002,2026-08-07,Hana,Honda,CR-V,2013,21800.00
15003,2026-08-07,Aroha,Ford,Ranger,2014,30600.00
15004,2026-08-07,Ben,Kia,Sportage,2019,26400.00
15005,2026-08-07,Olivia,Mitsubishi,Outlander,2020,33750.00
15006,2026-08-07,Jess,Kia,Sportage,2021,32600.00
15007,2026-08-07,Jess,Holden,Commodore,2023,31050.00
15008,2026-08-07,Eve,Mitsubishi,Outlander,2021,38750.00
15009,2026-08-07,Kiri,Honda,Fit,2018,9650.00
15010,2026-08-07,Olivia,Mazda,Axela,2012,8750.00
15011,2026-08-07,Liam,Subaru,Outback,2023,44200.00
15012,2026-08-07,Finn,Mitsubishi,Triton,2024,50350.00
15013,2026-08-07,Finn,Mazda,CX-5,2019,29400.00
15014,2026-08-07,Dan,Holden,Commodore,2014,19050.00
15015,2026-08-08,Nikau,Volkswagen,Golf,2023,26500.00
15016,2026-08-08,Eve,Toyota,RAV4,2015,29600.00
15017,2026-08-08,Hana,Tesla,Model 3,2022,52300.00
15018,2026-08-08,Kiri,Mitsubishi,Triton,2022,47100.00
15019,2026-08-08,Aroha,Ford,Ranger,2020,48800.00
15020,2026-08-08,Eve,Mitsubishi,Triton,2025,47200.00
15021,2026-08-08,Olivia,Honda,Fit,2021,12450.00
15022,2026-08-08,Aroha,Toyota,RAV4,2014,27900.00
15023,2026-08-08,Dan,Holden,Commodore,2012,13800.00
15024,2026-08-08,Olivia,Kia,Sportage,2021,32300.00
15025,2026-08-08,Kiri,Mazda,Demio,2016,8700.00
15026,2026-08-08,Kiri,Ford,Focus,2024,14850.00
15027,2026-08-08,Jess,Toyota,RAV4,2019,36750.00
15028,2026-08-08,Liam,Mitsubishi,Triton,2024,40350.00
15029,2026-08-08,Liam,Toyota,Aqua,2012,8500.00
15030,2026-08-08,Liam,Tesla,Model 3,2020,49500.00
15031,2026-08-08,Hana,Honda,CR-V,2014,24600.00
15032,2026-08-08,Ben,Honda,Fit,2018,10550.00
15033,2026-08-08,Dan,Mazda,BT-50,2019,36450.00
15034,2026-08-08,Eve,Nissan,Leaf,2016,14950.00
15035,2026-08-08,Nikau,Kia,Sportage,2022,32400.00
15036,2026-08-08,Olivia,Mitsubishi,Triton,2025,49600.00
15037,2026-08-08,Nikau,Mazda,Demio,2012,5600.00
15038,2026-08-09,Ioane,Nissan,Navara,2021,43450.00
15039,2026-08-09,Dan,Toyota,Hilux,2014,29400.00
15040,2026-08-09,Dan,Mazda,Axela,2013,9900.00
15041,2026-08-09,Mere,Mitsubishi,Triton,2022,43050.00
15042,2026-08-09,Mere,Toyota,Aqua,2024,15900.00
15043,2026-08-09,Ben,Tesla,Model 3,2021,48450.00
15044,2026-08-09,Ioane,Subaru,Forester,2022,39100.00
15045,2026-08-09,Hana,Toyota,Aqua,2021,13950.00
15046,2026-08-09,Ioane,Mazda,BT-50,2013,25600.00
15047,2026-08-09,Jess,Tesla,Model 3,2014,34450.00
15048,2026-08-09,Ioane,Mitsubishi,Triton,2015,26650.00
15049,2026-08-09,Hana,Toyota,Aqua,2025,18650.00
15050,2026-08-09,Mere,Mazda,Axela,2025,16400.00
15051,2026-08-09,Jess,Honda,CR-V,2023,33200.00
15052,2026-08-09,Hana,Toyota,RAV4,2022,45400.00
15053,2026-08-09,Ioane,Mazda,CX-5,2022,33850.00
15054,2026-08-09,Dan,Mazda,Axela,2025,17100.00
15055,2026-08-09,Chloe,Toyota,Yaris,2025,21750.00
15056,2026-08-09,Aroha,Mazda,Demio,2015,6950.00
15057,2026-08-09,Liam,Toyota,RAV4,2022,37350.00
15058,2026-08-09,Mere,Mazda,BT-50,2014,26650.00
15059,2026-08-09,Eve,Hyundai,Tucson,2019,32200.00
15060,2026-08-09,Mere,Mazda,BT-50,2013,29900.00
15061,2026-08-09,Liam,Mazda,CX-5,2013,22600.00
15062,2026-08-09,Chloe,Mazda,Demio,2012,5250.00
15063,2026-08-10,Mere,Volkswagen,Golf,2022,23100.00
15064,2026-08-10,Mere,Tesla,Model 3,2025,65900.00
15065,2026-08-10,Chloe,Honda,CR-V,2020,27400.00
15066,2026-08-10,Jess,Ford,Ranger,2015,33800.00
15067,2026-08-10,Nikau,Mazda,CX-5,2021,35100.00
15068,2026-08-10,Olivia,Mitsubishi,Triton,2013,22950.00
15069,2026-08-10,Eve,Volkswagen,Golf,2016,16050.00
15070,2026-08-10,Finn,Toyota,Corolla,2014,13200.00
15071,2026-08-10,Dan,Toyota,RAV4,2017,29300.00
15072,2026-08-10,Mere,Mazda,CX-5,2013,21200.00
15073,2026-08-10,Olivia,Toyota,Hilux,2019,45800.00
15074,2026-08-10,Olivia,Kia,Sportage,2025,41550.00
15075,2026-08-10,Hana,Subaru,Forester,2015,27100.00
15076,2026-08-10,Ioane,Holden,Commodore,2023,28000.00
15077,2026-08-10,Hana,Mazda,Demio,2019,8200.00
15078,2026-08-10,Jess,Hyundai,Tucson,2014,20200.00
15079,2026-08-10,Kiri,Honda,Civic,2021,18700.00
15080,2026-08-10,Eve,Mazda,Axela,2014,10150.00
15081,2026-08-10,Hana,Nissan,Navara,2018,41100.00
15082,2026-08-10,Jess,Kia,Sportage,2023,31500.00
15083,2026-08-10,Dan,Honda,Civic,2018,18900.00
15084,2026-08-10,Ben,Toyota,Aqua,2015,10600.00
15085,2026-08-10,Mere,Volkswagen,Golf,2014,15300.00
15086,2026-08-10,Aroha,Suzuki,Swift,2012,9800.00
15087,2026-08-11,Nikau,Mitsubishi,Outlander,2020,38100.00
15088,2026-08-11,Dan,Mazda,Axela,2024,17450.00
15089,2026-08-11,Nikau,Toyota,Hilux,2020,49600.00
15090,2026-08-11,Ben,Suzuki,Swift,2019,14200.00
15091,2026-08-11,Hana,Nissan,Leaf,2022,17400.00
15092,2026-08-11,Dan,Toyota,RAV4,2014,23150.00
15093,2026-08-11,Hana,Mazda,Axela,2015,9550.00
15094,2026-08-11,Olivia,Toyota,Corolla,2017,16250.00
15095,2026-08-11,Jess,Subaru,Outback,2013,26000.00
15096,2026-08-11,Kiri,Toyota,Yaris,2022,15300.00
15097,2026-08-11,Liam,Toyota,RAV4,2013,27350.00
15098,2026-08-11,Olivia,Mitsubishi,Triton,2020,32150.00
15099,2026-08-11,Olivia,Mazda,BT-50,2014,31350.00
15100,2026-08-11,Chloe,Toyota,Hilux,2022,50650.00
15101,2026-08-11,Nikau,Honda,CR-V,2020,31500.00
15102,2026-08-11,Dan,Ford,Ranger,2018,45100.00
15103,2026-08-11,Hana,Tesla,Model 3,2013,29450.00
15104,2026-08-11,Mere,Tesla,Model 3,2013,30900.00
15105,2026-08-11,Nikau,Hyundai,Tucson,2012,16950.00
15106,2026-08-11,Olivia,Mazda,Demio,2013,6550.00
15107,2026-08-11,Eve,Nissan,Navara,2020,45350.00
15108,2026-08-11,Aroha,Mazda,BT-50,2023,43000.00
15109,2026-08-12,Aroha,Tesla,Model 3,2024,61850.00
15110,2026-08-12,Aroha,Toyota,Aqua,2012,7300.00
15111,2026-08-12,Kiri,Kia,Sportage,2018,25600.00
15112,2026-08-12,Dan,Volkswagen,Golf,2021,20200.00
15113,2026-08-12,Finn,Mazda,Axela,2023,18050.00
15114,2026-08-12,Jess,Ford,Focus,2024,16500.00
15115,2026-08-12,Jess,Kia,Sportage,2022,29100.00
15116,2026-08-12,Dan,Mitsubishi,Outlander,2022,39850.00
15117,2026-08-12,Dan,Toyota,Yaris,2020,17700.00
15118,2026-08-12,Ioane,Hyundai,Tucson,2023,38950.00
15119,2026-08-12,Eve,Toyota,Hilux,2019,45600.00
15120,2026-08-12,Ben,Hyundai,Tucson,2023,38100.00
15121,2026-08-12,Mere,Mitsubishi,Triton,2014,29300.00
15122,2026-08-12,Ioane,Mazda,CX-5,2012,18000.00
15123,2026-08-12,Hana,Toyota,Hilux,2012,28850.00
15124,2026-08-12,Ioane,Tesla,Model 3,2015,39550.00
15125,2026-08-12,Chloe,Mitsubishi,Triton,2017,33100.00
15126,2026-08-12,Chloe,Toyota,Hilux,2015,29450.00
15127,2026-08-12,Eve,Nissan,Tiida,2013,5450.00
15128,2026-08-12,Kiri,Volkswagen,Golf,2013,15450.00
15129,2026-08-12,Ioane,Honda,Civic,2021,20600.00
15130,2026-08-12,Ben,Mazda,BT-50,2016,30850.00
15131,2026-08-12,Finn,Tesla,Model 3,2023,67100.00
15132,2026-08-12,Kiri,Mazda,BT-50,2014,25100.00
15133,2026-08-12,Kiri,Ford,Ranger,2016,43400.00
15134,2026-08-12,Kiri,Hyundai,Tucson,2023,41050.00
15135,2026-08-12,Mere,Kia,Sportage,2022,36750.00
15136,2026-08-12,Finn,Toyota,Yaris,2020,16400.00
15137,2026-08-12,Jess,Honda,Civic,2024,21300.00
15138,2026-08-13,Liam,Toyota,RAV4,2024,43600.00
15139,2026-08-13,Ben,Toyota,RAV4,2019,34650.00
15140,2026-08-13,Chloe,Volkswagen,Golf,2014,14150.00
15141,2026-08-13,Liam,Suzuki,Swift,2020,12450.00
15142,2026-08-13,Chloe,Mazda,BT-50,2023,44200.00
15143,2026-08-13,Chloe,Volkswagen,Golf,2017,17700.00
15144,2026-08-13,Eve,Mazda,Demio,2021,10400.00
15145,2026-08-13,Dan,Mitsubishi,Triton,2016,31250.00
15146,2026-08-13,Mere,Mazda,CX-5,2013,20850.00
15147,2026-08-13,Finn,Subaru,Outback,2021,39800.00
15148,2026-08-13,Ioane,Tesla,Model 3,2015,45100.00
15149,2026-08-13,Hana,Hyundai,Tucson,2019,34300.00
15150,2026-08-13,Mere,Ford,Focus,2013,7700.00
15151,2026-08-13,Ben,Mitsubishi,Triton,2020,38500.00
15152,2026-08-13,Ioane,Volkswagen,Golf,2025,29450.00
15153,2026-08-13,Hana,Mazda,BT-50,2023,41800.00
15154,2026-08-13,Dan,Toyota,Hilux,2021,44100.00
15155,2026-08-13,Jess,Nissan,Navara,2025,49400.00
15156,2026-08-13,Dan,Tesla,Model 3,2016,45250.00
15157,2026-08-13,Ben,Toyota,Hilux,2014,28100.00
15158,2026-08-13,Chloe,Volkswagen,Golf,2018,19750.00
15159,2026-08-13,Dan,Hyundai,Tucson,2025,42950.00
15160,2026-08-13,Mere,Mitsubishi,Triton,2017,29400.00
15161,2026-08-13,Nikau,Hyundai,Tucson,2024,36050.00
15162,2026-08-13,Jess,Ford,Ranger,2013,33800.00
15163,2026-08-13,Mere,Ford,Focus,2016,9250.00
15164,2026-08-13,Aroha,Ford,Ranger,2016,41950.00
15165,2026-08-13,Eve,Mitsubishi,Triton,2023,38050.00
15166,2026-08-14,Chloe,Holden,Commodore,2020,26850.00
15167,2026-08-14,Chloe,Ford,Focus,2014,9350.00
15168,2026-08-14,Kiri,Mitsubishi,Triton,2015,30200.00
15169,2026-08-14,Olivia,Toyota,Hilux,2017,41550.00
15170,2026-08-14,Liam,Volkswagen,Golf,2025,24400.00
15171,2026-08-14,Liam,Toyota,RAV4,2016,34150.00
15172,2026-08-14,Finn,Subaru,Outback,2019,32450.00
15173,2026-08-14,Ben,Honda,Fit,2018,9700.00
15174,2026-08-14,Eve,Nissan,Tiida,2020,9500.00
15175,2026-08-14,Finn,Mazda,BT-50,2024,54550.00
15176,2026-08-14,Jess,Volkswagen,Golf,2022,24700.00
15177,2026-08-14,Aroha,Mazda,BT-50,2013,25800.00
15178,2026-08-14,Jess,Tesla,Model 3,2022,61600.00
15179,2026-08-14,Chloe,Mazda,CX-5,2012,22100.00
15180,2026-08-14,Eve,Subaru,Outback,2013,23250.00
15181,2026-08-14,Mere,Mazda,CX-5,2013,23300.00
15182,2026-08-14,Olivia,Nissan,Tiida,2018,6800.00
15183,2026-08-14,Mere,Kia,Sportage,2017,26850.00
15184,2026-08-14,Ioane,Mazda,CX-5,2015,26950.00
15185,2026-08-14,Mere,Kia,Sportage,2016,25000.00
15186,2026-08-14,Eve,Tesla,Model 3,2012,34950.00
15187,2026-08-14,Jess,Subaru,Outback,2023,40750.00
15188,2026-08-14,Hana,Toyota,RAV4,2023,40400.00
15189,2026-08-15,Dan,Honda,Fit,2016,8900.00
15190,2026-08-15,Ioane,Ford,Ranger,2012,32350.00
15191,2026-08-15,Jess,Subaru,Outback,2014,24650.00
15192,2026-08-15,Mere,Nissan,Navara,2023,42700.00
15193,2026-08-15,Ioane,Volkswagen,Golf,2015,14000.00
15194,2026-08-15,Nikau,Tesla,Model 3,2012,36600.00
15195,2026-08-15,Dan,Tesla,Model 3,2025,71350.00
15196,2026-08-15,Mere,Toyota,Aqua,2016,11650.00
15197,2026-08-15,Mere,Kia,Sportage,2025,41400.00
15198,2026-08-15,Liam,Toyota,Hilux,2013,26700.00
15199,2026-08-15,Eve,Mazda,CX-5,2012,19600.00
15200,2026-08-15,Olivia,Toyota,Yaris,2015,12500.00
15201,2026-08-15,Ioane,Toyota,RAV4,2023,40900.00
15202,2026-08-15,Chloe,Ford,Ranger,2014,37550.00
15203,2026-08-15,Nikau,Mazda,BT-50,2017,32350.00
15204,2026-08-15,Hana,Mazda,BT-50,2022,48900.00
15205,2026-08-15,Mere,Mazda,Axela,2023,19100.00
15206,2026-08-15,Aroha,Subaru,Outback,2018,34150.00
15207,2026-08-16,Mere,Tesla,Model 3,2012,27450.00
15208,2026-08-16,Mere,Mazda,BT-50,2024,44300.00
15209,2026-08-16,Nikau,Toyota,Yaris,2016,13750.00
15210,2026-08-16,Dan,Toyota,RAV4,2018,30150.00
15211,2026-08-16,Chloe,Hyundai,Tucson,2017,27100.00
15212,2026-08-16,Ben,Toyota,Aqua,2016,10800.00
15213,2026-08-16,Ioane,Ford,Focus,2016,11150.00
15214,2026-08-16,Finn,Mazda,CX-5,2022,39900.00
15215,2026-08-16,Ioane,Subaru,Outback,2020,35250.00
15216,2026-08-16,Jess,Hyundai,Tucson,2012,18900.00
15217,2026-08-16,Jess,Toyota,Yaris,2020,16450.00
15218,2026-08-16,Nikau,Nissan,Tiida,2023,9050.00
15219,2026-08-16,Ioane,Hyundai,Tucson,2019,32050.00
15220,2026-08-16,Mere,Kia,Sportage,2013,22100.00
15221,2026-08-16,Eve,Toyota,Yaris,2024,16950.00
15222,2026-08-16,Ioane,Toyota,RAV4,2018,35300.00
15223,2026-08-16,Eve,Suzuki,Swift,2013,9350.00
15224,2026-08-16,Olivia,Subaru,Outback,2024,42500.00
15225,2026-08-16,Dan,Honda,Fit,2016,9600.00
15226,2026-08-16,Liam,Toyota,Hilux,2013,27550.00
15227,2026-08-16,Ioane,Hyundai,Tucson,2021,33650.00
15228,2026-08-16,Dan,Toyota,Corolla,2022,20000.00
15229,2026-08-17,Dan,Kia,Sportage,2019,27550.00
15230,2026-08-17,Kiri,Kia,Sportage,2017,23450.00
15231,2026-08-17,Olivia,Ford,Focus,2022,14100.00
15232,2026-08-17,Chloe,Hyundai,Tucson,2014,19550.00
15233,2026-08-17,Aroha,Toyota,Yaris,2018,13650.00
15234,2026-08-17,Dan,Subaru,Forester,2020,38300.00
15235,2026-08-17,Finn,Toyota,Aqua,2024,17500.00
15236,2026-08-17,Kiri,Kia,Sportage,2025,32250.00
15237,2026-08-17,Finn,Kia,Sportage,2015,23300.00
15238,2026-08-17,Olivia,Mazda,Axela,2020,14100.00
15239,2026-08-17,Jess,Mazda,BT-50,2023,42150.00
15240,2026-08-17,Eve,Holden,Commodore,2023,29750.00
15241,2026-08-17,Chloe,Subaru,Outback,2025,48950.00
15242,2026-08-17,Hana,Subaru,Outback,2024,37100.00
15243,2026-08-17,Eve,Nissan,Leaf,2021,17100.00
15244,2026-08-17,Mere,Hyundai,Tucson,2024,35300.00
15245,2026-08-17,Liam,Mazda,CX-5,2024,38800.00
15246,2026-08-17,Hana,Toyota,Aqua,2019,13250.00
15247,2026-08-17,Chloe,Toyota,Aqua,2014,10250.00
15248,2026-08-17,Aroha,Subaru,Forester,2017,30850.00
15249,2026-08-17,Aroha,Kia,Sportage,2020,32700.00
15250,2026-08-18,Kiri,Toyota,Yaris,2024,20200.00
15251,2026-08-18,Ioane,Mazda,CX-5,2019,34800.00
15252,2026-08-18,Dan,Mitsubishi,Triton,2021,39550.00
15253,2026-08-18,Jess,Mazda,BT-50,2025,53450.00
15254,2026-08-18,Mere,Honda,Civic,2020,17350.00
15255,2026-08-18,Chloe,Mazda,CX-5,2015,21800.00
15256,2026-08-18,Chloe,Mazda,BT-50,2021,45500.00
15257,2026-08-18,Hana,Mazda,Axela,2023,14700.00
15258,2026-08-18,Dan,Mazda,CX-5,2022,38850.00
15259,2026-08-18,Eve,Holden,Commodore,2017,18300.00
15260,2026-08-18,Mere,Kia,Sportage,2020,33950.00
15261,2026-08-18,Dan,Toyota,Aqua,2022,12950.00
15262,2026-08-18,Mere,Nissan,Leaf,2024,23650.00
15263,2026-08-18,Dan,Mazda,BT-50,2021,46050.00
15264,2026-08-18,Liam,Honda,Fit,2022,13000.00
15265,2026-08-18,Jess,Nissan,Navara,2014,30050.00
15266,2026-08-18,Dan,Kia,Sportage,2018,29300.00
15267,2026-08-18,Eve,Volkswagen,Golf,2015,16900.00
15268,2026-08-18,Finn,Mazda,BT-50,2020,39100.00
15269,2026-08-18,Liam,Mitsubishi,Triton,2019,38600.00
15270,2026-08-19,Kiri,Mitsubishi,Triton,2013,26300.00
15271,2026-08-19,Nikau,Toyota,Yaris,2019,15350.00
15272,2026-08-19,Dan,Honda,Fit,2025,13300.00
15273,2026-08-19,Mere,Mitsubishi,Outlander,2019,37650.00
15274,2026-08-19,Dan,Nissan,Navara,2021,41900.00
15275,2026-08-19,Chloe,Tesla,Model 3,2012,29100.00
15276,2026-08-19,Ben,Hyundai,Tucson,2016,25200.00
15277,2026-08-19,Ioane,Mitsubishi,Triton,2025,45600.00
15278,2026-08-19,Aroha,Mazda,Axela,2023,16850.00
15279,2026-08-19,Liam,Mitsubishi,Triton,2023,48350.00
15280,2026-08-19,Ioane,Kia,Sportage,2016,21850.00
15281,2026-08-19,Olivia,Toyota,Aqua,2019,11250.00
15282,2026-08-19,Dan,Kia,Sportage,2022,29300.00
15283,2026-08-19,Ioane,Ford,Focus,2013,7300.00
15284,2026-08-19,Ioane,Nissan,Navara,2021,37750.00
15285,2026-08-19,Ben,Ford,Ranger,2021,49900.00
15286,2026-08-19,Dan,Mazda,BT-50,2024,55050.00
15287,2026-08-19,Finn,Mazda,CX-5,2021,38350.00
15288,2026-08-20,Olivia,Toyota,RAV4,2013,27050.00
15289,2026-08-20,Chloe,Mazda,Axela,2012,9650.00
15290,2026-08-20,Dan,Honda,Fit,2014,9200.00
15291,2026-08-20,Jess,Kia,Sportage,2020,32450.00
15292,2026-08-20,Liam,Toyota,Aqua,2024,16550.00
15293,2026-08-20,Hana,Nissan,Navara,2020,36550.00
15294,2026-08-20,Dan,Nissan,Leaf,2022,18800.00
15295,2026-08-20,Dan,Kia,Sportage,2020,27050.00
15296,2026-08-20,Mere,Tesla,Model 3,2023,62400.00
15297,2026-08-20,Ioane,Subaru,Outback,2019,38050.00
15298,2026-08-20,Kiri,Tesla,Model 3,2021,56750.00
15299,2026-08-20,Jess,Subaru,Outback,2023,38650.00
15300,2026-08-20,Liam,Mazda,BT-50,2015,28700.00
15301,2026-08-20,Hana,Tesla,Model 3,2025,63200.00
15302,2026-08-20,Hana,Mazda,BT-50,2016,36350.00
15303,2026-08-20,Kiri,Mazda,CX-5,2022,40300.00
15304,2026-08-20,Ioane,Nissan,Tiida,2016,7650.00
15305,2026-08-20,Olivia,Volkswagen,Golf,2014,15800.00
15306,2026-08-20,Ben,Mazda,Demio,2021,10100.00
15307,2026-08-20,Aroha,Toyota,Yaris,2024,20100.00
15308,2026-08-20,Olivia,Honda,CR-V,2016,24500.00
15309,2026-08-20,Eve,Suzuki,Swift,2019,12150.00
15310,2026-08-20,Kiri,Honda,Fit,2016,8750.00
15311,2026-08-21,Dan,Tesla,Model 3,2024,70300.00
15312,2026-08-21,Ben,Mazda,BT-50,2014,24950.00
15313,2026-08-21,Olivia,Toyota,Yaris,2023,16600.00
15314,2026-08-21,Kiri,Toyota,Aqua,2014,10900.00
15315,2026-08-21,Ioane,Honda,Civic,2023,22950.00
15316,2026-08-21,Olivia,Mazda,BT-50,2020,41950.00
15317,2026-08-21,Dan,Mazda,BT-50,2013,26250.00
15318,2026-08-21,Olivia,Honda,Fit,2023,12650.00
15319,2026-08-21,Nikau,Mitsubishi,Triton,2017,34150.00
15320,2026-08-21,Ben,Mitsubishi,Outlander,2018,30300.00
15321,2026-08-21,Liam,Ford,Focus,2015,8950.00
15322,2026-08-21,Chloe,Hyundai,Tucson,2019,31800.00
15323,2026-08-21,Liam,Mitsubishi,Triton,2024,38050.00
15324,2026-08-21,Hana,Tesla,Model 3,2025,64500.00
15325,2026-08-21,Eve,Toyota,Aqua,2021,14350.00
15326,2026-08-21,Olivia,Honda,CR-V,2020,34300.00
15327,2026-08-21,Liam,Hyundai,Tucson,2016,25700.00
15328,2026-08-21,Finn,Toyota,Yaris,2025,18150.00
15329,2026-08-22,Kiri,Toyota,RAV4,2024,46900.00
15330,2026-08-22,Eve,Hyundai,Tucson,2023,41650.00
15331,2026-08-22,Mere,Toyota,Yaris,2013,11300.00
15332,2026-08-22,Eve,Hyundai,Tucson,2025,41000.00
15333,2026-08-22,Mere,Toyota,Hilux,2023,46450.00
15334,2026-08-22,Ben,Subaru,Outback,2023,44500.00
15335,2026-08-22,Liam,Mitsubishi,Outlander,2012,18200.00
15336,2026-08-22,Mere,Honda,Civic,2016,13550.00
15337,2026-08-22,Nikau,Toyota,Yaris,2017,13500.00
15338,2026-08-22,Mere,Subaru,Outback,2013,24150.00
15339,2026-08-22,Chloe,Toyota,RAV4,2020,40850.00
15340,2026-08-22,Nikau,Suzuki,Swift,2019,11800.00
15341,2026-08-22,Eve,Toyota,Corolla,2023,21600.00
15342,2026-08-22,Liam,Toyota,Yaris,2016,13400.00
15343,2026-08-22,Nikau,Subaru,Outback,2012,22150.00
15344,2026-08-22,Liam,Kia,Sportage,2025,36450.00
15345,2026-08-22,Ben,Mazda,Axela,2022,14650.00
15346,2026-08-22,Ioane,Volkswagen,Golf,2014,16150.00
15347,2026-08-23,Kiri,Ford,Ranger,2025,55850.00
15348,2026-08-23,Nikau,Tesla,Model 3,2023,58950.00
15349,2026-08-23,Kiri,Mazda,BT-50,2021,46450.00
15350,2026-08-23,Nikau,Volkswagen,Golf,2024,26950.00
15351,2026-08-23,Mere,Subaru,Outback,2020,40350.00
15352,2026-08-23,Aroha,Toyota,Aqua,2023,14450.00
15353,2026-08-23,Finn,Ford,Ranger,2012,32750.00
15354,2026-08-23,Mere,Toyota,Yaris,2024,18800.00
15355,2026-08-23,Eve,Mazda,BT-50,2014,33000.00
15356,2026-08-23,Jess,Mitsubishi,Triton,2015,28050.00
15357,2026-08-23,Olivia,Ford,Focus,2020,10900.00
15358,2026-08-23,Jess,Toyota,RAV4,2018,32800.00
15359,2026-08-23,Finn,Toyota,RAV4,2018,35200.00
15360,2026-08-23,Olivia,Mazda,Axela,2016,12400.00
15361,2026-08-23,Liam,Volkswagen,Golf,2018,18150.00
15362,2026-08-23,Hana,Nissan,Navara,2019,35600.00
15363,2026-08-23,Chloe,Subaru,Forester,2014,21150.00
15364,2026-08-23,Eve,Nissan,Leaf,2023,22150.00
15365,2026-08-23,Jess,Toyota,Corolla,2016,14900.00
15366,2026-08-23,Dan,Kia,Sportage,2024,39250.00
15367,2026-08-23,Jess,Nissan,Navara,2021,47550.00
15368,2026-08-23,Finn,Mazda,Demio,2024,10200.00
15369,2026-08-23,Kiri,Ford,Focus,2025,14800.00
15370,2026-08-23,Olivia,Mitsubishi,Triton,2017,30200.00
15371,2026-08-23,Nikau,Mazda,Demio,2023,10150.00
15372,2026-08-24,Aroha,Mazda,Demio,2024,13150.00
15373,2026-08-24,Ioane,Ford,Focus,2019,11750.00
15374,2026-08-24,Ioane,Kia,Sportage,2015,19900.00
15375,2026-08-24,Ioane,Mazda,CX-5,2020,35400.00
15376,2026-08-24,Mere,Nissan,Navara,2019,40050.00
15377,2026-08-24,Aroha,Mitsubishi,Triton,2016,31700.00
15378,2026-08-24,Hana,Toyota,RAV4,2020,34650.00
15379,2026-08-24,Dan,Nissan,Tiida,2018,7400.00
15380,2026-08-24,Aroha,Holden,Commodore,2014,16000.00
15381,2026-08-24,Finn,Toyota,Corolla,2013,12050.00
15382,2026-08-24,Liam,Mitsubishi,Triton,2013,24050.00
15383,2026-08-24,Eve,Subaru,Outback,2023,39800.00
15384,2026-08-24,Jess,Holden,Commodore,2019,25150.00
15385,2026-08-24,Dan,Hyundai,Tucson,2022,31000.00
15386,2026-08-24,Finn,Hyundai,Tucson,2015,22950.00
15387,2026-08-24,Eve,Nissan,Leaf,2023,17500.00
15388,2026-08-24,Eve,Volkswagen,Golf,2013,14450.00
15389,2026-08-24,Eve,Mazda,CX-5,2023,33000.00
15390,2026-08-24,Jess,Honda,CR-V,2022,36300.00
15391,2026-08-25,Nikau,Mazda,Axela,2018,12000.00
15392,2026-08-25,Chloe,Nissan,Leaf,2018,16100.00
15393,2026-08-25,Ioane,Toyota,Hilux,2016,39100.00
15394,2026-08-25,Ioane,Toyota,Hilux,2022,42950.00
15395,2026-08-25,Mere,Ford,Focus,2023,14800.00
15396,2026-08-25,Chloe,Tesla,Model 3,2024,72650.00
15397,2026-08-25,Olivia,Mazda,BT-50,2016,28900.00
15398,2026-08-25,Kiri,Toyota,Corolla,2024,26400.00
15399,2026-08-25,Kiri,Honda,Fit,2019,10550.00
15400,2026-08-25,Hana,Subaru,Forester,2013,20450.00
15401,2026-08-25,Finn,Mazda,BT-50,2014,29250.00
15402,2026-08-25,Jess,Subaru,Outback,2020,37150.00
15403,2026-08-25,Liam,Toyota,Hilux,2020,43450.00
15404,2026-08-25,Nikau,Ford,Focus,2021,14050.00
15405,2026-08-25,Mere,Toyota,RAV4,2013,25400.00
15406,2026-08-25,Liam,Nissan,Tiida,2017,6800.00
15407,2026-08-25,Olivia,Toyota,Corolla,2013,12600.00
15408,2026-08-25,Jess,Subaru,Outback,2020,31150.00
15409,2026-08-25,Ben,Nissan,Tiida,2025,10850.00
15410,2026-08-25,Ioane,Ford,Focus,2019,11250.00
15411,2026-08-25,Eve,Mazda,CX-5,2018,31550.00
15412,2026-08-25,Nikau,Honda,Civic,2024,24000.00
15413,2026-08-25,Chloe,Toyota,Hilux,2019,42050.00
15414,2026-08-25,Jess,Toyota,Aqua,2016,11200.00
15415,2026-08-25,Liam,Volkswagen,Golf,2013,15450.00
15416,2026-08-25,Hana,Ford,Focus,2018,10200.00
15417,2026-08-25,Hana,Mazda,Axela,2012,8300.00
15418,2026-08-26,Mere,Subaru,Outback,2012,19550.00
15419,2026-08-26,Dan,Toyota,Aqua,2023,14950.00
15420,2026-08-26,Ioane,Subaru,Outback,2019,36350.00
15421,2026-08-26,Hana,Hyundai,Tucson,2024,38200.00
15422,2026-08-26,Ben,Kia,Sportage,2014,19250.00
15423,2026-08-26,Ioane,Ford,Ranger,2022,50550.00
15424,2026-08-26,Eve,Mitsubishi,Triton,2021,43450.00
15425,2026-08-26,Liam,Tesla,Model 3,2020,52200.00
15426,2026-08-26,Chloe,Toyota,RAV4,2022,41300.00
15427,2026-08-26,Mere,Hyundai,Tucson,2022,36850.00
15428,2026-08-26,Hana,Nissan,Navara,2024,42400.00
15429,2026-08-26,Finn,Toyota,Hilux,2016,36900.00
15430,2026-08-26,Mere,Tesla,Model 3,2015,35750.00
15431,2026-08-26,Aroha,Toyota,Yaris,2018,12850.00
15432,2026-08-26,Chloe,Mitsubishi,Triton,2020,38350.00
15433,2026-08-26,Ben,Toyota,Yaris,2021,14300.00
15434,2026-08-26,Hana,Ford,Ranger,2014,28350.00
15435,2026-08-26,Ioane,Mitsubishi,Triton,2018,36050.00
15436,2026-08-26,Hana,Nissan,Navara,2025,50950.00
15437,2026-08-26,Liam,Ford,Ranger,2017,40150.00
15438,2026-08-26,Ben,Tesla,Model 3,2020,55300.00
15439,2026-08-27,Hana,Toyota,Aqua,2022,14600.00
15440,2026-08-27,Finn,Hyundai,Tucson,2024,41700.00
15441,2026-08-27,Finn,Ford,Ranger,2017,37900.00
15442,2026-08-27,Hana,Kia,Sportage,2021,27000.00
15443,2026-08-27,Mere,Nissan,Navara,2023,48100.00
15444,2026-08-27,Nikau,Mitsubishi,Triton,2017,35250.00
15445,2026-08-27,Ben,Mitsubishi,Triton,2020,38500.00
15446,2026-08-27,Ioane,Tesla,Model 3,2018,53150.00
15447,2026-08-27,Jess,Kia,Sportage,2017,23400.00
15448,2026-08-27,Ioane,Suzuki,Swift,2013,9150.00
15449,2026-08-27,Ioane,Toyota,Hilux,2022,43300.00
15450,2026-08-27,Ioane,Mazda,BT-50,2017,35200.00
15451,2026-08-27,Ben,Honda,Civic,2021,22550.00
15452,2026-08-27,Eve,Kia,Sportage,2016,22550.00
15453,2026-08-28,Chloe,Toyota,Aqua,2019,14750.00
15454,2026-08-28,Mere,Kia,Sportage,2019,30550.00
15455,2026-08-28,Kiri,Toyota,Corolla,2016,15900.00
15456,2026-08-28,Hana,Holden,Commodore,2025,28850.00
15457,2026-08-28,Mere,Nissan,Leaf,2021,20650.00
15458,2026-08-28,Liam,Hyundai,Tucson,2019,25800.00
15459,2026-08-28,Jess,Mitsubishi,Triton,2016,30750.00
15460,2026-08-28,Mere,Mazda,CX-5,2017,30550.00
15461,2026-08-28,Ioane,Ford,Focus,2015,10800.00
15462,2026-08-28,Nikau,Kia,Sportage,2021,28950.00
15463,2026-08-28,Olivia,Kia,Sportage,2022,33950.00
15464,2026-08-28,Chloe,Hyundai,Tucson,2018,31500.00
15465,2026-08-28,Eve,Toyota,Yaris,2014,11800.00
15466,2026-08-28,Ioane,Toyota,Aqua,2014,11000.00
15467,2026-08-28,Ioane,Mazda,CX-5,2015,28050.00
15468,2026-08-28,Dan,Mazda,Demio,2019,8900.00
15469,2026-08-28,Finn,Volkswagen,Golf,2018,22200.00
15470,2026-08-28,Finn,Tesla,Model 3,2018,51150.00
15471,2026-08-28,Mere,Nissan,Navara,2019,35700.00
15472,2026-08-28,Liam,Subaru,Outback,2014,21900.00
15473,2026-08-29,Nikau,Mazda,BT-50,2021,42900.00
15474,2026-08-29,Ben,Mazda,Axela,2018,11500.00
15475,2026-08-29,Aroha,Toyota,Yaris,2012,9250.00
15476,2026-08-29,Nikau,Toyota,Hilux,2019,43950.00
15477,2026-08-29,Hana,Ford,Focus,2024,15300.00
15478,2026-08-29,Dan,Mazda,CX-5,2019,33750.00
15479,2026-08-29,Jess,Holden,Commodore,2013,14050.00
15480,2026-08-29,Dan,Toyota,Aqua,2014,8950.00
15481,2026-08-29,Hana,Mazda,CX-5,2018,26350.00
15482,2026-08-29,Hana,Mazda,CX-5,2013,20350.00
15483,2026-08-29,Chloe,Kia,Sportage,2013,19950.00
15484,2026-08-29,Ben,Toyota,Yaris,2015,11000.00
15485,2026-08-29,Eve,Tesla,Model 3,2019,52350.00
15486,2026-08-29,Ioane,Mitsubishi,Triton,2023,45000.00
15487,2026-08-29,Nikau,Mazda,BT-50,2021,38600.00
15488,2026-08-29,Jess,Volkswagen,Golf,2020,20850.00
15489,2026-08-29,Kiri,Toyota,Aqua,2025,14950.00
15490,2026-08-29,Ben,Honda,Civic,2019,17850.00
15491,2026-08-29,Mere,Mazda,Demio,2019,10400.00
15492,2026-08-29,Mere,Toyota,Hilux,2019,42900.00
15493,2026-08-29,Ioane,Subaru,Outback,2019,36450.00
15494,2026-08-29,Dan,Subaru,Forester,2022,37650.00
15495,2026-08-29,Finn,Ford,Focus,2017,11250.00
15496,2026-08-29,Olivia,Mazda,CX-5,2019,29850.00
15497,2026-08-29,Olivia,Mazda,BT-50,2021,36650.00
15498,2026-08-29,Liam,Nissan,Tiida,2015,7250.00
15499,2026-08-30,Nikau,Holden,Commodore,2024,29500.00
15500,2026-08-30,Ioane,Tesla,Model 3,2017,44550.00
15501,2026-08-30,Hana,Mitsubishi,Triton,2019,35400.00
15502,2026-08-30,Mere,Mazda,BT-50,2021,40550.00
15503,2026-08-30,Eve,Honda,Civic,2013,12600.00
15504,2026-08-30,Hana,Nissan,Navara,2019,36300.00
15505,2026-08-30,Kiri,Mazda,CX-5,2024,41750.00
15506,2026-08-30,Ioane,Mitsubishi,Triton,2015,26550.00
15507,2026-08-30,Dan,Mazda,CX-5,2014,24300.00
15508,2026-08-30,Eve,Volkswagen,Golf,2020,19650.00
15509,2026-08-30,Nikau,Suzuki,Swift,2025,16850.00
15510,2026-08-30,Olivia,Toyota,RAV4,2013,26250.00
15511,2026-08-30,Ioane,Subaru,Outback,2015,31450.00
15512,2026-08-30,Hana,Hyundai,Tucson,2020,34300.00
15513,2026-08-30,Dan,Nissan,Navara,2020,41350.00
15514,2026-08-30,Jess,Honda,CR-V,2022,29600.00
15515,2026-08-30,Mere,Volkswagen,Golf,2025,25750.00
15516,2026-08-30,Kiri,Mazda,Demio,2018,8700.00
15517,2026-08-30,Chloe,Mazda,Axela,2013,8400.00
15518,2026-08-30,Mere,Toyota,Yaris,2019,13900.00
15519,2026-08-30,Dan,Toyota,Hilux,2025,60950.00
15520,2026-08-30,Hana,Honda,Fit,2013,7000.00
15521,2026-08-30,Hana,Toyota,RAV4,2014,30300.00
15522,2026-08-30,Kiri,Toyota,Hilux,2017,34500.00
15523,2026-08-30,Kiri,Suzuki,Swift,2025,15800.00
15524,2026-08-30,Liam,Nissan,Leaf,2014,11300.00
15525,2026-08-30,Kiri,Mazda,Demio,2014,6700.00
15526,2026-08-30,Hana,Mazda,Demio,2024,10200.00
15527,2026-08-30,Aroha,Nissan,Tiida,2014,6550.00
15528,2026-08-30,Liam,Volkswagen,Golf,2012,12750.00
15529,2026-08-30,Ben,Mazda,BT-50,2012,22300.00
15530,2026-08-30,Ioane,Mitsubishi,Outlander,2025,46250.00
15531,2026-08-31,Liam,Toyota,Yaris,2015,12600.00
15532,2026-08-31,Mere,Toyota,Yaris,2017,14200.00
15533,2026-08-31,Finn,Honda,CR-V,2022,33650.00
15534,2026-08-31,Mere,Toyota,RAV4,2022,42500.00
15535,2026-08-31,Dan,Ford,Focus,2016,9200.00
15536,2026-08-31,Aroha,Volkswagen,Golf,2025,24500.00
15537,2026-08-31,Dan,Mazda,CX-5,2016,28950.00
15538,2026-08-31,Jess,Mitsubishi,Triton,2012,21150.00
15539,2026-08-31,Dan,Hyundai,Tucson,2021,28600.00
15540,2026-08-31,Dan,Mitsubishi,Outlander,2024,46600.00
15541,2026-08-31,Jess,Mitsubishi,Triton,2020,40750.00
15542,2026-08-31,Ioane,Nissan,Tiida,2014,5850.00
15543,2026-08-31,Eve,Honda,CR-V,2024,32050.00
15544,2026-08-31,Chloe,Mazda,CX-5,2013,20100.00
15545,2026-08-31,Ben,Mazda,Axela,2022,18050.00
15546,2026-09-01,Chloe,Toyota,RAV4,2025,45150.00
15547,2026-09-01,Chloe,Suzuki,Swift,2017,10800.00
15548,2026-09-01,Olivia,Mazda,Demio,2012,6050.00
15549,2026-09-01,Eve,Holden,Commodore,2023,29550.00
15550,2026-09-01,Olivia,Hyundai,Tucson,2013,20100.00
15551,2026-09-01,Eve,Volkswagen,Golf,2025,29550.00
15552,2026-09-01,Liam,Ford,Focus,2018,12900.00
15553,2026-09-01,Olivia,Mazda,BT-50,2014,30000.00
15554,2026-09-01,Jess,Toyota,Aqua,2018,11900.00
15555,2026-09-01,Nikau,Nissan,Tiida,2023,9500.00
15556,2026-09-01,Liam,Mazda,Axela,2012,7550.00
15557,2026-09-01,Hana,Kia,Sportage,2023,34650.00
15558,2026-09-01,Nikau,Mazda,CX-5,2015,24950.00
15559,2026-09-01,Hana,Toyota,Hilux,2013,28800.00
15560,2026-09-01,Ioane,Toyota,RAV4,2024,40150.00
15561,2026-09-01,Eve,Toyota,Aqua,2016,11600.00
15562,2026-09-01,Hana,Nissan,Navara,2014,24450.00
15563,2026-09-01,Jess,Toyota,Hilux,2021,51850.00
15564,2026-09-01,Dan,Mitsubishi,Triton,2012,21650.00
15565,2026-09-01,Mere,Mazda,Axela,2015,9950.00
15566,2026-09-01,Eve,Honda,Fit,2018,10650.00
15567,2026-09-01,Ioane,Mazda,Axela,2012,8100.00
15568,2026-09-01,Olivia,Toyota,Yaris,2020,15600.00
15569,2026-09-01,Aroha,Nissan,Tiida,2014,5700.00
15570,2026-09-01,Chloe,Toyota,Aqua,2014,10350.00
15571,2026-09-01,Mere,Toyota,RAV4,2021,38150.00
15572,2026-09-01,Ioane,Subaru,Outback,2017,29600.00
15573,2026-09-01,Ioane,Mazda,Axela,2025,17100.00
15574,2026-09-01,Dan,Ford,Ranger,2018,43800.00
15575,2026-09-01,Mere,Volkswagen,Golf,2012,12300.00
15576,2026-09-01,Finn,Mazda,BT-50,2018,36550.00
15577,2026-09-01,Jess,Volkswagen,Golf,2019,23100.00
15578,2026-09-01,Ioane,Toyota,Yaris,2016,12250.00
15579,2026-09-01,Ioane,Ford,Focus,2012,6650.00
15580,2026-09-01,Aroha,Volkswagen,Golf,2022,25900.00
15581,2026-09-02,Chloe,Subaru,Outback,2024,38500.00
15582,2026-09-02,Liam,Volkswagen,Golf,2013,12400.00
15583,2026-09-02,Olivia,Honda,Fit,2018,9800.00
15584,2026-09-02,Ioane,Ford,Ranger,2012,26500.00
15585,2026-09-02,Finn,Ford,Ranger,2025,59600.00
15586,2026-09-02,Ioane,Mazda,BT-50,2025,45500.00
15587,2026-09-02,Dan,Toyota,Aqua,2017,12900.00
15588,2026-09-02,Liam,Kia,Sportage,2022,34100.00
15589,2026-09-02,Jess,Nissan,Tiida,2023,9450.00
15590,2026-09-02,Eve,Mazda,Axela,2013,10550.00
15591,2026-09-02,Hana,Hyundai,Tucson,2020,28650.00
15592,2026-09-02,Eve,Mitsubishi,Triton,2017,32550.00
15593,2026-09-02,Eve,Nissan,Navara,2022,45500.00
15594,2026-09-02,Dan,Toyota,Hilux,2020,38300.00
15595,2026-09-02,Mere,Hyundai,Tucson,2016,23950.00
15596,2026-09-02,Mere,Subaru,Outback,2023,38750.00
15597,2026-09-02,Hana,Toyota,RAV4,2023,45050.00
15598,2026-09-02,Jess,Suzuki,Swift,2022,15700.00
15599,2026-09-02,Nikau,Toyota,Hilux,2023,56200.00
15600,2026-09-02,Eve,Toyota,Yaris,2021,17150.00
15601,2026-09-02,Dan,Mazda,CX-5,2013,24200.00
15602,2026-09-02,Dan,Mazda,BT-50,2013,25950.00
15603,2026-09-02,Ioane,Kia,Sportage,2012,15700.00
15604,2026-09-02,Liam,Toyota,RAV4,2020,32850.00
15605,2026-09-02,Finn,Ford,Ranger,2020,51000.00
15606,2026-09-02,Jess,Mazda,BT-50,2014,31600.00
15607,2026-09-02,Liam,Mazda,CX-5,2019,29950.00
15608,2026-09-02,Aroha,Toyota,Yaris,2018,12400.00
15609,2026-09-02,Jess,Toyota,Corolla,2022,20350.00
15610,2026-09-02,Mere,Nissan,Leaf,2013,11850.00
15611,2026-09-03,Chloe,Holden,Commodore,2025,28800.00
15612,2026-09-03,Mere,Honda,CR-V,2015,26300.00
15613,2026-09-03,Olivia,Honda,Civic,2014,13550.00
15614,2026-09-03,Jess,Mitsubishi,Triton,2020,39950.00
15615,2026-09-03,Liam,Mazda,BT-50,2023,51700.00
15616,2026-09-03,Hana,Toyota,Hilux,2015,31300.00
15617,2026-09-03,Dan,Subaru,Outback,2015,25250.00
15618,2026-09-03,Finn,Mitsubishi,Outlander,2022,40750.00
15619,2026-09-03,Mere,Volkswagen,Golf,2025,23300.00
15620,2026-09-03,Jess,Ford,Focus,2013,7600.00
15621,2026-09-03,Olivia,Nissan,Tiida,2024,10500.00
15622,2026-09-03,Chloe,Mazda,CX-5,2023,39300.00
15623,2026-09-03,Liam,Mitsubishi,Outlander,2021,34650.00
15624,2026-09-03,Nikau,Ford,Focus,2020,11650.00
15625,2026-09-03,Ben,Toyota,RAV4,2012,24500.00
15626,2026-09-03,Ioane,Mazda,Axela,2017,13000.00
15627,2026-09-03,Liam,Mazda,BT-50,2013,25000.00
15628,2026-09-03,Mere,Subaru,Outback,2016,30650.00
15629,2026-09-03,Liam,Nissan,Tiida,2015,5950.00
15630,2026-09-03,Eve,Mazda,Axela,2023,16500.00
15631,2026-09-03,Chloe,Tesla,Model 3,2022,62550.00
15632,2026-09-03,Liam,Tesla,Model 3,2014,31850.00
15633,2026-09-03,Aroha,Toyota,RAV4,2024,47050.00
15634,2026-09-03,Chloe,Toyota,Aqua,2020,13450.00
15635,2026-09-03,Mere,Ford,Focus,2012,8750.00
15636,2026-09-04,Liam,Mazda,BT-50,2014,27700.00
15637,2026-09-04,Kiri,Honda,Civic,2012,12100.00
15638,2026-09-04,Jess,Toyota,Yaris,2013,9350.00
15639,2026-09-04,Aroha,Toyota,Aqua,2017,9900.00
15640,2026-09-04,Finn,Nissan,Navara,2024,52250.00
15641,2026-09-04,Chloe,Toyota,Yaris,2025,18200.00
15642,2026-09-04,Finn,Nissan,Navara,2025,48550.00
15643,2026-09-04,Kiri,Mazda,CX-5,2016,23250.00
15644,2026-09-04,Mere,Toyota,Aqua,2021,16450.00
15645,2026-09-04,Liam,Mazda,BT-50,2024,53200.00
15646,2026-09-04,Liam,Nissan,Tiida,2021,7750.00
15647,2026-09-04,Hana,Volkswagen,Golf,2013,13050.00
15648,2026-09-04,Eve,Toyota,Yaris,2018,14150.00
15649,2026-09-04,Jess,Holden,Commodore,2021,24000.00
15650,2026-09-04,Ioane,Toyota,Aqua,2014,9450.00
15651,2026-09-04,Hana,Volkswagen,Golf,2024,29600.00
15652,2026-09-04,Liam,Ford,Ranger,2013,35150.00
15653,2026-09-04,Ioane,Mitsubishi,Triton,2022,44050.00
15654,2026-09-04,Olivia,Toyota,Hilux,2014,29000.00
15655,2026-09-04,Dan,Mazda,BT-50,2021,46800.00
15656,2026-09-04,Ben,Hyundai,Tucson,2014,19850.00
15657,2026-09-04,Liam,Tesla,Model 3,2013,33000.00
15658,2026-09-04,Olivia,Mazda,CX-5,2019,29900.00
15659,2026-09-04,Kiri,Toyota,Yaris,2023,17250.00
15660,2026-09-05,Chloe,Toyota,Yaris,2012,9700.00
15661,2026-09-05,Olivia,Mazda,Axela,2023,17300.00
15662,2026-09-05,Eve,Toyota,Hilux,2018,38600.00
15663,2026-09-05,Mere,Ford,Focus,2014,7650.00
15664,2026-09-05,Eve,Subaru,Outback,2013,24850.00
15665,2026-09-05,Mere,Mazda,Axela,2016,10000.00
15666,2026-09-05,Nikau,Ford,Ranger,2022,57300.00
15667,2026-09-05,Eve,Mazda,BT-50,2017,31900.00
15668,2026-09-05,Jess,Toyota,Yaris,2016,13450.00
15669,2026-09-05,Chloe,Mazda,Demio,2017,8750.00
15670,2026-09-05,Finn,Nissan,Tiida,2025,9400.00
15671,2026-09-05,Olivia,Ford,Focus,2023,16500.00
15672,2026-09-05,Mere,Mitsubishi,Triton,2022,41350.00
15673,2026-09-05,Finn,Toyota,RAV4,2012,23500.00
15674,2026-09-05,Liam,Ford,Ranger,2012,32200.00
15675,2026-09-05,Aroha,Kia,Sportage,2023,38100.00
15676,2026-09-05,Olivia,Mitsubishi,Triton,2019,40050.00
15677,2026-09-05,Dan,Honda,Fit,2017,11000.00
15678,2026-09-05,Jess,Mitsubishi,Triton,2013,25900.00
15679,2026-09-05,Ioane,Holden,Commodore,2022,27500.00
15680,2026-09-05,Kiri,Hyundai,Tucson,2021,37500.00
15681,2026-09-05,Olivia,Honda,CR-V,2024,31700.00
15682,2026-09-05,Kiri,Hyundai,Tucson,2016,28800.00
15683,2026-09-05,Finn,Mitsubishi,Triton,2018,33900.00
15684,2026-09-05,Olivia,Mazda,BT-50,2021,39250.00
15685,2026-09-06,Kiri,Mazda,Demio,2013,6600.00
15686,2026-09-06,Liam,Nissan,Navara,2018,37150.00
15687,2026-09-06,Aroha,Honda,Fit,2023,14200.00
15688,2026-09-06,Dan,Toyota,Hilux,2015,32500.00
15689,2026-09-06,Mere,Hyundai,Tucson,2018,31800.00
15690,2026-09-06,Ioane,Mazda,CX-5,2015,23450.00
15691,2026-09-06,Aroha,Toyota,Yaris,2025,16700.00
15692,2026-09-06,Dan,Hyundai,Tucson,2021,31050.00
15693,2026-09-06,Jess,Mazda,BT-50,2014,30250.00
15694,2026-09-06,Finn,Mazda,CX-5,2015,22250.00
15695,2026-09-06,Nikau,Ford,Focus,2023,12700.00
15696,2026-09-06,Hana,Mazda,BT-50,2014,24700.00
15697,2026-09-06,Dan,Ford,Focus,2017,9900.00
15698,2026-09-06,Ioane,Subaru,Outback,2022,37000.00
15699,2026-09-06,Dan,Toyota,RAV4,2014,24250.00
15700,2026-09-06,Chloe,Hyundai,Tucson,2013,22050.00
15701,2026-09-06,Ioane,Volkswagen,Golf,2012,14100.00
15702,2026-09-06,Kiri,Subaru,Outback,2018,28650.00
15703,2026-09-06,Mere,Subaru,Outback,2012,23450.00
15704,2026-09-06,Jess,Toyota,Aqua,2022,12750.00
15705,2026-09-06,Liam,Mazda,BT-50,2019,38100.00
15706,2026-09-06,Eve,Tesla,Model 3,2016,44050.00
15707,2026-09-06,Olivia,Tesla,Model 3,2025,60800.00
15708,2026-09-06,Dan,Toyota,Yaris,2021,15500.00
15709,2026-09-06,Olivia,Honda,CR-V,2022,32600.00
15710,2026-09-06,Olivia,Holden,Commodore,2020,22350.00
15711,2026-09-06,Ioane,Toyota,Aqua,2012,7950.00
15712,2026-09-07,Olivia,Mazda,BT-50,2020,37300.00
15713,2026-09-07,Eve,Toyota,Yaris,2017,12900.00
15714,2026-09-07,Liam,Mitsubishi,Triton,2021,37800.00
15715,2026-09-07,Liam,Mitsubishi,Triton,2012,22500.00
15716,2026-09-07,Chloe,Mazda,Demio,2023,12850.00
15717,2026-09-07,Kiri,Toyota,Hilux,2014,34750.00
15718,2026-09-07,Hana,Toyota,RAV4,2024,47800.00
15719,2026-09-07,Finn,Toyota,Aqua,2017,12900.00
15720,2026-09-07,Mere,Mazda,Axela,2018,13700.00
15721,2026-09-07,Chloe,Honda,CR-V,2013,18250.00
15722,2026-09-07,Olivia,Mitsubishi,Triton,2013,27750.00
15723,2026-09-07,Liam,Honda,CR-V,2025,36600.00
15724,2026-09-07,Mere,Toyota,RAV4,2017,28800.00
15725,2026-09-07,Ioane,Honda,Fit,2013,7100.00
15726,2026-09-07,Mere,Nissan,Tiida,2016,5950.00
15727,2026-09-07,Ben,Toyota,RAV4,2022,38950.00
15728,2026-09-07,Olivia,Kia,Sportage,2014,21750.00
15729,2026-09-07,Liam,Mitsubishi,Triton,2019,35250.00
15730,2026-09-07,Finn,Mazda,CX-5,2017,23750.00
15731,2026-09-07,Mere,Toyota,Yaris,2014,11450.00
15732,2026-09-07,Ben,Suzuki,Swift,2019,13200.00
15733,2026-09-07,Jess,Volkswagen,Golf,2019,23250.00
15734,2026-09-07,Jess,Nissan,Leaf,2025,21800.00
15735,2026-09-07,Hana,Kia,Sportage,2019,27050.00
15736,2026-09-07,Mere,Mazda,BT-50,2013,24550.00
15737,2026-09-07,Jess,Holden,Commodore,2022,28750.00
15738,2026-09-07,Mere,Mitsubishi,Triton,2022,45350.00
15739,2026-09-07,Olivia,Nissan,Leaf,2024,22550.00
15740,2026-09-07,Dan,Tesla,Model 3,2014,37800.00
15741,2026-09-07,Aroha,Kia,Sportage,2024,34100.00
15742,2026-09-07,Jess,Mazda,Axela,2014,10400.00
15743,2026-09-07,Jess,Toyota,Yaris,2023,19050.00
15744,2026-09-07,Eve,Mazda,Axela,2014,10500.00
15745,2026-09-07,Liam,Mazda,Axela,2019,14700.00
15746,2026-09-07,Finn,Kia,Sportage,2021,31350.00
15747,2026-09-08,Hana,Ford,Ranger,2017,45600.00
15748,2026-09-08,Liam,Suzuki,Swift,2015,10100.00
15749,2026-09-08,Chloe,Ford,Focus,2021,13300.00
15750,2026-09-08,Nikau,Honda,Civic,2013,11250.00
15751,2026-09-08,Jess,Mitsubishi,Triton,2015,29100.00
15752,2026-09-08,Nikau,Mazda,Axela,2018,12000.00
15753,2026-09-08,Dan,Holden,Commodore,2024,32000.00
15754,2026-09-08,Finn,Ford,Focus,2014,10250.00
15755,2026-09-08,Chloe,Toyota,Yaris,2022,18350.00
15756,2026-09-08,Mere,Ford,Ranger,2023,51800.00
15757,2026-09-08,Eve,Ford,Ranger,2023,54250.00
15758,2026-09-08,Dan,Nissan,Leaf,2017,14250.00
15759,2026-09-08,Dan,Kia,Sportage,2012,17600.00
15760,2026-09-08,Chloe,Ford,Ranger,2014,29500.00
15761,2026-09-08,Liam,Toyota,Corolla,2013,13350.00
15762,2026-09-08,Hana,Nissan,Leaf,2014,13500.00
15763,2026-09-08,Ioane,Honda,Civic,2016,15500.00
15764,2026-09-08,Mere,Toyota,Yaris,2021,18150.00
15765,2026-09-08,Aroha,Toyota,Aqua,2016,10550.00
15766,2026-09-08,Liam,Toyota,Hilux,2023,51100.00
15767,2026-09-08,Eve,Subaru,Outback,2017,34750.00
15768,2026-09-08,Olivia,Nissan,Navara,2025,53750.00
15769,2026-09-08,Nikau,Mazda,CX-5,2019,31150.00
15770,2026-09-08,Ioane,Toyota,Yaris,2021,16650.00
15771,2026-09-08,Nikau,Ford,Ranger,2016,37100.00
15772,2026-09-08,Jess,Honda,Fit,2012,6700.00
15773,2026-09-09,Finn,Honda,Civic,2012,11250.00
15774,2026-09-09,Ioane,Suzuki,Swift,2023,15350.00
15775,2026-09-09,Liam,Holden,Commodore,2017,21800.00
15776,2026-09-09,Mere,Toyota,RAV4,2025,44700.00
15777,2026-09-09,Kiri,Kia,Sportage,2022,35550.00
15778,2026-09-09,Mere,Nissan,Leaf,2019,18850.00
15779,2026-09-09,Hana,Tesla,Model 3,2013,32850.00
15780,2026-09-09,Liam,Honda,CR-V,2020,35450.00
15781,2026-09-09,Ben,Toyota,Aqua,2013,8600.00
15782,2026-09-09,Aroha,Ford,Ranger,2017,37000.00
15783,2026-09-09,Hana,Mazda,BT-50,2014,30500.00
15784,2026-09-09,Olivia,Tesla,Model 3,2019,52200.00
15785,2026-09-09,Ioane,Volkswagen,Golf,2023,24300.00
15786,2026-09-09,Liam,Toyota,Hilux,2019,38100.00
15787,2026-09-09,Eve,Hyundai,Tucson,2020,28350.00
15788,2026-09-09,Kiri,Nissan,Leaf,2013,10700.00
15789,2026-09-09,Hana,Toyota,RAV4,2014,26400.00
15790,2026-09-09,Mere,Mazda,CX-5,2015,26800.00
15791,2026-09-09,Ben,Mazda,CX-5,2018,29000.00
15792,2026-09-09,Dan,Mazda,CX-5,2025,42050.00
15793,2026-09-09,Eve,Suzuki,Swift,2024,18500.00
15794,2026-09-09,Dan,Mitsubishi,Triton,2014,26250.00
15795,2026-09-09,Kiri,Nissan,Navara,2022,40700.00
15796,2026-09-09,Olivia,Hyundai,Tucson,2017,30750.00
15797,2026-09-09,Nikau,Ford,Ranger,2025,53000.00
15798,2026-09-09,Chloe,Mazda,Demio,2014,7800.00
15799,2026-09-09,Chloe,Mazda,BT-50,2022,50300.00
15800,2026-09-09,Kiri,Kia,Sportage,2017,21800.00
15801,2026-09-09,Dan,Suzuki,Swift,2014,9450.00
15802,2026-09-09,Olivia,Mitsubishi,Triton,2024,42050.00
15803,2026-09-09,Hana,Nissan,Navara,2017,31100.00
15804,2026-09-10,Hana,Toyota,Hilux,2014,35300.00
15805,2026-09-10,Mere,Mitsubishi,Outlander,2018,35200.00
15806,2026-09-10,Olivia,Mitsubishi,Outlander,2012,18100.00
15807,2026-09-10,Ben,Honda,Civic,2016,14700.00
15808,2026-09-10,Finn,Mazda,CX-5,2016,28750.00
15809,2026-09-10,Liam,Nissan,Leaf,2018,16200.00
15810,2026-09-10,Finn,Tesla,Model 3,2021,49750.00
15811,2026-09-10,Eve,Hyundai,Tucson,2016,29350.00
15812,2026-09-10,Kiri,Ford,Focus,2020,12450.00
15813,2026-09-10,Eve,Nissan,Navara,2016,30950.00
15814,2026-09-10,Hana,Honda,CR-V,2016,25000.00
15815,2026-09-10,Olivia,Subaru,Outback,2023,43050.00
15816,2026-09-10,Liam,Volkswagen,Golf,2014,15550.00
15817,2026-09-10,Ben,Honda,Fit,2024,13950.00
15818,2026-09-10,Ioane,Kia,Sportage,2020,26250.00
15819,2026-09-10,Finn,Suzuki,Swift,2019,15900.00
15820,2026-09-10,Ben,Tesla,Model 3,2021,58200.00
15821,2026-09-10,Finn,Subaru,Outback,2022,37500.00
15822,2026-09-10,Chloe,Honda,Fit,2017,8600.00
15823,2026-09-10,Liam,Toyota,Yaris,2012,8850.00
15824,2026-09-10,Ioane,Toyota,RAV4,2021,41800.00
15825,2026-09-10,Dan,Nissan,Navara,2022,43800.00
15826,2026-09-10,Finn,Nissan,Leaf,2017,15900.00
15827,2026-09-10,Finn,Nissan,Tiida,2014,6000.00
15828,2026-09-10,Aroha,Subaru,Outback,2020,39250.00
15829,2026-09-10,Nikau,Toyota,RAV4,2012,24850.00
15830,2026-09-10,Dan,Suzuki,Swift,2012,8000.00
15831,2026-09-10,Kiri,Volkswagen,Golf,2021,25950.00
15832,2026-09-10,Mere,Honda,Fit,2017,9650.00
15833,2026-09-10,Ben,Toyota,RAV4,2019,32900.00
15834,2026-09-10,Ioane,Mazda,CX-5,2013,19500.00
15835,2026-09-10,Chloe,Ford,Ranger,2023,61400.00
15836,2026-09-10,Ioane,Ford,Ranger,2017,44500.00
15837,2026-09-10,Eve,Mazda,Axela,2019,12650.00
15838,2026-09-10,Olivia,Volkswagen,Golf,2014,17350.00
15839,2026-09-10,Jess,Toyota,Hilux,2016,34100.00
15840,2026-09-11,Chloe,Ford,Ranger,2023,47000.00
15841,2026-09-11,Nikau,Ford,Focus,2014,10200.00
15842,2026-09-11,Kiri,Mazda,CX-5,2021,30750.00
15843,2026-09-11,Liam,Mazda,CX-5,2021,38050.00
15844,2026-09-11,Eve,Mazda,Axela,2013,10700.00
15845,2026-09-11,Chloe,Mitsubishi,Triton,2020,34350.00
15846,2026-09-11,Mere,Toyota,Yaris,2025,20250.00
15847,2026-09-11,Dan,Honda,CR-V,2024,38700.00
15848,2026-09-11,Finn,Nissan,Navara,2017,31400.00
15849,2026-09-11,Finn,Ford,Focus,2014,8900.00
15850,2026-09-11,Finn,Mitsubishi,Triton,2023,42150.00
15851,2026-09-11,Eve,Mazda,CX-5,2023,42950.00
15852,2026-09-11,Nikau,Honda,CR-V,2022,38500.00
15853,2026-09-11,Hana,Mazda,Axela,2019,15850.00
15854,2026-09-11,Mere,Honda,CR-V,2014,19600.00
15855,2026-09-11,Nikau,Mitsubishi,Triton,2025,52800.00
15856,2026-09-11,Nikau,Mitsubishi,Triton,2017,27600.00
15857,2026-09-11,Nikau,Nissan,Tiida,2019,7350.00
15858,2026-09-11,Aroha,Subaru,Outback,2023,36150.00
15859,2026-09-12,Mere,Ford,Ranger,2022,51300.00
15860,2026-09-12,Ioane,Volkswagen,Golf,2013,12450.00
15861,2026-09-12,Dan,Tesla,Model 3,2013,37950.00
15862,2026-09-12,Eve,Ford,Focus,2021,13100.00
15863,2026-09-12,Dan,Honda,CR-V,2019,26400.00
15864,2026-09-12,Ben,Ford,Focus,2016,9900.00
15865,2026-09-12,Hana,Tesla,Model 3,2016,36100.00
15866,2026-09-12,Mere,Mazda,BT-50,2025,49650.00
15867,2026-09-12,Finn,Honda,Civic,2017,16350.00
15868,2026-09-12,Hana,Mazda,BT-50,2019,38300.00
15869,2026-09-12,Mere,Toyota,Aqua,2024,15800.00
15870,2026-09-12,Dan,Toyota,Yaris,2017,12150.00
15871,2026-09-12,Kiri,Honda,CR-V,2015,24900.00
15872,2026-09-12,Eve,Kia,Sportage,2020,32500.00
15873,2026-09-12,Liam,Hyundai,Tucson,2018,29000.00
15874,2026-09-12,Ben,Subaru,Forester,2020,33250.00
15875,2026-09-12,Ioane,Subaru,Outback,2020,32700.00
15876,2026-09-12,Jess,Honda,Civic,2017,13950.00
15877,2026-09-12,Ioane,Toyota,Yaris,2023,15850.00
15878,2026-09-12,Kiri,Hyundai,Tucson,2024,36450.00
15879,2026-09-12,Chloe,Toyota,RAV4,2025,51500.00
15880,2026-09-12,Liam,Ford,Focus,2022,14600.00
15881,2026-09-12,Dan,Kia,Sportage,2019,30600.00
15882,2026-09-12,Eve,Mazda,CX-5,2021,29300.00
15883,2026-09-12,Eve,Nissan,Navara,2012,26100.00
15884,2026-09-12,Eve,Nissan,Leaf,2025,24400.00
15885,2026-09-12,Jess,Ford,Ranger,2022,46000.00
15886,2026-09-12,Chloe,Toyota,Hilux,2021,48900.00
15887,2026-09-13,Jess,Mazda,CX-5,2017,29200.00
15888,2026-09-13,Aroha,Mazda,CX-5,2012,22200.00
15889,2026-09-13,Aroha,Hyundai,Tucson,2016,27050.00
15890,2026-09-13,Aroha,Ford,Focus,2013,9250.00
15891,2026-09-13,Chloe,Toyota,Hilux,2020,49450.00
15892,2026-09-13,Chloe,Subaru,Outback,2013,26000.00
15893,2026-09-13,Ioane,Honda,Civic,2024,20200.00
15894,2026-09-13,Eve,Toyota,Hilux,2022,41200.00
15895,2026-09-13,Ioane,Volkswagen,Golf,2016,15200.00
15896,2026-09-13,Olivia,Tesla,Model 3,2019,48400.00
15897,2026-09-13,Dan,Mitsubishi,Triton,2023,46050.00
15898,2026-09-13,Dan,Mazda,CX-5,2014,25150.00
15899,2026-09-13,Ben,Hyundai,Tucson,2017,30450.00
15900,2026-09-13,Liam,Nissan,Navara,2021,43550.00
15901,2026-09-13,Kiri,Mazda,CX-5,2018,25600.00
15902,2026-09-13,Eve,Mitsubishi,Triton,2012,25350.00
15903,2026-09-13,Mere,Mitsubishi,Triton,2020,37150.00
15904,2026-09-13,Liam,Mitsubishi,Triton,2015,31500.00
15905,2026-09-13,Chloe,Volkswagen,Golf,2013,15100.00
15906,2026-09-13,Eve,Ford,Focus,2013,8500.00
15907,2026-09-13,Chloe,Toyota,Hilux,2017,37700.00
15908,2026-09-13,Finn,Tesla,Model 3,2025,60600.00
15909,2026-09-13,Ioane,Nissan,Navara,2013,23750.00
15910,2026-09-13,Ben,Mazda,CX-5,2015,27650.00
15911,2026-09-13,Liam,Kia,Sportage,2013,18350.00
15912,2026-09-13,Liam,Subaru,Forester,2019,34600.00
15913,2026-09-13,Liam,Toyota,Yaris,2023,19150.00
15914,2026-09-13,Finn,Mitsubishi,Triton,2017,34300.00
15915,2026-09-13,Aroha,Tesla,Model 3,2012,28000.00
15916,2026-09-13,Chloe,Ford,Ranger,2014,37050.00
15917,2026-09-13,Chloe,Volkswagen,Golf,2025,30000.00
15918,2026-09-14,Hana,Kia,Sportage,2012,20550.00
15919,2026-09-14,Aroha,Honda,Fit,2021,11100.00
15920,2026-09-14,Nikau,Ford,Focus,2019,11350.00
15921,2026-09-14,Dan,Subaru,Forester,2014,25050.00
15922,2026-09-14,Olivia,Nissan,Leaf,2012,9300.00
15923,2026-09-14,Chloe,Mazda,BT-50,2021,42650.00
15924,2026-09-14,Mere,Toyota,Aqua,2012,7500.00
15925,2026-09-14,Ioane,Ford,Focus,2020,11750.00
15926,2026-09-14,Dan,Ford,Ranger,2017,39900.00
15927,2026-09-14,Hana,Toyota,Hilux,2022,43100.00
15928,2026-09-14,Dan,Tesla,Model 3,2017,50600.00
15929,2026-09-14,Mere,Kia,Sportage,2025,37550.00
15930,2026-09-14,Ioane,Honda,CR-V,2020,28550.00
15931,2026-09-14,Kiri,Mitsubishi,Outlander,2016,28000.00
15932,2026-09-14,Chloe,Tesla,Model 3,2015,41500.00
15933,2026-09-14,Mere,Honda,CR-V,2012,21200.00
15934,2026-09-14,Olivia,Mazda,CX-5,2018,32500.00
15935,2026-09-14,Dan,Suzuki,Swift,2025,19650.00
15936,2026-09-14,Hana,Honda,Fit,2023,12200.00
15937,2026-09-14,Ioane,Ford,Focus,2025,17600.00
15938,2026-09-14,Chloe,Hyundai,Tucson,2025,40550.00
15939,2026-09-14,Chloe,Toyota,Aqua,2023,17650.00
15940,2026-09-14,Jess,Volkswagen,Golf,2022,21750.00
15941,2026-09-14,Mere,Tesla,Model 3,2022,63950.00
15942,2026-09-14,Hana,Ford,Ranger,2020,45600.00
15943,2026-09-14,Kiri,Honda,Civic,2018,15250.00
15944,2026-09-14,Mere,Mazda,CX-5,2013,21050.00
15945,2026-09-14,Hana,Tesla,Model 3,2019,47500.00
15946,2026-09-15,Hana,Mazda,CX-5,2013,22100.00
15947,2026-09-15,Dan,Mazda,Axela,2016,10900.00
15948,2026-09-15,Eve,Mazda,Demio,2012,5850.00
15949,2026-09-15,Eve,Toyota,Hilux,2018,40050.00
15950,2026-09-15,Jess,Ford,Ranger,2016,41900.00
15951,2026-09-15,Nikau,Mitsubishi,Outlander,2025,48350.00
15952,2026-09-15,Mere,Toyota,RAV4,2024,44950.00
15953,2026-09-15,Mere,Nissan,Navara,2023,52650.00
15954,2026-09-15,Mere,Mazda,BT-50,2021,41950.00
15955,2026-09-15,Hana,Ford,Ranger,2025,63350.00
15956,2026-09-15,Ioane,Holden,Commodore,2017,23200.00
15957,2026-09-15,Chloe,Mitsubishi,Triton,2014,28950.00
15958,2026-09-15,Hana,Ford,Focus,2019,11450.00
15959,2026-09-15,Finn,Toyota,RAV4,2021,38050.00
15960,2026-09-15,Ioane,Mazda,CX-5,2020,37600.00
15961,2026-09-15,Chloe,Kia,Sportage,2016,26300.00
15962,2026-09-15,Ioane,Tesla,Model 3,2014,41900.00
15963,2026-09-15,Olivia,Toyota,Yaris,2016,13000.00
15964,2026-09-15,Liam,Toyota,Yaris,2016,13900.00
15965,2026-09-15,Ioane,Toyota,Yaris,2020,13850.00
15966,2026-09-15,Kiri,Mitsubishi,Triton,2014,24800.00
15967,2026-09-15,Chloe,Mazda,Demio,2012,6550.00
15968,2026-09-15,Finn,Holden,Commodore,2014,15600.00
15969,2026-09-15,Dan,Subaru,Outback,2021,37700.00
15970,2026-09-15,Jess,Ford,Ranger,2023,61550.00
15971,2026-09-15,Ioane,Toyota,Hilux,2019,44850.00
15972,2026-09-15,Chloe,Volkswagen,Golf,2022,21400.00
15973,2026-09-15,Ioane,Toyota,Aqua,2015,10200.00
15974,2026-09-15,Finn,Ford,Focus,2018,11750.00
15975,2026-09-15,Mere,Volkswagen,Golf,2013,14050.00
15976,2026-09-15,Olivia,Mazda,Demio,2015,6600.00
15977,2026-09-15,Hana,Mazda,CX-5,2019,35450.00
15978,2026-09-16,Jess,Honda,Civic,2017,14200.00
15979,2026-09-16,Ioane,Toyota,RAV4,2012,24650.00
15980,2026-09-16,Chloe,Honda,CR-V,2012,20000.00
15981,2026-09-16,Jess,Kia,Sportage,2025,33200.00
15982,2026-09-16,Hana,Hyundai,Tucson,2017,23100.00
15983,2026-09-16,Hana,Honda,Fit,2015,9650.00
15984,2026-09-16,Jess,Honda,CR-V,2019,30950.00
15985,2026-09-16,Ioane,Mitsubishi,Triton,2015,28450.00
15986,2026-09-16,Ioane,Nissan,Navara,2021,45850.00
15987,2026-09-16,Liam,Toyota,Aqua,2020,12750.00
15988,2026-09-16,Dan,Ford,Ranger,2023,60250.00
15989,2026-09-16,Hana,Nissan,Navara,2013,25350.00
15990,2026-09-16,Dan,Toyota,RAV4,2020,40050.00
15991,2026-09-16,Eve,Honda,Civic,2016,17400.00
15992,2026-09-16,Chloe,Tesla,Model 3,2015,40250.00
15993,2026-09-16,Dan,Mazda,BT-50,2025,44700.00
15994,2026-09-16,Kiri,Honda,CR-V,2025,39600.00
15995,2026-09-16,Chloe,Suzuki,Swift,2016,12400.00
15996,2026-09-16,Jess,Toyota,Hilux,2017,40050.00
15997,2026-09-16,Eve,Hyundai,Tucson,2018,28550.00
15998,2026-09-16,Ioane,Toyota,Yaris,2014,10400.00
15999,2026-09-16,Eve,Kia,Sportage,2019,32200.00
16000,2026-09-16,Liam,Hyundai,Tucson,2021,31450.00
16001,2026-09-16,Liam,Honda,CR-V,2015,25850.00
16002,2026-09-16,Eve,Mazda,CX-5,2013,20150.00
16003,2026-09-16,Kiri,Toyota,Yaris,2023,18600.00
16004,2026-09-17,Hana,Mazda,BT-50,2017,35800.00
16005,2026-09-17,Hana,Tesla,Model 3,2025,73750.00
16006,2026-09-17,Eve,Mitsubishi,Triton,2012,21800.00
16007,2026-09-17,Chloe,Kia,Sportage,2022,35500.00
16008,2026-09-17,Hana,Nissan,Leaf,2019,15700.00
16009,2026-09-17,Ioane,Volkswagen,Golf,2016,16400.00
16010,2026-09-17,Ioane,Ford,Ranger,2022,44750.00
16011,2026-09-17,Chloe,Toyota,Aqua,2016,11400.00
16012,2026-09-17,Finn,Nissan,Leaf,2013,12650.00
16013,2026-09-17,Liam,Suzuki,Swift,2015,11250.00
16014,2026-09-17,Chloe,Ford,Ranger,2014,29700.00
16015,2026-09-17,Jess,Mazda,BT-50,2013,25750.00
16016,2026-09-17,Hana,Toyota,Aqua,2013,8700.00
16017,2026-09-17,Hana,Hyundai,Tucson,2022,30400.00
16018,2026-09-17,Ioane,Subaru,Outback,2020,41050.00
16019,2026-09-17,Chloe,Suzuki,Swift,2016,11100.00
16020,2026-09-17,Finn,Mazda,BT-50,2019,37600.00
16021,2026-09-17,Dan,Mitsubishi,Triton,2023,40050.00
16022,2026-09-17,Ioane,Suzuki,Swift,2015,11150.00
16023,2026-09-17,Nikau,Toyota,RAV4,2015,27350.00
16024,2026-09-17,Olivia,Kia,Sportage,2018,28150.00
16025,2026-09-17,Dan,Toyota,Yaris,2022,16000.00
16026,2026-09-17,Dan,Ford,Focus,2022,12900.00
16027,2026-09-17,Jess,Kia,Sportage,2017,27650.00
16028,2026-09-17,Finn,Suzuki,Swift,2017,11700.00
16029,2026-09-17,Ben,Ford,Focus,2018,10500.00
16030,2026-09-17,Mere,Honda,Fit,2024,14950.00
16031,2026-09-17,Ioane,Mazda,BT-50,2021,36750.00
16032,2026-09-17,Olivia,Nissan,Navara,2023,49450.00
16033,2026-09-17,Aroha,Toyota,RAV4,2013,27250.00
16034,2026-09-17,Eve,Toyota,RAV4,2015,29550.00
16035,2026-09-17,Mere,Honda,CR-V,2017,23850.00
16036,2026-09-17,Finn,Ford,Ranger,2019,40950.00
16037,2026-09-17,Eve,Hyundai,Tucson,2013,21300.00
16038,2026-09-17,Chloe,Hyundai,Tucson,2018,32750.00
16039,2026-09-17,Mere,Ford,Ranger,2018,43300.00
16040,2026-09-17,Finn,Hyundai,Tucson,2017,25950.00
16041,2026-09-17,Finn,Honda,CR-V,2013,19700.00
16042,2026-09-17,Liam,Tesla,Model 3,2016,39600.00
16043,2026-09-17,Dan,Honda,Fit,2021,13600.00
16044,2026-09-17,Hana,Mazda,Demio,2021,9950.00
16045,2026-09-17,Finn,Mitsubishi,Outlander,2018,35050.00
16046,2026-09-17,Dan,Ford,Ranger,2018,48600.00
16047,2026-09-17,Hana,Toyota,Hilux,2013,25950.00
16048,2026-09-17,Aroha,Tesla,Model 3,2019,56050.00
16049,2026-09-18,Ioane,Volkswagen,Golf,2020,22250.00
16050,2026-09-18,Liam,Honda,CR-V,2022,37800.00
16051,2026-09-18,Ben,Mitsubishi,Triton,2023,45100.00
16052,2026-09-18,Mere,Toyota,RAV4,2019,31800.00
16053,2026-09-18,Eve,Toyota,Hilux,2014,27000.00
16054,2026-09-18,Finn,Honda,Civic,2018,17900.00
16055,2026-09-18,Finn,Kia,Sportage,2014,18600.00
16056,2026-09-18,Olivia,Honda,Civic,2017,14100.00
16057,2026-09-18,Finn,Hyundai,Tucson,2016,24700.00
16058,2026-09-18,Nikau,Kia,Sportage,2019,24600.00
16059,2026-09-18,Dan,Toyota,Corolla,2025,26150.00
16060,2026-09-18,Dan,Honda,Fit,2018,10000.00
16061,2026-09-18,Finn,Ford,Ranger,2012,28300.00
16062,2026-09-18,Kiri,Tesla,Model 3,2021,51500.00
16063,2026-09-18,Eve,Nissan,Leaf,2017,15500.00
16064,2026-09-18,Hana,Toyota,Corolla,2024,21850.00
16065,2026-09-18,Finn,Volkswagen,Golf,2016,16800.00
16066,2026-09-18,Ioane,Holden,Commodore,2015,18800.00
16067,2026-09-18,Kiri,Mitsubishi,Triton,2014,30050.00
16068,2026-09-18,Jess,Toyota,RAV4,2016,32600.00
16069,2026-09-18,Nikau,Honda,Fit,2021,13700.00
16070,2026-09-18,Liam,Toyota,Yaris,2018,14050.00
16071,2026-09-18,Liam,Toyota,Hilux,2024,46050.00
16072,2026-09-18,Liam,Honda,CR-V,2018,28650.00
16073,2026-09-18,Finn,Hyundai,Tucson,2013,18250.00
16074,2026-09-18,Ioane,Ford,Ranger,2013,28750.00
16075,2026-09-18,Finn,Suzuki,Swift,2013,9100.00
16076,2026-09-18,Dan,Nissan,Navara,2019,36750.00
16077,2026-09-18,Finn,Nissan,Navara,2025,55800.00
16078,2026-09-18,Olivia,Nissan,Navara,2023,46200.00
16079,2026-09-19,Aroha,Honda,Civic,2021,22750.00
16080,2026-09-19,Finn,Honda,Fit,2021,13100.00
16081,2026-09-19,Kiri,Mitsubishi,Triton,2014,29850.00
16082,2026-09-19,Eve,Toyota,Aqua,2024,17300.00
16083,2026-09-19,Ben,Subaru,Outback,2016,29400.00
16084,2026-09-19,Dan,Ford,Focus,2024,16000.00
16085,2026-09-19,Ben,Mazda,Axela,2020,15400.00
16086,2026-09-19,Nikau,Mazda,BT-50,2021,46400.00
16087,2026-09-19,Mere,Mazda,CX-5,2012,20550.00
16088,2026-09-19,Liam,Honda,CR-V,2017,24150.00
16089,2026-09-19,Finn,Tesla,Model 3,2022,51700.00
16090,2026-09-19,Kiri,Kia,Sportage,2024,36350.00
16091,2026-09-19,Kiri,Kia,Sportage,2016,23200.00
16092,2026-09-19,Kiri,Mitsubishi,Triton,2023,37350.00
16093,2026-09-19,Mere,Mitsubishi,Triton,2013,26100.00
16094,2026-09-19,Hana,Toyota,Corolla,2020,20800.00
16095,2026-09-19,Jess,Ford,Focus,2020,12300.00
16096,2026-09-19,Finn,Kia,Sportage,2024,37150.00
16097,2026-09-19,Ioane,Tesla,Model 3,2017,42550.00
16098,2026-09-19,Chloe,Honda,CR-V,2020,26950.00
16099,2026-09-19,Ioane,Hyundai,Tucson,2021,32300.00
16100,2026-09-19,Ioane,Hyundai,Tucson,2016,22350.00
16101,2026-09-19,Mere,Kia,Sportage,2020,34250.00
16102,2026-09-19,Ben,Subaru,Outback,2015,27450.00
16103,2026-09-19,Dan,Subaru,Forester,2020,36700.00
16104,2026-09-19,Chloe,Mazda,Axela,2015,10850.00
16105,2026-09-19,Finn,Kia,Sportage,2021,35200.00
16106,2026-09-19,Kiri,Toyota,Hilux,2017,31650.00
16107,2026-09-20,Nikau,Ford,Focus,2019,11000.00
16108,2026-09-20,Mere,Subaru,Outback,2018,34800.00
16109,2026-09-20,Ioane,Mazda,BT-50,2018,41650.00
16110,2026-09-20,Nikau,Toyota,RAV4,2024,47850.00
16111,2026-09-20,Ben,Subaru,Outback,2019,30600.00
16112,2026-09-20,Jess,Mazda,Axela,2021,15250.00
16113,2026-09-20,Mere,Kia,Sportage,2024,36800.00
16114,2026-09-20,Mere,Mazda,CX-5,2015,26000.00
16115,2026-09-20,Ben,Volkswagen,Golf,2015,18900.00
16116,2026-09-20,Liam,Volkswagen,Golf,2021,25700.00
16117,2026-09-20,Ioane,Holden,Commodore,2012,16350.00
16118,2026-09-20,Eve,Toyota,Aqua,2024,17700.00
16119,2026-09-20,Chloe,Ford,Ranger,2019,43000.00
16120,2026-09-20,Eve,Mitsubishi,Triton,2023,36650.00
16121,2026-09-20,Chloe,Ford,Focus,2016,11750.00
16122,2026-09-20,Dan,Nissan,Tiida,2020,8900.00
16123,2026-09-20,Chloe,Volkswagen,Golf,2021,24800.00
16124,2026-09-20,Olivia,Mazda,BT-50,2013,26250.00
16125,2026-09-20,Liam,Subaru,Forester,2012,22000.00
16126,2026-09-20,Hana,Mazda,BT-50,2019,34400.00
16127,2026-09-20,Hana,Kia,Sportage,2012,16150.00
16128,2026-09-20,Dan,Mazda,BT-50,2014,32150.00
16129,2026-09-20,Aroha,Toyota,RAV4,2018,30850.00
16130,2026-09-20,Mere,Volkswagen,Golf,2013,15250.00
16131,2026-09-20,Eve,Mazda,Demio,2021,9950.00
16132,2026-09-20,Aroha,Honda,Fit,2013,8050.00
16133,2026-09-20,Ioane,Subaru,Forester,2025,37550.00
16134,2026-09-20,Ioane,Suzuki,Swift,2022,15500.00
16135,2026-09-20,Ben,Nissan,Leaf,2024,20450.00
16136,2026-09-20,Finn,Subaru,Outback,2019,39200.00
16137,2026-09-20,Olivia,Mazda,Axela,2025,19050.00
16138,2026-09-20,Ioane,Toyota,Aqua,2018,12350.00
16139,2026-09-21,Liam,Mitsubishi,Triton,2015,29000.00
16140,2026-09-21,Ioane,Toyota,Aqua,2020,11600.00
16141,2026-09-21,Jess,Mitsubishi,Triton,2015,24850.00
16142,2026-09-21,Ioane,Toyota,RAV4,2021,36150.00
16143,2026-09-21,Ioane,Toyota,Aqua,2022,13350.00
16144,2026-09-21,Hana,Tesla,Model 3,2014,32650.00
16145,2026-09-21,Dan,Toyota,RAV4,2014,24000.00
16146,2026-09-21,Liam,Toyota,Aqua,2012,9450.00
16147,2026-09-21,Finn,Suzuki,Swift,2015,10500.00
16148,2026-09-21,Kiri,Toyota,RAV4,2013,22650.00
16149,2026-09-21,Dan,Kia,Sportage,2015,23350.00
16150,2026-09-21,Liam,Hyundai,Tucson,2024,42550.00
16151,2026-09-21,Ben,Honda,Civic,2014,12400.00
16152,2026-09-21,Ioane,Subaru,Forester,2013,19900.00
16153,2026-09-21,Dan,Tesla,Model 3,2024,60350.00
16154,2026-09-21,Nikau,Honda,Fit,2025,14250.00
16155,2026-09-21,Hana,Tesla,Model 3,2020,50800.00
16156,2026-09-21,Ioane,Mitsubishi,Triton,2019,39650.00
16157,2026-09-21,Jess,Mitsubishi,Triton,2021,43350.00
16158,2026-09-21,Aroha,Mazda,Demio,2013,6850.00
16159,2026-09-21,Mere,Tesla,Model 3,2018,53300.00
16160,2026-09-21,Kiri,Nissan,Leaf,2012,10100.00
16161,2026-09-21,Eve,Ford,Ranger,2012,30450.00
16162,2026-09-21,Mere,Toyota,Aqua,2017,11300.00
16163,2026-09-21,Nikau,Suzuki,Swift,2024,16750.00
16164,2026-09-21,Kiri,Mazda,BT-50,2025,54500.00
16165,2026-09-21,Finn,Mazda,CX-5,2021,38400.00
16166,2026-09-21,Chloe,Honda,Fit,2014,8650.00
16167,2026-09-21,Mere,Holden,Commodore,2023,27450.00
16168,2026-09-21,Olivia,Toyota,Corolla,2022,24300.00
16169,2026-09-21,Liam,Honda,Civic,2021,22100.00
16170,2026-09-21,Ioane,Honda,Fit,2025,16400.00
16171,2026-09-21,Olivia,Ford,Ranger,2012,29550.00
16172,2026-09-21,Hana,Subaru,Outback,2016,32600.00
16173,2026-09-22,Olivia,Honda,Fit,2016,10450.00
16174,2026-09-22,Olivia,Toyota,Yaris,2020,17350.00
16175,2026-09-22,Ben,Mazda,Axela,2017,13200.00
16176,2026-09-22,Dan,Hyundai,Tucson,2015,26250.00
16177,2026-09-22,Liam,Tesla,Model 3,2017,47500.00
16178,2026-09-22,Kiri,Toyota,Yaris,2017,11500.00
16179,2026-09-22,Ben,Honda,Civic,2025,22800.00
16180,2026-09-22,Kiri,Honda,CR-V,2021,29250.00
16181,2026-09-22,Ioane,Ford,Ranger,2021,48050.00
16182,2026-09-22,Olivia,Mazda,CX-5,2022,35300.00
16183,2026-09-22,Olivia,Mitsubishi,Triton,2018,34900.00
16184,2026-09-22,Liam,Tesla,Model 3,2024,58700.00
16185,2026-09-22,Chloe,Toyota,Aqua,2015,10750.00
16186,2026-09-22,Ioane,Tesla,Model 3,2020,49800.00
16187,2026-09-22,Jess,Subaru,Outback,2014,24450.00
16188,2026-09-22,Finn,Volkswagen,Golf,2016,19100.00
16189,2026-09-22,Liam,Hyundai,Tucson,2017,25650.00
16190,2026-09-22,Nikau,Toyota,Yaris,2018,15450.00
16191,2026-09-22,Ben,Mitsubishi,Triton,2018,34650.00
16192,2026-09-22,Olivia,Ford,Focus,2014,9900.00
16193,2026-09-22,Liam,Ford,Focus,2013,7300.00
16194,2026-09-22,Chloe,Toyota,RAV4,2023,41300.00
16195,2026-09-22,Finn,Nissan,Leaf,2018,14350.00
16196,2026-09-22,Mere,Kia,Sportage,2014,19250.00
16197,2026-09-22,Mere,Honda,CR-V,2013,18200.00
16198,2026-09-22,Dan,Subaru,Outback,2019,37200.00
16199,2026-09-22,Jess,Toyota,Yaris,2018,12950.00
16200,2026-09-22,Aroha,Mazda,CX-5,2024,38000.00
16201,2026-08-19,Kiri,Honda,Fit,twenty-nineteen,13500.00
16201,2026-09-23,Jess,Mazda,BT-50,2024,56200.00
16202,2026-09-23,Liam,Mazda,CX-5,2016,29450.00
16203,2026-09-23,Liam,Honda,CR-V,2016,25750.00
16204,2026-09-23,Olivia,Suzuki,Swift,2020,13350.00
16205,2026-09-23,Mere,Honda,Fit,2022,11650.00
16206,2026-09-23,Eve,Holden,Commodore,2018,23250.00
16207,2026-09-23,Finn,Toyota,Yaris,2012,8000.00
16208,2026-09-23,Hana,Ford,Ranger,2024,54250.00
16209,2026-09-23,Liam,Mazda,CX-5,2014,21500.00
16210,2026-09-23,Olivia,Mitsubishi,Triton,2023,48100.00
16211,2026-09-23,Olivia,Ford,Ranger,2013,34050.00
16212,2026-09-23,Chloe,Tesla,Model 3,2024,68000.00
16213,2026-09-23,Eve,Hyundai,Tucson,2012,21500.00
16214,2026-09-23,Kiri,Suzuki,Swift,2017,12950.00
16215,2026-09-23,Liam,Mitsubishi,Triton,2018,30750.00
16216,2026-09-23,Dan,Ford,Focus,2018,12250.00
16217,2026-09-23,Ioane,Hyundai,Tucson,2023,33100.00
16218,2026-09-23,Ioane,Toyota,Aqua,2019,11050.00
16219,2026-09-23,Jess,Hyundai,Tucson,2022,35250.00
16220,2026-09-23,Jess,Mazda,CX-5,2025,40950.00
16221,2026-09-23,Dan,Nissan,Tiida,2020,8400.00
16222,2026-09-23,Mere,Toyota,RAV4,2013,26550.00
16223,2026-09-23,Jess,Nissan,Navara,2018,41400.00
16224,2026-09-23,Chloe,Tesla,Model 3,2024,54200.00
16225,2026-09-23,Finn,Subaru,Forester,2022,40750.00
16226,2026-09-23,Ioane,Toyota,Hilux,2018,34350.00
16227,2026-09-23,Dan,Honda,Civic,2015,16200.00
16228,2026-09-23,Ioane,Toyota,Yaris,2022,14800.00
16229,2026-09-23,Hana,Nissan,Tiida,2020,9500.00
16230,2026-09-23,Hana,Nissan,Navara,2018,40300.00
16231,2026-09-23,Jess,Mitsubishi,Triton,2012,23250.00
16232,2026-09-23,Chloe,Nissan,Navara,2012,24750.00
16233,2026-09-23,Mere,Mazda,CX-5,2020,29800.00
16234,2026-09-23,Jess,Mazda,BT-50,2024,46550.00
16235,2026-09-23,Olivia,Hyundai,Tucson,2017,24550.00
16236,2026-09-23,Ioane,Toyota,Aqua,2021,14350.00
16237,2026-09-23,Jess,Toyota,Aqua,2015,9800.00
16238,2026-09-23,Dan,Mazda,BT-50,2025,45850.00
16239,2026-09-24,Kiri,Tesla,Model 3,2014,34200.00
16240,2026-09-24,Ioane,Mitsubishi,Triton,2020,38550.00
16241,2026-09-24,Liam,Toyota,RAV4,2025,40600.00
16242,2026-09-24,Olivia,Toyota,Aqua,2020,14800.00
16243,2026-09-24,Kiri,Mazda,Axela,2025,20400.00
16244,2026-09-24,Dan,Hyundai,Tucson,2024,36650.00
16245,2026-09-24,Nikau,Mitsubishi,Triton,2015,29950.00
16246,2026-09-24,Eve,Subaru,Outback,2024,49900.00
16247,2026-09-24,Nikau,Mazda,BT-50,2025,58500.00
16248,2026-09-24,Ben,Mazda,CX-5,2025,37250.00
16249,2026-09-24,Aroha,Mazda,Demio,2016,6950.00
16250,2026-09-24,Aroha,Volkswagen,Golf,2023,21950.00
16251,2026-09-24,Ioane,Mazda,Axela,2012,8500.00
16252,2026-09-24,Finn,Mazda,CX-5,2014,24100.00
16253,2026-09-24,Mere,Mazda,CX-5,2023,36450.00
16254,2026-09-24,Kiri,Toyota,Yaris,2023,17600.00
16255,2026-09-24,Mere,Honda,CR-V,2017,26800.00
16256,2026-09-24,Dan,Holden,Commodore,2012,14250.00
16257,2026-09-24,Chloe,Nissan,Tiida,2019,9400.00
16258,2026-09-24,Ben,Hyundai,Tucson,2015,24750.00
16259,2026-09-24,Hana,Mitsubishi,Outlander,2017,33200.00
16260,2026-09-24,Liam,Nissan,Navara,2019,42100.00
16261,2026-09-24,Mere,Nissan,Leaf,2024,18050.00
16262,2026-09-24,Olivia,Tesla,Model 3,2013,37200.00
16263,2026-09-24,Hana,Mitsubishi,Triton,2019,39500.00
16264,2026-09-24,Nikau,Honda,CR-V,2019,28100.00
16265,2026-09-24,Ioane,Hyundai,Tucson,2018,32000.00
16266,2026-09-25,Jess,Hyundai,Tucson,2022,40100.00
16267,2026-09-25,Liam,Volkswagen,Golf,2023,24250.00
16268,2026-09-25,Ben,Subaru,Outback,2025,47300.00
16269,2026-09-25,Hana,Mazda,BT-50,2016,34500.00
16270,2026-09-25,Ioane,Toyota,Yaris,2025,21100.00
16271,2026-09-25,Dan,Mitsubishi,Triton,2023,45700.00
16272,2026-09-25,Eve,Subaru,Outback,2025,46450.00
16273,2026-09-25,Jess,Volkswagen,Golf,2015,17800.00
16274,2026-09-25,Dan,Toyota,Corolla,2022,22150.00
16275,2026-09-25,Eve,Toyota,Corolla,2017,15200.00
16276,2026-09-25,Mere,Toyota,Hilux,2022,44150.00
16277,2026-09-25,Mere,Toyota,RAV4,2019,31000.00
16278,2026-09-25,Mere,Toyota,Hilux,2023,55500.00
16279,2026-09-25,Mere,Mazda,Demio,2025,12300.00
16280,2026-09-25,Ioane,Toyota,Aqua,2024,18600.00
16281,2026-09-25,Mere,Toyota,Aqua,2017,11500.00
16282,2026-09-25,Dan,Toyota,Aqua,2021,12800.00
16283,2026-09-25,Ben,Suzuki,Swift,2015,12450.00
16284,2026-09-25,Nikau,Toyota,Hilux,2018,36350.00
16285,2026-09-25,Jess,Toyota,RAV4,2022,35900.00
16286,2026-09-25,Dan,Nissan,Tiida,2022,9300.00
16287,2026-09-25,Finn,Honda,CR-V,2013,18350.00
16288,2026-09-25,Chloe,Mazda,CX-5,2024,36550.00
16289,2026-09-25,Mere,Volkswagen,Golf,2017,16050.00
16290,2026-09-25,Nikau,Mitsubishi,Triton,2012,20300.00
16291,2026-09-25,Mere,Toyota,Yaris,2022,18650.00
16292,2026-09-25,Jess,Volkswagen,Golf,2015,14550.00
16293,2026-09-25,Hana,Toyota,RAV4,2014,28550.00
16294,2026-09-25,Hana,Subaru,Outback,2017,26900.00
16295,2026-09-25,Chloe,Toyota,Aqua,2015,11800.00
16296,2026-09-25,Chloe,Nissan,Navara,2023,46600.00
16297,2026-09-25,Nikau,Toyota,Yaris,2023,19600.00
16298,2026-09-26,Aroha,Subaru,Outback,2023,42550.00
16299,2026-09-26,Dan,Ford,Ranger,2021,43550.00
16300,2026-09-26,Kiri,Hyundai,Tucson,2016,23650.00
16301,2026-09-26,Kiri,Nissan,Tiida,2020,7850.00
16302,2026-09-26,Olivia,Toyota,RAV4,2012,23100.00
16303,2026-09-26,Liam,Toyota,Yaris,2016,13700.00
16304,2026-09-26,Eve,Hyundai,Tucson,2020,29400.00
16305,2026-09-26,Jess,Mitsubishi,Triton,2018,29600.00
16306,2026-09-26,Ben,Toyota,Aqua,2017,11150.00
16307,2026-09-26,Ioane,Toyota,Hilux,2013,26900.00
16308,2026-09-26,Chloe,Mazda,Axela,2015,10000.00
16309,2026-09-26,Chloe,Honda,CR-V,2016,22650.00
16310,2026-09-26,Hana,Tesla,Model 3,2024,56200.00
16311,2026-09-26,Kiri,Honda,CR-V,2024,31550.00
16312,2026-09-26,Kiri,Nissan,Navara,2016,29300.00
16313,2026-09-26,Finn,Volkswagen,Golf,2018,20200.00
16314,2026-09-26,Mere,Mitsubishi,Triton,2017,29200.00
16315,2026-09-26,Hana,Honda,CR-V,2021,36600.00
16316,2026-09-26,Chloe,Holden,Commodore,2015,20950.00
16317,2026-09-26,Nikau,Toyota,Aqua,2016,10900.00
16318,2026-09-26,Mere,Honda,Fit,2025,16200.00
16319,2026-09-26,Hana,Honda,Fit,2015,9250.00
16320,2026-09-26,Hana,Volkswagen,Golf,2021,22700.00
16321,2026-09-26,Olivia,Mazda,Axela,2012,8550.00
16322,2026-09-26,Ioane,Suzuki,Swift,2013,8200.00
16323,2026-09-26,Jess,Mazda,CX-5,2024,41600.00
16324,2026-09-26,Hana,Mitsubishi,Triton,2012,22200.00
16325,2026-09-27,Chloe,Mazda,CX-5,2020,30150.00
16326,2026-09-27,Mere,Holden,Commodore,2013,14550.00
16327,2026-09-27,Ioane,Mitsubishi,Outlander,2020,33300.00
16328,2026-09-27,Dan,Honda,Fit,2014,8200.00
16329,2026-09-27,Ioane,Tesla,Model 3,2023,54450.00
16330,2026-09-27,Aroha,Holden,Commodore,2022,28000.00
16331,2026-09-27,Ben,Honda,Fit,2019,11750.00
16332,2026-09-27,Eve,Toyota,Hilux,2019,37900.00
16333,2026-09-27,Liam,Mazda,Demio,2013,5850.00
16334,2026-09-27,Ioane,Toyota,Aqua,2019,13400.00
16335,2026-09-27,Liam,Kia,Sportage,2021,35200.00
16336,2026-09-27,Mere,Holden,Commodore,2025,32150.00
16337,2026-09-27,Mere,Toyota,RAV4,2014,29000.00
16338,2026-09-27,Olivia,Honda,CR-V,2023,34250.00
16339,2026-09-27,Ben,Mazda,CX-5,2012,22550.00
16340,2026-09-27,Jess,Ford,Ranger,2023,57050.00
16341,2026-09-27,Olivia,Nissan,Navara,2018,38450.00
16342,2026-09-27,Ben,Mazda,Demio,2025,11050.00
16343,2026-09-27,Nikau,Toyota,Hilux,2022,46650.00
16344,2026-09-27,Liam,Nissan,Navara,2016,28800.00
16345,2026-09-27,Liam,Hyundai,Tucson,2022,35200.00
16346,2026-09-27,Ben,Volkswagen,Golf,2012,11850.00
16347,2026-09-27,Liam,Tesla,Model 3,2023,52150.00
16348,2026-09-27,Nikau,Toyota,Yaris,2015,10050.00
16349,2026-09-27,Liam,Ford,Ranger,2012,28250.00
16350,2026-09-27,Dan,Kia,Sportage,2025,34750.00
16351,2026-09-27,Ben,Kia,Sportage,2023,37300.00
16352,2026-09-27,Chloe,Mitsubishi,Triton,2021,43000.00
16353,2026-09-27,Hana,Toyota,Hilux,2021,50850.00
16354,2026-09-27,Aroha,Toyota,Aqua,2016,12000.00
16355,2026-09-28,Jess,Toyota,Aqua,2019,14350.00
16356,2026-09-28,Aroha,Mitsubishi,Outlander,2018,30800.00
16357,2026-09-28,Ioane,Toyota,Hilux,2018,33550.00
16358,2026-09-28,Mere,Toyota,Aqua,2024,14100.00
16359,2026-09-28,Eve,Nissan,Tiida,2023,10300.00
16360,2026-09-28,Eve,Honda,Fit,2023,13100.00
16361,2026-09-28,Mere,Kia,Sportage,2023,34400.00
16362,2026-09-28,Finn,Holden,Commodore,2014,18950.00
16363,2026-09-28,Nikau,Mazda,CX-5,2020,31400.00
16364,2026-09-28,Aroha,Mazda,BT-50,2019,40450.00
16365,2026-09-28,Olivia,Toyota,Yaris,2023,20200.00
16366,2026-09-28,Kiri,Ford,Focus,2017,10300.00
16367,2026-09-28,Ioane,Subaru,Forester,2017,32400.00
16368,2026-09-28,Eve,Subaru,Outback,2025,40900.00
16369,2026-09-28,Ioane,Mazda,CX-5,2024,42350.00
16370,2026-09-28,Eve,Tesla,Model 3,2015,36100.00
16371,2026-09-28,Kiri,Mazda,BT-50,2023,46750.00
16372,2026-09-28,Kiri,Toyota,Yaris,2022,16050.00
16373,2026-09-28,Chloe,Mitsubishi,Triton,2023,38200.00
16374,2026-09-28,Jess,Volkswagen,Golf,2019,20700.00
16375,2026-09-28,Kiri,Toyota,RAV4,2019,36250.00
16376,2026-09-28,Hana,Honda,CR-V,2022,33500.00
16377,2026-09-28,Kiri,Toyota,Aqua,2022,15950.00
16378,2026-09-28,Mere,Nissan,Navara,2020,38250.00
16379,2026-09-28,Ben,Mazda,CX-5,2017,28950.00
16380,2026-09-28,Kiri,Ford,Ranger,2014,29950.00
16381,2026-09-28,Olivia,Nissan,Navara,2025,51500.00
16382,2026-09-28,Dan,Subaru,Outback,2022,38100.00
16383,2026-09-28,Chloe,Nissan,Leaf,2020,17800.00
16384,2026-09-29,Olivia,Toyota,RAV4,2022,42200.00
16385,2026-09-29,Mere,Nissan,Navara,2019,32650.00
16386,2026-09-29,Mere,Mazda,BT-50,2025,56950.00
16387,2026-09-29,Finn,Tesla,Model 3,2023,59150.00
16388,2026-09-29,Hana,Mazda,CX-5,2020,35950.00
16389,2026-09-29,Liam,Mazda,CX-5,2023,42350.00
16390,2026-09-29,Jess,Mazda,BT-50,2016,28500.00
16391,2026-09-29,Liam,Mitsubishi,Triton,2015,30150.00
16392,2026-09-29,Olivia,Nissan,Navara,2013,25850.00
16393,2026-09-29,Jess,Mitsubishi,Triton,2023,48650.00
16394,2026-09-29,Kiri,Toyota,Yaris,2022,15150.00
16395,2026-09-29,Jess,Mazda,Axela,2016,13150.00
16396,2026-09-29,Liam,Honda,CR-V,2022,33750.00
16397,2026-09-29,Olivia,Ford,Focus,2019,10850.00
16398,2026-09-29,Kiri,Mitsubishi,Triton,2017,27400.00
16399,2026-09-29,Finn,Toyota,Corolla,2022,19250.00
16400,2026-09-29,Olivia,Toyota,RAV4,2020,42550.00
16401,2026-09-29,Ioane,Honda,Civic,2019,17800.00
16402,2026-09-29,Finn,Nissan,Leaf,2021,18300.00
16403,2026-09-29,Olivia,Mazda,Axela,2013,8100.00
16404,2026-09-29,Mere,Kia,Sportage,2012,20400.00
16405,2026-09-29,Aroha,Tesla,Model 3,2024,63350.00
16406,2026-09-29,Ioane,Mazda,BT-50,2018,32300.00
16407,2026-09-29,Eve,Mazda,BT-50,2016,28450.00
16408,2026-09-29,Dan,Mazda,CX-5,2015,21800.00
16409,2026-09-29,Hana,Volkswagen,Golf,2025,30900.00
16410,2026-09-29,Hana,Nissan,Navara,2020,39850.00
16411,2026-09-29,Dan,Subaru,Outback,2021,37950.00
16412,2026-09-29,Liam,Toyota,Corolla,2016,17550.00
16413,2026-09-29,Mere,Ford,Ranger,2023,56000.00
16414,2026-09-29,Ioane,Toyota,Yaris,2022,19550.00
16415,2026-09-29,Ioane,Toyota,Yaris,2016,13950.00
16416,2026-09-30,Finn,Toyota,Hilux,2021,42300.00
16417,2026-09-30,Eve,Subaru,Outback,2024,40600.00
16418,2026-09-30,Kiri,Nissan,Navara,2014,27300.00
16419,2026-09-30,Nikau,Toyota,RAV4,2019,41150.00
16420,2026-09-30,Chloe,Hyundai,Tucson,2019,33400.00
16421,2026-09-30,Mere,Tesla,Model 3,2024,68500.00
16422,2026-09-30,Finn,Toyota,Aqua,2019,12000.00
16423,2026-09-30,Mere,Mazda,CX-5,2017,26400.00
16424,2026-09-30,Mere,Nissan,Leaf,2016,15800.00
16425,2026-09-30,Ben,Toyota,Aqua,2021,14400.00
16426,2026-09-30,Liam,Honda,CR-V,2012,17100.00
16427,2026-09-30,Finn,Tesla,Model 3,2024,65350.00
16428,2026-09-30,Mere,Mazda,BT-50,2023,44500.00
16429,2026-09-30,Olivia,Toyota,Aqua,2024,15100.00
16430,2026-09-30,Olivia,Hyundai,Tucson,2015,21850.00
16431,2026-09-30,Nikau,Mitsubishi,Outlander,2022,37600.00
16432,2026-09-30,Jess,Mazda,BT-50,2025,57150.00
16433,2026-09-30,Olivia,Mazda,BT-50,2014,29800.00
16434,2026-09-30,Mere,Subaru,Forester,2016,30200.00
16435,2026-09-30,Finn,Tesla,Model 3,2020,54000.00
16436,2026-09-30,Jess,Honda,Fit,2022,11100.00
16437,2026-09-30,Mere,Mazda,CX-5,2013,22850.00
16438,2026-09-30,Hana,Honda,Fit,2023,13550.00
16439,2026-09-30,Kiri,Ford,Focus,2013,7900.00
16440,2026-09-30,Ioane,Ford,Ranger,2016,40400.00
16441,2026-09-30,Jess,Kia,Sportage,2020,30250.00
16442,2026-09-30,Jess,Hyundai,Tucson,2020,31150.00
16443,2026-09-30,Ben,Toyota,Corolla,2018,18500.00
16444,2026-09-30,Dan,Nissan,Navara,2021,45350.00
16445,2026-09-30,Hana,Honda,Civic,2021,20400.00
16446,2026-09-30,Ioane,Honda,Fit,2012,6250.00
16447,2026-09-30,Chloe,Honda,CR-V,2023,30400.00
16448,2026-09-30,Eve,Hyundai,Tucson,2013,20450.00
16449,2026-09-30,Olivia,Mazda,Demio,2025,12200.00
16450,2026-09-30,Hana,Honda,Civic,2022,19350.00
16451,2026-09-30,Aroha,Mitsubishi,Triton,2012,22800.00
16452,2026-09-30,Kiri,Toyota,Hilux,2016,30900.00
16453,2026-09-30,Hana,Mitsubishi,Triton,2017,33100.00
16454,2026-09-30,Ben,Holden,Commodore,2024,29850.00
16455,2026-10-01,Ioane,Nissan,Tiida,2017,7000.00
16456,2026-10-01,Hana,Mazda,CX-5,2018,28650.00
16457,2026-10-01,Eve,Toyota,Hilux,2025,47100.00
16458,2026-10-01,Ioane,Kia,Sportage,2024,35200.00
16459,2026-10-01,Ben,Ford,Focus,2019,11000.00
16460,2026-10-01,Eve,Mazda,Axela,2016,11700.00
16461,2026-10-01,Liam,Toyota,RAV4,2020,39100.00
16462,2026-10-01,Chloe,Mazda,BT-50,2022,43600.00
16463,2026-10-01,Mere,Subaru,Outback,2022,34150.00
16464,2026-10-01,Kiri,Ford,Ranger,2024,63950.00
16465,2026-10-01,Mere,Ford,Focus,2018,10750.00
16466,2026-10-01,Liam,Subaru,Forester,2020,31100.00
16467,2026-10-01,Dan,Suzuki,Swift,2018,12600.00
16468,2026-10-01,Jess,Suzuki,Swift,2013,9600.00
16469,2026-10-01,Finn,Hyundai,Tucson,2015,24700.00
16470,2026-10-01,Ioane,Kia,Sportage,2014,23750.00
16471,2026-10-01,Nikau,Mazda,Axela,2015,10650.00
16472,2026-10-01,Chloe,Kia,Sportage,2013,17700.00
16473,2026-10-01,Mere,Toyota,Hilux,2025,55550.00
16474,2026-10-01,Chloe,Nissan,Navara,2013,26450.00
16475,2026-10-01,Dan,Honda,Fit,2023,13800.00
16476,2026-10-01,Aroha,Nissan,Leaf,2013,11800.00
16477,2026-10-01,Aroha,Honda,CR-V,2015,21150.00
16478,2026-10-01,Jess,Tesla,Model 3,2018,49300.00
16479,2026-10-01,Hana,Toyota,Yaris,2022,17600.00
16480,2026-10-01,Mere,Tesla,Model 3,2017,49050.00
16481,2026-10-01,Liam,Subaru,Outback,2014,27400.00
16482,2026-10-02,Hana,Holden,Commodore,2016,22100.00
16483,2026-10-02,Mere,Mitsubishi,Triton,2025,39850.00
16484,2026-10-02,Hana,Subaru,Outback,2020,39450.00
16485,2026-10-02,Mere,Mazda,BT-50,2019,33800.00
16486,2026-10-02,Ioane,Subaru,Outback,2021,39950.00
16487,2026-10-02,Chloe,Mitsubishi,Triton,2018,31600.00
16488,2026-10-02,Chloe,Tesla,Model 3,2018,42900.00
16489,2026-10-02,Ben,Kia,Sportage,2017,27100.00
16490,2026-10-02,Liam,Kia,Sportage,2021,36050.00
16491,2026-10-02,Jess,Honda,Fit,2017,10700.00
16492,2026-10-02,Chloe,Honda,Civic,2017,16750.00
16493,2026-10-02,Olivia,Toyota,Yaris,2012,9300.00
16494,2026-10-02,Ioane,Toyota,Yaris,2013,11550.00
16495,2026-10-02,Eve,Subaru,Outback,2024,40900.00
16496,2026-10-02,Chloe,Toyota,Aqua,2018,11500.00
16497,2026-10-02,Dan,Honda,CR-V,2024,39500.00
16498,2026-10-02,Olivia,Ford,Ranger,2024,64800.00
16499,2026-10-02,Chloe,Tesla,Model 3,2018,41000.00
16500,2026-10-02,Dan,Toyota,RAV4,2020,37250.00
16501,2026-10-02,Ben,Suzuki,Swift,2015,12300.00
16502,2026-10-02,Hana,Mazda,Axela,2024,19800.00
16503,2026-10-02,Eve,Honda,CR-V,2015,26550.00
16504,2026-10-02,Finn,Volkswagen,Golf,2012,15000.00
16505,2026-10-02,Ben,Nissan,Tiida,2018,8100.00
16506,2026-10-02,Jess,Toyota,Corolla,2019,18300.00
16507,2026-10-02,Finn,Mazda,Demio,2021,9650.00
16508,2026-10-03,Nikau,Ford,Ranger,2020,53000.00
16509,2026-10-03,Finn,Suzuki,Swift,2024,19100.00
16510,2026-10-03,Nikau,Mazda,BT-50,2015,34700.00
16511,2026-10-03,Chloe,Nissan,Leaf,2015,11350.00
16512,2026-10-03,Aroha,Hyundai,Tucson,2024,38050.00
16513,2026-10-03,Ioane,Mazda,BT-50,2019,43600.00
16514,2026-10-03,Finn,Mazda,CX-5,2017,30500.00
16515,2026-10-03,Liam,Toyota,Aqua,2014,10500.00
16516,2026-10-03,Liam,Toyota,Corolla,2023,25350.00
16517,2026-10-03,Dan,Mazda,Axela,2024,17650.00
16518,2026-10-03,Olivia,Kia,Sportage,2020,30650.00
16519,2026-10-03,Kiri,Ford,Ranger,2015,39700.00
16520,2026-10-03,Nikau,Hyundai,Tucson,2013,19850.00
16521,2026-10-03,Kiri,Honda,Civic,2020,17550.00
16522,2026-10-03,Ben,Hyundai,Tucson,2013,19650.00
16523,2026-10-03,Mere,Toyota,Hilux,2012,29350.00
16524,2026-10-03,Kiri,Kia,Sportage,2012,15900.00
16525,2026-10-03,Eve,Ford,Focus,2017,9750.00
16526,2026-10-03,Eve,Toyota,RAV4,2017,36300.00
16527,2026-10-03,Finn,Nissan,Leaf,2018,15050.00
16528,2026-10-03,Kiri,Holden,Commodore,2019,20250.00
16529,2026-10-04,Liam,Tesla,Model 3,2020,58700.00
16530,2026-10-04,Eve,Kia,Sportage,2022,34500.00
16531,2026-10-04,Kiri,Tesla,Model 3,2025,61000.00
16532,2026-10-04,Ioane,Tesla,Model 3,2016,44750.00
16533,2026-10-04,Kiri,Ford,Ranger,2015,32550.00
16534,2026-10-04,Eve,Tesla,Model 3,2015,44250.00
16535,2026-10-04,Dan,Toyota,Hilux,2018,39950.00
16536,2026-10-04,Olivia,Honda,CR-V,2012,20100.00
16537,2026-10-04,Chloe,Suzuki,Swift,2018,12500.00
16538,2026-10-04,Kiri,Tesla,Model 3,2025,65250.00
16539,2026-10-04,Finn,Nissan,Navara,2020,43750.00
16540,2026-10-04,Kiri,Toyota,RAV4,2018,32800.00
16541,2026-10-04,Hana,Toyota,Hilux,2022,49600.00
16542,2026-10-04,Ben,Toyota,RAV4,2013,21950.00
16543,2026-10-04,Ioane,Honda,Civic,2012,9900.00
16544,2026-10-04,Liam,Toyota,RAV4,2025,42700.00
16545,2026-10-04,Eve,Mazda,CX-5,2013,20000.00
16546,2026-10-04,Jess,Mazda,BT-50,2022,41250.00
16547,2026-10-04,Liam,Hyundai,Tucson,2019,26200.00
16548,2026-10-04,Finn,Kia,Sportage,2025,42350.00
16549,2026-10-04,Chloe,Mitsubishi,Triton,2023,47050.00
16550,2026-10-04,Kiri,Mazda,CX-5,2014,23950.00
16551,2026-10-04,Olivia,Mitsubishi,Triton,2018,28900.00
16552,2026-10-04,Liam,Volkswagen,Golf,2020,23350.00
16553,2026-10-04,Aroha,Toyota,Hilux,2024,52400.00
16554,2026-10-04,Ioane,Ford,Ranger,2025,63200.00
16555,2026-10-04,Ben,Ford,Ranger,2016,40350.00
16556,2026-10-04,Jess,Toyota,Yaris,2015,12250.00
16557,2026-10-04,Mere,Nissan,Navara,2017,31150.00
16558,2026-10-04,Liam,Subaru,Outback,2019,30850.00
16559,2026-10-04,Ioane,Mazda,Demio,2022,12600.00
16560,2026-10-04,Mere,Volkswagen,Golf,2012,14750.00
16561,2026-10-04,Liam,Kia,Sportage,2013,21900.00
16562,2026-10-04,Finn,Kia,Sportage,2020,33300.00
16563,2026-10-04,Nikau,Mitsubishi,Outlander,2014,23400.00
16564,2026-10-04,Ioane,Mitsubishi,Outlander,2015,24750.00
16565,2026-10-05,Eve,Subaru,Outback,2020,37750.00
16566,2026-10-05,Dan,Toyota,Aqua,2025,17900.00
16567,2026-10-05,Mere,Nissan,Navara,2015,28200.00
16568,2026-10-05,Jess,Toyota,Aqua,2022,16950.00
16569,2026-10-05,Ben,Honda,Fit,2021,12700.00
16570,2026-10-05,Mere,Honda,Fit,2015,8300.00
16571,2026-10-05,Hana,Nissan,Navara,2019,33750.00
16572,2026-10-05,Nikau,Mitsubishi,Triton,2015,31000.00
16573,2026-10-05,Ben,Mitsubishi,Outlander,2024,41200.00
16574,2026-10-05,Olivia,Subaru,Outback,2016,32700.00
16575,2026-10-05,Dan,Hyundai,Tucson,2017,28050.00
16576,2026-10-05,Kiri,Mazda,Axela,2016,10150.00
16577,2026-10-05,Mere,Mazda,BT-50,2021,48750.00
16578,2026-10-05,Mere,Subaru,Outback,2014,24600.00
16579,2026-10-05,Olivia,Toyota,Aqua,2022,16850.00
16580,2026-10-05,Ioane,Toyota,Yaris,2023,16600.00
16581,2026-10-05,Kiri,Honda,Civic,2016,15150.00
16582,2026-10-05,Olivia,Holden,Commodore,2018,22650.00
16583,2026-10-05,Ben,Kia,Sportage,2020,29950.00
16584,2026-10-05,Liam,Holden,Commodore,2024,31200.00
16585,2026-10-06,Ioane,Suzuki,Swift,2014,11700.00
16586,2026-10-06,Jess,Mitsubishi,Triton,2021,42300.00
16587,2026-10-06,Dan,Mitsubishi,Triton,2017,28400.00
16588,2026-10-06,Dan,Honda,CR-V,2014,22100.00
16589,2026-10-06,Eve,Toyota,RAV4,2012,26400.00
16590,2026-10-06,Ioane,Mitsubishi,Outlander,2021,41250.00
16591,2026-10-06,Eve,Toyota,RAV4,2015,31700.00
16592,2026-10-06,Eve,Mitsubishi,Triton,2014,22700.00
16593,2026-10-06,Mere,Toyota,Yaris,2020,14600.00
16594,2026-10-06,Jess,Honda,Fit,2014,8900.00
16595,2026-10-06,Ben,Mitsubishi,Triton,2022,38400.00
16596,2026-10-06,Aroha,Ford,Ranger,2023,56500.00
16597,2026-10-06,Nikau,Toyota,Hilux,2017,32050.00
16598,2026-10-06,Ben,Nissan,Tiida,2018,7750.00
16599,2026-10-06,Eve,Ford,Focus,2015,9200.00
16600,2026-10-06,Mere,Toyota,RAV4,2012,25650.00
16601,2026-10-06,Jess,Mazda,BT-50,2013,26850.00
16602,2026-10-06,Hana,Subaru,Outback,2013,21400.00
16603,2026-10-06,Ben,Volkswagen,Golf,2012,12150.00
16604,2026-10-06,Eve,Suzuki,Swift,2025,20350.00
16605,2026-10-07,Eve,Mitsubishi,Triton,2018,36200.00
16606,2026-10-07,Olivia,Ford,Ranger,2022,57450.00
16607,2026-10-07,Chloe,Mazda,BT-50,2014,24800.00
16608,2026-10-07,Mere,Tesla,Model 3,2020,46700.00
16609,2026-10-07,Ben,Nissan,Navara,2013,23550.00
16610,2026-10-07,Nikau,Honda,Civic,2021,21600.00
16611,2026-10-07,Kiri,Ford,Ranger,2014,31150.00
16612,2026-10-07,Ioane,Toyota,Yaris,2016,11150.00
16613,2026-10-07,Mere,Nissan,Leaf,2021,19300.00
16614,2026-10-07,Finn,Ford,Focus,2018,11300.00
16615,2026-10-07,Nikau,Tesla,Model 3,2020,56600.00
16616,2026-10-07,Liam,Holden,Commodore,2017,17800.00
16617,2026-10-07,Hana,Subaru,Outback,2019,39600.00
16618,2026-10-07,Jess,Toyota,Yaris,2022,15450.00
16619,2026-10-07,Olivia,Honda,Fit,2013,7600.00
16620,2026-10-07,Nikau,Mazda,BT-50,2015,31750.00
16621,2026-10-07,Hana,Mazda,Demio,2015,6950.00
16622,2026-10-07,Olivia,Tesla,Model 3,2025,56350.00
16623,2026-10-07,Chloe,Toyota,Aqua,2023,15800.00
16624,2026-10-07,Ben,Toyota,Hilux,2020,43200.00
16625,2026-10-07,Kiri,Toyota,Yaris,2022,15500.00
16626,2026-10-07,Jess,Toyota,RAV4,2025,49650.00
16627,2026-10-07,Dan,Volkswagen,Golf,2013,15900.00
16628,2026-10-08,Hana,Ford,Focus,2015,10200.00
16629,2026-10-08,Ioane,Ford,Focus,2012,8650.00
16630,2026-10-08,Hana,Nissan,Navara,2017,31800.00
16631,2026-10-08,Mere,Holden,Commodore,2016,20050.00
16632,2026-10-08,Mere,Tesla,Model 3,2025,68500.00
16633,2026-10-08,Chloe,Tesla,Model 3,2019,47500.00
16634,2026-10-08,Ben,Mazda,BT-50,2020,44800.00
16635,2026-10-08,Nikau,Nissan,Leaf,2012,10400.00
16636,2026-10-08,Ben,Mazda,Axela,2019,15100.00
16637,2026-10-08,Aroha,Mitsubishi,Outlander,2012,22650.00
16638,2026-10-08,Kiri,Subaru,Forester,2024,37350.00
16639,2026-10-08,Ben,Toyota,Yaris,2015,11250.00
16640,2026-10-08,Ioane,Subaru,Forester,2025,43250.00
16641,2026-10-08,Nikau,Toyota,Aqua,2022,14100.00
16642,2026-10-08,Finn,Mazda,Axela,2022,16950.00
16643,2026-10-08,Dan,Suzuki,Swift,2015,11000.00
16644,2026-10-08,Mere,Ford,Ranger,2024,51400.00
16645,2026-10-08,Eve,Nissan,Tiida,2018,8350.00
16646,2026-10-08,Ben,Ford,Ranger,2015,35900.00
16647,2026-10-08,Eve,Subaru,Outback,2016,30400.00
16648,2026-10-08,Aroha,Toyota,RAV4,2023,48050.00
16649,2026-10-09,Hana,Ford,Ranger,2024,55700.00
16650,2026-10-09,Liam,Toyota,Aqua,2019,12600.00
16651,2026-10-09,Chloe,Hyundai,Tucson,2012,19650.00
16652,2026-10-09,Nikau,Mazda,CX-5,2024,43300.00
16653,2026-10-09,Dan,Mazda,CX-5,2023,33600.00
16654,2026-10-09,Dan,Toyota,Yaris,2016,13850.00
16655,2026-10-09,Chloe,Hyundai,Tucson,2018,25350.00
16656,2026-10-09,Olivia,Mazda,Axela,2014,10250.00
16657,2026-10-09,Liam,Hyundai,Tucson,2017,23650.00
16658,2026-10-09,Ben,Toyota,RAV4,2017,32950.00
16659,2026-10-09,Dan,Nissan,Navara,2019,38400.00
16660,2026-10-09,Eve,Suzuki,Swift,2017,11150.00
16661,2026-10-09,Mere,Mazda,BT-50,2022,43200.00
16662,2026-10-09,Olivia,Hyundai,Tucson,2017,28400.00
16663,2026-10-09,Kiri,Mazda,BT-50,2023,41250.00
16664,2026-10-09,Ben,Mazda,BT-50,2012,28150.00
16665,2026-10-09,Chloe,Mazda,CX-5,2022,40300.00
16666,2026-10-09,Nikau,Mazda,BT-50,2015,31150.00
16667,2026-10-10,Ioane,Mazda,Axela,2017,13400.00
16668,2026-10-10,Ben,Tesla,Model 3,2024,67050.00
16669,2026-10-10,Olivia,Mazda,Axela,2021,14850.00
16670,2026-10-10,Eve,Mazda,BT-50,2024,50500.00
16671,2026-10-10,Eve,Toyota,Aqua,2016,11450.00
16672,2026-10-10,Mere,Mazda,Demio,2012,5700.00
16673,2026-10-10,Kiri,Hyundai,Tucson,2019,31000.00
16674,2026-10-10,Hana,Nissan,Tiida,2025,11400.00
16675,2026-10-10,Kiri,Honda,Fit,2025,12800.00
16676,2026-10-10,Aroha,Toyota,RAV4,2020,38450.00
16677,2026-10-10,Ioane,Toyota,Yaris,2018,14150.00
16678,2026-10-10,Mere,Toyota,Aqua,2012,7050.00
16679,2026-10-10,Eve,Mazda,BT-50,2016,28500.00
16680,2026-10-10,Dan,Mitsubishi,Outlander,2016,27800.00
16681,2026-10-10,Mere,Holden,Commodore,2015,20300.00
16682,2026-10-10,Ioane,Subaru,Outback,2016,32500.00
16683,2026-10-10,Ioane,Mazda,Axela,2014,11650.00
16684,2026-10-10,Kiri,Toyota,Aqua,2012,8900.00
16685,2026-10-10,Finn,Mazda,Axela,2017,12800.00
16686,2026-10-11,Jess,Toyota,Hilux,2018,34150.00
16687,2026-10-11,Eve,Honda,CR-V,2012,21300.00
16688,2026-10-11,Nikau,Toyota,Aqua,2019,11200.00
16689,2026-10-11,Hana,Toyota,Yaris,2024,16900.00
16690,2026-10-11,Hana,Honda,CR-V,2021,28800.00
16691,2026-10-11,Finn,Honda,Fit,2020,10750.00
16692,2026-10-11,Kiri,Ford,Focus,2023,15350.00
16693,2026-10-11,Chloe,Mazda,CX-5,2023,41150.00
16694,2026-10-11,Chloe,Mazda,BT-50,2017,37600.00
16695,2026-10-11,Jess,Mazda,CX-5,2014,22250.00
16696,2026-10-11,Aroha,Toyota,Hilux,2025,53250.00
16697,2026-10-11,Jess,Nissan,Navara,2015,32550.00
16698,2026-10-11,Kiri,Toyota,Hilux,2023,56250.00
16699,2026-10-11,Kiri,Toyota,Hilux,2015,34850.00
16700,2026-10-11,Olivia,Mazda,BT-50,2017,39350.00
16701,2026-10-11,Finn,Nissan,Navara,2022,44000.00
16702,2026-10-11,Nikau,Toyota,Aqua,2013,7600.00
16703,2026-10-11,Jess,Nissan,Navara,2016,34450.00
16704,2026-10-11,Mere,Toyota,RAV4,2024,45350.00
16705,2026-10-11,Chloe,Honda,Civic,2017,16850.00
16706,2026-10-11,Kiri,Honda,Civic,2013,12900.00
16707,2026-10-11,Jess,Honda,CR-V,2023,31650.00
16708,2026-10-11,Eve,Mitsubishi,Triton,2024,40900.00
16709,2026-10-12,Kiri,Mazda,CX-5,2018,32450.00
16710,2026-10-12,Olivia,Nissan,Navara,2023,44450.00
16711,2026-10-12,Liam,Mitsubishi,Triton,2012,22400.00
16712,2026-10-12,Ioane,Kia,Sportage,2021,35600.00
16713,2026-10-12,Nikau,Toyota,Yaris,2025,18650.00
16714,2026-10-12,Liam,Nissan,Navara,2023,43300.00
16715,2026-10-12,Mere,Toyota,RAV4,2025,40800.00
16716,2026-10-12,Kiri,Mazda,BT-50,2017,38850.00
16717,2026-10-12,Ben,Mazda,CX-5,2020,30050.00
16718,2026-10-12,Dan,Honda,CR-V,2013,21300.00
16719,2026-10-12,Kiri,Honda,Civic,2022,21250.00
16720,2026-10-12,Hana,Toyota,Aqua,2012,8700.00
16721,2026-10-12,Olivia,Volkswagen,Golf,2022,23850.00
16722,2026-10-12,Olivia,Kia,Sportage,2014,20450.00
16723,2026-10-12,Hana,Mitsubishi,Triton,2014,24850.00
16724,2026-10-12,Ben,Volkswagen,Golf,2023,25200.00
16725,2026-10-12,Chloe,Honda,CR-V,2020,33500.00
16726,2026-10-13,Eve,Toyota,Yaris,2015,10750.00
16727,2026-10-13,Eve,Mitsubishi,Triton,2018,30750.00
16728,2026-10-13,Ioane,Honda,CR-V,2015,23600.00
16729,2026-10-13,Mere,Toyota,RAV4,2014,25000.00
16730,2026-10-13,Eve,Toyota,Yaris,2014,12000.00
16731,2026-10-13,Mere,Mitsubishi,Triton,2014,26900.00
16732,2026-10-13,Hana,Toyota,Corolla,2015,14350.00
16733,2026-10-13,Finn,Volkswagen,Golf,2018,22550.00
16734,2026-10-13,Jess,Honda,CR-V,2018,29750.00
16735,2026-10-13,Dan,Tesla,Model 3,2022,50700.00
16736,2026-10-13,Mere,Toyota,RAV4,2019,31850.00
16737,2026-10-13,Eve,Mazda,Demio,2018,9450.00
16738,2026-10-13,Hana,Nissan,Navara,2024,45100.00
16739,2026-10-13,Kiri,Ford,Ranger,2016,42450.00
16740,2026-10-13,Jess,Mazda,BT-50,2013,27650.00
16741,2026-10-13,Eve,Mazda,CX-5,2023,39900.00
16742,2026-10-13,Eve,Toyota,Yaris,2012,9700.00
16743,2026-10-13,Olivia,Mazda,BT-50,2014,31000.00
16744,2026-10-13,Ioane,Subaru,Outback,2013,23300.00
16745,2026-10-13,Kiri,Tesla,Model 3,2018,47000.00
16746,2026-10-13,Mere,Subaru,Outback,2021,41950.00
16747,2026-10-13,Hana,Mazda,Demio,2012,6600.00
16748,2026-10-13,Mere,Tesla,Model 3,2017,41050.00
16749,2026-10-13,Nikau,Nissan,Navara,2013,23500.00
16750,2026-10-13,Mere,Toyota,Hilux,2019,45950.00
16751,2026-10-13,Mere,Nissan,Leaf,2017,16150.00
16752,2026-10-13,Ben,Toyota,Yaris,2017,13600.00
16753,2026-10-13,Kiri,Nissan,Navara,2018,37400.00
16754,2026-10-13,Liam,Toyota,Hilux,2019,43800.00
16755,2026-10-13,Liam,Suzuki,Swift,2022,17950.00
16756,2026-10-14,Dan,Hyundai,Tucson,2017,28800.00
16757,2026-10-14,Eve,Ford,Focus,2017,9450.00
16758,2026-10-14,Liam,Mazda,Demio,2019,10800.00
16759,2026-10-14,Ioane,Hyundai,Tucson,2025,36400.00
16760,2026-10-14,Hana,Honda,CR-V,2014,19650.00
16761,2026-10-14,Liam,Honda,CR-V,2017,23350.00
16762,2026-10-14,Dan,Subaru,Outback,2012,23350.00
16763,2026-10-14,Liam,Ford,Focus,2025,16550.00
16764,2026-10-14,Chloe,Honda,Fit,2024,13450.00
16765,2026-10-14,Mere,Mazda,CX-5,2023,36200.00
16766,2026-10-14,Jess,Subaru,Forester,2024,44550.00
16767,2026-10-14,Chloe,Honda,Fit,2019,11050.00
16768,2026-10-14,Finn,Mazda,Demio,2016,8900.00
16769,2026-10-14,Jess,Toyota,Aqua,2014,10250.00
16770,2026-10-14,Ben,Suzuki,Swift,2012,8250.00
16771,2026-10-14,Ben,Toyota,Hilux,2016,39700.00
16772,2026-10-14,Hana,Mazda,BT-50,2018,38150.00
16773,2026-10-15,Liam,Toyota,Yaris,2013,10350.00
16774,2026-10-15,Hana,Tesla,Model 3,2019,52900.00
16775,2026-10-15,Jess,Kia,Sportage,2014,22000.00
16776,2026-10-15,Jess,Ford,Focus,2025,16550.00
16777,2026-10-15,Jess,Toyota,Aqua,2012,8550.00
16778,2026-10-15,Jess,Honda,Fit,2025,13850.00
16779,2026-10-15,Hana,Toyota,Aqua,2017,12550.00
16780,2026-10-15,Jess,Mitsubishi,Triton,2022,37000.00
16781,2026-10-15,Ioane,Mazda,BT-50,2018,37000.00
16782,2026-10-15,Ioane,Toyota,Yaris,2017,12350.00
16783,2026-10-15,Olivia,Holden,Commodore,2014,17650.00
16784,2026-10-15,Kiri,Suzuki,Swift,2017,13600.00
16785,2026-10-15,Eve,Nissan,Navara,2022,49250.00
16786,2026-10-15,Aroha,Honda,Fit,2025,14200.00
16787,2026-10-15,Ioane,Subaru,Outback,2024,38900.00
16788,2026-10-15,Ioane,Kia,Sportage,2023,35700.00
16789,2026-10-15,Olivia,Toyota,Aqua,2018,12850.00
16790,2026-10-15,Hana,Mazda,Demio,2015,6700.00
16791,2026-10-15,Hana,Mazda,CX-5,2019,33450.00
16792,2026-10-16,Nikau,Tesla,Model 3,2018,42050.00
16793,2026-10-16,Nikau,Volkswagen,Golf,2014,14750.00
16794,2026-10-16,Dan,Suzuki,Swift,2015,12100.00
16795,2026-10-16,Liam,Mazda,BT-50,2016,37500.00
16796,2026-10-16,Eve,Ford,Focus,2023,14850.00
16797,2026-10-16,Hana,Mazda,Demio,2023,10600.00
16798,2026-10-16,Nikau,Nissan,Navara,2021,43850.00
16799,2026-10-16,Jess,Toyota,Hilux,2017,40150.00
16800,2026-10-16,Liam,Toyota,RAV4,2021,37550.00
16801,2026-10-16,Ben,Mazda,BT-50,2013,23800.00
16802,2026-10-16,Ben,Holden,Commodore,2019,21150.00
16803,2026-10-16,Nikau,Kia,Sportage,2022,37100.00
16804,2026-10-16,Hana,Mazda,Demio,2015,7100.00
16805,2026-10-16,Jess,Suzuki,Swift,2015,11600.00
16806,2026-10-16,Eve,Toyota,Hilux,2022,42100.00
16807,2026-10-16,Liam,Nissan,Tiida,2023,9500.00
16808,2026-10-16,Olivia,Honda,Civic,2014,12150.00
16809,2026-10-16,Finn,Mazda,CX-5,2023,36650.00
16810,2026-10-16,Hana,Ford,Ranger,2017,42500.00
16811,2026-10-16,Kiri,Nissan,Leaf,2019,17150.00
16812,2026-10-16,Eve,Toyota,RAV4,2013,23550.00
16813,2026-10-16,Hana,Hyundai,Tucson,2012,16650.00
16814,2026-10-17,Chloe,Mazda,BT-50,2023,52850.00
16815,2026-10-17,Nikau,Holden,Commodore,2012,13650.00
16816,2026-10-17,Chloe,Subaru,Outback,2021,37400.00
16817,2026-10-17,Kiri,Subaru,Outback,2014,28450.00
16818,2026-10-17,Ioane,Toyota,Yaris,2017,12600.00
16819,2026-10-17,Dan,Toyota,Aqua,2023,14950.00
16820,2026-10-17,Chloe,Hyundai,Tucson,2025,44350.00
16821,2026-10-17,Jess,Kia,Sportage,2020,33500.00
16822,2026-10-17,Ioane,Toyota,RAV4,2015,31250.00
16823,2026-10-17,Hana,Subaru,Outback,2019,38300.00
16824,2026-10-17,Hana,Toyota,Aqua,2019,11650.00
16825,2026-10-17,Finn,Ford,Ranger,2023,52600.00
16826,2026-10-17,Ioane,Toyota,Aqua,2013,9650.00
16827,2026-10-17,Dan,Suzuki,Swift,2025,15900.00
16828,2026-10-17,Eve,Toyota,Yaris,2017,13750.00
16829,2026-10-17,Kiri,Nissan,Navara,2017,30400.00
16830,2026-10-17,Jess,Nissan,Navara,2018,33400.00
16831,2026-10-17,Liam,Toyota,Aqua,2012,9100.00
16832,2026-10-17,Chloe,Honda,Civic,2022,21800.00
16833,2026-10-17,Chloe,Nissan,Leaf,2023,20150.00
16834,2026-10-17,Aroha,Suzuki,Swift,2022,16550.00
16835,2026-10-17,Ioane,Ford,Focus,2019,11400.00
16836,2026-10-17,Jess,Toyota,RAV4,2016,32050.00
16837,2026-10-17,Nikau,Hyundai,Tucson,2017,25650.00
16838,2026-10-17,Mere,Volkswagen,Golf,2020,19200.00
16839,2026-10-17,Mere,Toyota,Yaris,2017,11450.00
16840,2026-10-17,Olivia,Toyota,RAV4,2025,51300.00
16841,2026-10-17,Mere,Nissan,Tiida,2019,9250.00
16842,2026-10-18,Jess,Kia,Sportage,2023,35800.00
16843,2026-10-18,Kiri,Hyundai,Tucson,2013,17750.00
16844,2026-10-18,Ioane,Kia,Sportage,2017,23000.00
16845,2026-10-18,Mere,Volkswagen,Golf,2022,26400.00
16846,2026-10-18,Mere,Mazda,BT-50,2021,44550.00
16847,2026-10-18,Jess,Mitsubishi,Triton,2016,28950.00
16848,2026-10-18,Liam,Hyundai,Tucson,2014,20300.00
16849,2026-10-18,Liam,Mitsubishi,Outlander,2024,37600.00
16850,2026-10-18,Olivia,Ford,Ranger,2022,48450.00
16851,2026-10-18,Jess,Mazda,BT-50,2017,34100.00
16852,2026-10-18,Kiri,Toyota,Aqua,2021,13850.00
16853,2026-10-18,Kiri,Mazda,BT-50,2018,34300.00
16854,2026-10-18,Dan,Suzuki,Swift,2016,11000.00
16855,2026-10-18,Eve,Ford,Focus,2014,7800.00
16856,2026-10-18,Dan,Toyota,Aqua,2020,13450.00
16857,2026-10-18,Jess,Nissan,Leaf,2013,12550.00
16858,2026-10-18,Hana,Mazda,CX-5,2015,26750.00
16859,2026-10-18,Kiri,Mitsubishi,Triton,2017,28300.00
16860,2026-10-18,Finn,Mitsubishi,Triton,2020,33550.00
16861,2026-10-18,Chloe,Subaru,Outback,2017,29600.00
16862,2026-10-18,Dan,Mazda,BT-50,2019,35400.00
16863,2026-10-18,Olivia,Nissan,Navara,2018,35900.00
16864,2026-10-18,Jess,Nissan,Tiida,2020,8200.00
16865,2026-10-18,Mere,Mitsubishi,Triton,2015,24000.00
16866,2026-10-19,Nikau,Honda,CR-V,2012,16850.00
16867,2026-10-19,Liam,Subaru,Outback,2025,49500.00
16868,2026-10-19,Hana,Mazda,BT-50,2020,35500.00
16869,2026-10-19,Chloe,Toyota,Corolla,2020,19000.00
16870,2026-10-19,Dan,Hyundai,Tucson,2020,30150.00
16871,2026-10-19,Aroha,Kia,Sportage,2013,19300.00
16872,2026-10-19,Ioane,Mazda,Axela,2017,11500.00
16873,2026-10-19,Chloe,Honda,CR-V,2013,19250.00
16874,2026-10-19,Ioane,Subaru,Outback,2021,39900.00
16875,2026-10-19,Eve,Tesla,Model 3,2017,50700.00
16876,2026-10-19,Ben,Mazda,BT-50,2016,29750.00
16877,2026-10-19,Kiri,Toyota,Corolla,2013,14000.00
16878,2026-10-19,Olivia,Toyota,RAV4,2025,52800.00
16879,2026-10-19,Finn,Honda,CR-V,2023,34500.00
16880,2026-10-19,Ioane,Mazda,BT-50,2014,29600.00
16881,2026-10-19,Mere,Toyota,Yaris,2022,14500.00
16882,2026-10-19,Hana,Toyota,Yaris,2022,15200.00
16883,2026-10-19,Kiri,Toyota,RAV4,2017,31850.00
16884,2026-10-19,Mere,Toyota,Aqua,2018,10650.00
16885,2026-10-19,Mere,Toyota,RAV4,2013,23500.00
16886,2026-10-19,Kiri,Mitsubishi,Triton,2012,22300.00
16887,2026-10-19,Ben,Volkswagen,Golf,2012,11600.00
16888,2026-10-19,Kiri,Ford,Focus,2025,13650.00
16889,2026-10-19,Chloe,Nissan,Navara,2020,39300.00
16890,2026-10-19,Ioane,Honda,CR-V,2022,33650.00
16891,2026-10-19,Ben,Nissan,Navara,2013,26200.00
16892,2026-10-19,Hana,Tesla,Model 3,2018,44700.00
16893,2026-10-19,Kiri,Tesla,Model 3,2021,63400.00
16894,2026-10-20,Finn,Toyota,Yaris,2015,11750.00
16895,2026-10-20,Olivia,Toyota,Aqua,2017,10500.00
16896,2026-10-20,Olivia,Nissan,Navara,2021,39700.00
16897,2026-10-20,Jess,Holden,Commodore,2019,20300.00
16898,2026-10-20,Liam,Toyota,Corolla,2022,19900.00
16899,2026-10-20,Ioane,Nissan,Tiida,2022,8900.00
16900,2026-10-20,Eve,Mazda,Demio,2016,7150.00
16901,2026-10-20,Jess,Toyota,Yaris,2024,17050.00
16902,2026-10-20,Mere,Honda,Fit,2012,6250.00
16903,2026-10-20,Mere,Toyota,Corolla,2012,11950.00
16904,2026-10-20,Hana,Tesla,Model 3,2022,62350.00
16905,2026-10-20,Eve,Nissan,Navara,2012,26050.00
16906,2026-10-20,Dan,Ford,Ranger,2014,29100.00
16907,2026-10-20,Finn,Subaru,Forester,2019,36200.00
16908,2026-10-20,Jess,Tesla,Model 3,2012,35050.00
16909,2026-10-20,Mere,Mitsubishi,Triton,2012,25500.00
16910,2026-10-20,Jess,Toyota,Aqua,2012,7750.00
16911,2026-10-21,Jess,Nissan,Leaf,2014,11300.00
16912,2026-10-21,Kiri,Mitsubishi,Triton,2015,27950.00
16913,2026-10-21,Mere,Honda,Fit,2016,10350.00
16914,2026-10-21,Ioane,Honda,CR-V,2016,23550.00
16915,2026-10-21,Mere,Ford,Focus,2018,13150.00
16916,2026-10-21,Dan,Honda,CR-V,2014,18950.00
16917,2026-10-21,Eve,Hyundai,Tucson,2025,44800.00
16918,2026-10-21,Ioane,Tesla,Model 3,2012,34350.00
16919,2026-10-21,Finn,Hyundai,Tucson,2015,26850.00
16920,2026-10-21,Ioane,Toyota,Hilux,2024,52550.00
16921,2026-10-21,Finn,Kia,Sportage,2022,37700.00
16922,2026-10-21,Mere,Volkswagen,Golf,2024,26150.00
16923,2026-10-21,Nikau,Tesla,Model 3,2023,67600.00
16924,2026-10-21,Liam,Mazda,CX-5,2024,45050.00
16925,2026-10-21,Jess,Subaru,Outback,2025,47300.00
16926,2026-10-21,Finn,Mazda,BT-50,2023,40150.00
16927,2026-10-21,Ioane,Nissan,Navara,2018,35050.00
16928,2026-10-21,Ioane,Mazda,CX-5,2012,17950.00
16929,2026-10-21,Ioane,Tesla,Model 3,2016,43600.00
16930,2026-10-21,Finn,Mazda,BT-50,2019,38600.00
16931,2026-10-21,Mere,Mazda,Demio,2018,8250.00
16932,2026-10-21,Ben,Nissan,Navara,2013,28650.00
16933,2026-10-21,Kiri,Holden,Commodore,2014,18650.00
16934,2026-10-22,Nikau,Honda,Fit,2017,9650.00
16935,2026-10-22,Ben,Toyota,Aqua,2025,18200.00
16936,2026-10-22,Nikau,Mazda,BT-50,2018,32450.00
16937,2026-10-22,Ben,Toyota,RAV4,2022,41850.00
16938,2026-10-22,Chloe,Mazda,BT-50,2020,41700.00
16939,2026-10-22,Jess,Mazda,BT-50,2025,45850.00
16940,2026-10-22,Eve,Suzuki,Swift,2018,14800.00
16941,2026-10-22,Ioane,Toyota,RAV4,2023,47950.00
16942,2026-10-22,Liam,Kia,Sportage,2023,34300.00
16943,2026-10-22,Eve,Mazda,CX-5,2016,23400.00
16944,2026-10-22,Kiri,Mazda,BT-50,2021,46300.00
16945,2026-10-22,Liam,Kia,Sportage,2018,28350.00
16946,2026-10-22,Chloe,Honda,Civic,2012,12250.00
16947,2026-10-22,Dan,Honda,CR-V,2025,36850.00
16948,2026-10-22,Eve,Mazda,Demio,2020,11450.00
16949,2026-10-22,Liam,Mazda,Axela,2022,15900.00
16950,2026-10-22,Liam,Tesla,Model 3,2019,43350.00
16951,2026-10-22,Liam,Mitsubishi,Triton,2019,31500.00
16952,2026-10-22,Jess,Mazda,Demio,2018,7950.00
16953,2026-10-22,Chloe,Toyota,RAV4,2014,29850.00
16954,2026-10-22,Ioane,Mazda,Demio,2021,12000.00
16955,2026-10-22,Eve,Mitsubishi,Triton,2016,33550.00
16956,2026-10-22,Kiri,Toyota,RAV4,2021,37900.00
16957,2026-10-22,Finn,Mitsubishi,Triton,2016,29750.00
16958,2026-10-22,Jess,Mazda,BT-50,2021,46100.00
16959,2026-10-23,Kiri,Nissan,Tiida,2016,6000.00
16960,2026-10-23,Dan,Ford,Ranger,2015,37700.00
16961,2026-10-23,Finn,Mazda,CX-5,2024,34100.00
16962,2026-10-23,Eve,Holden,Commodore,2020,25850.00
16963,2026-10-23,Mere,Ford,Ranger,2012,30150.00
16964,2026-10-23,Liam,Honda,CR-V,2017,26300.00
16965,2026-10-23,Hana,Mitsubishi,Outlander,2015,29250.00
16966,2026-10-23,Eve,Honda,Fit,2017,8900.00
16967,2026-10-23,Eve,Kia,Sportage,2020,31550.00
16968,2026-10-23,Jess,Mazda,CX-5,2017,31050.00
16969,2026-10-23,Olivia,Honda,CR-V,2020,35450.00
16970,2026-10-23,Ben,Ford,Ranger,2022,45750.00
16971,2026-10-23,Eve,Toyota,RAV4,2019,34650.00
16972,2026-10-23,Dan,Hyundai,Tucson,2014,23250.00
16973,2026-10-23,Ioane,Suzuki,Swift,2020,15450.00
16974,2026-10-23,Jess,Toyota,Yaris,2015,10450.00
16975,2026-10-23,Chloe,Honda,Fit,2021,10550.00
16976,2026-10-23,Hana,Ford,Focus,2024,17300.00
16977,2026-10-24,Finn,Toyota,Yaris,2012,10150.00
16978,2026-10-24,Olivia,Volkswagen,Golf,2018,20850.00
16979,2026-10-24,Mere,Mitsubishi,Triton,2016,31250.00
16980,2026-10-24,Ben,Subaru,Outback,2015,25400.00
16981,2026-10-24,Finn,Mazda,BT-50,2016,30750.00
16982,2026-10-24,Mere,Kia,Sportage,2017,23200.00
16983,2026-10-24,Mere,Mazda,BT-50,2017,34300.00
16984,2026-10-24,Eve,Volkswagen,Golf,2015,16650.00
16985,2026-10-24,Kiri,Mazda,Axela,2014,10800.00
16986,2026-10-24,Kiri,Subaru,Outback,2017,27200.00
16987,2026-10-24,Olivia,Mazda,Demio,2023,11300.00
16988,2026-10-24,Mere,Mazda,Demio,2015,7650.00
16989,2026-10-24,Chloe,Nissan,Navara,2018,38950.00
16990,2026-10-24,Hana,Suzuki,Swift,2025,15750.00
16991,2026-10-24,Dan,Mazda,CX-5,2018,32200.00
16992,2026-10-24,Liam,Honda,CR-V,2021,31450.00
16993,2026-10-24,Dan,Mazda,Demio,2024,11250.00
16994,2026-10-24,Liam,Hyundai,Tucson,2024,42600.00
16995,2026-10-24,Chloe,Toyota,Yaris,2017,12500.00
16996,2026-10-24,Liam,Tesla,Model 3,2012,28100.00
16997,2026-10-24,Chloe,Honda,Civic,2025,21950.00
16998,2026-10-24,Kiri,Tesla,Model 3,2016,45950.00
16999,2026-10-24,Dan,Mazda,Axela,2013,10750.00
17000,2026-10-24,Liam,Honda,Civic,2017,17150.00
17001,2026-10-24,Dan,Tesla,Model 3,2020,58750.00
17002,2026-10-24,Mere,Toyota,RAV4,2023,41400.00
17003,2026-10-24,Mere,Volkswagen,Golf,2020,24800.00
17004,2026-10-25,Finn,Holden,Commodore,2021,27500.00
17005,2026-10-25,Hana,Mazda,Demio,2015,6800.00
17006,2026-10-25,Jess,Mazda,Axela,2019,13650.00
17007,2026-10-25,Chloe,Toyota,Yaris,2023,16900.00
17008,2026-10-25,Ioane,Tesla,Model 3,2018,50950.00
17009,2026-10-25,Mere,Ford,Focus,2023,15100.00
17010,2026-10-25,Ioane,Toyota,Yaris,2012,9950.00
17011,2026-10-25,Finn,Mazda,BT-50,2021,43150.00
17012,2026-10-25,Aroha,Hyundai,Tucson,2017,23050.00
17013,2026-10-25,Ben,Mitsubishi,Triton,2020,33800.00
17014,2026-10-25,Olivia,Tesla,Model 3,2022,61900.00
17015,2026-10-25,Jess,Toyota,Yaris,2018,14200.00
17016,2026-10-25,Eve,Ford,Focus,2015,10750.00
17017,2026-10-25,Liam,Subaru,Outback,2014,23900.00
17018,2026-10-25,Finn,Ford,Focus,2024,16700.00
17019,2026-10-25,Hana,Holden,Commodore,2012,14800.00
17020,2026-10-25,Hana,Honda,Fit,2018,10950.00
17021,2026-10-25,Kiri,Mazda,CX-5,2012,19900.00
17022,2026-10-25,Mere,Mazda,CX-5,2021,36000.00
17023,2026-10-25,Mere,Honda,CR-V,2024,40250.00
17024,2026-10-25,Olivia,Suzuki,Swift,2023,17350.00
17025,2026-10-25,Ioane,Ford,Ranger,2025,60100.00
17026,2026-10-25,Mere,Hyundai,Tucson,2023,36300.00
17027,2026-10-25,Eve,Holden,Commodore,2023,26650.00
17028,2026-10-25,Chloe,Kia,Sportage,2016,24350.00
17029,2026-10-25,Chloe,Ford,Ranger,2018,46550.00
17030,2026-10-25,Hana,Ford,Ranger,2019,48700.00
17031,2026-10-26,Jess,Kia,Sportage,2015,22300.00
17032,2026-10-26,Jess,Mitsubishi,Triton,2013,25800.00
17033,2026-10-26,Liam,Hyundai,Tucson,2019,29750.00
17034,2026-10-26,Jess,Nissan,Tiida,2021,9250.00
17035,2026-10-26,Chloe,Volkswagen,Golf,2014,16300.00
17036,2026-10-26,Mere,Honda,Fit,2013,8900.00
17037,2026-10-26,Ioane,Tesla,Model 3,2024,54500.00
17038,2026-10-26,Dan,Suzuki,Swift,2023,17750.00
17039,2026-10-26,Liam,Toyota,Hilux,2021,42150.00
17040,2026-10-26,Olivia,Toyota,Yaris,2023,18100.00
17041,2026-10-26,Ben,Volkswagen,Golf,2024,27200.00
17042,2026-10-26,Liam,Kia,Sportage,2017,22100.00
17043,2026-10-26,Dan,Tesla,Model 3,2023,64950.00
17044,2026-10-26,Jess,Toyota,Yaris,2016,14000.00
17045,2026-10-26,Finn,Mitsubishi,Triton,2017,36200.00
17046,2026-10-26,Dan,Honda,Fit,2017,11150.00
17047,2026-10-26,Aroha,Toyota,RAV4,2020,40400.00
17048,2026-10-26,Liam,Subaru,Outback,2023,44900.00
17049,2026-10-26,Eve,Toyota,Hilux,2023,50500.00
17050,2026-10-26,Ioane,Subaru,Outback,2024,41950.00
17051,2026-10-26,Kiri,Mazda,BT-50,2016,37550.00
17052,2026-10-26,Kiri,Mazda,BT-50,2023,51650.00
17053,2026-10-26,Eve,Mazda,BT-50,2014,29200.00
17054,2026-10-27,Jess,Toyota,Corolla,2023,21550.00
17055,2026-10-27,Liam,Volkswagen,Golf,2020,19550.00
17056,2026-10-27,Kiri,Toyota,RAV4,2021,44500.00
17057,2026-10-27,Liam,Mitsubishi,Triton,2025,42600.00
17058,2026-10-27,Jess,Ford,Ranger,2019,44700.00
17059,2026-10-27,Jess,Subaru,Forester,2021,38600.00
17060,2026-10-27,Aroha,Toyota,Aqua,2019,13250.00
17061,2026-10-27,Olivia,Honda,Fit,2018,11850.00
17062,2026-10-27,Mere,Ford,Ranger,2020,42600.00
17063,2026-10-27,Olivia,Toyota,Yaris,2019,13100.00
17064,2026-10-27,Ioane,Mitsubishi,Triton,2025,47950.00
17065,2026-10-27,Hana,Suzuki,Swift,2016,11850.00
17066,2026-10-27,Ben,Hyundai,Tucson,2021,37400.00
17067,2026-10-27,Hana,Hyundai,Tucson,2013,20700.00
17068,2026-10-27,Ben,Subaru,Outback,2020,38200.00
17069,2026-10-27,Dan,Toyota,Aqua,2019,12450.00
17070,2026-10-27,Aroha,Volkswagen,Golf,2018,21350.00
17071,2026-10-27,Liam,Tesla,Model 3,2021,52750.00
17072,2026-10-27,Liam,Subaru,Outback,2020,39250.00
17073,2026-10-27,Eve,Mazda,BT-50,2023,45150.00
17074,2026-10-27,Liam,Mitsubishi,Triton,2017,30650.00
17075,2026-10-27,Nikau,Honda,Fit,2020,10550.00
17076,2026-10-27,Eve,Tesla,Model 3,2017,40550.00
17077,2026-10-27,Ioane,Mazda,Demio,2018,8150.00
17078,2026-10-27,Finn,Mitsubishi,Triton,2022,40200.00
17079,2026-10-27,Aroha,Kia,Sportage,2013,17450.00
17080,2026-10-27,Olivia,Hyundai,Tucson,2019,29050.00
17081,2026-10-27,Ioane,Volkswagen,Golf,2016,19150.00
17082,2026-10-27,Eve,Toyota,Yaris,2019,15550.00
17083,2026-10-28,Dan,Ford,Focus,2012,8050.00
17084,2026-10-28,Mere,Subaru,Outback,2013,24550.00
17085,2026-10-28,Ioane,Kia,Sportage,2022,28950.00
17086,2026-10-28,Liam,Holden,Commodore,2012,13000.00
17087,2026-10-28,Mere,Toyota,RAV4,2024,48250.00
17088,2026-10-28,Mere,Mitsubishi,Outlander,2023,41850.00
17089,2026-10-28,Finn,Mitsubishi,Triton,2022,38000.00
17090,2026-10-28,Mere,Mazda,BT-50,2021,44600.00
17091,2026-10-28,Finn,Volkswagen,Golf,2013,15100.00
17092,2026-10-28,Liam,Tesla,Model 3,2012,33000.00
17093,2026-10-28,Hana,Subaru,Outback,2016,28150.00
17094,2026-10-28,Aroha,Toyota,RAV4,2013,27600.00
17095,2026-10-28,Olivia,Toyota,RAV4,2019,41500.00
17096,2026-10-28,Chloe,Mazda,BT-50,2019,39250.00
17097,2026-10-28,Dan,Mitsubishi,Triton,2022,37400.00
17098,2026-10-28,Aroha,Ford,Focus,2013,8650.00
17099,2026-10-28,Olivia,Volkswagen,Golf,2022,21100.00
17100,2026-10-28,Chloe,Kia,Sportage,2019,31750.00
17101,2026-10-28,Liam,Toyota,Aqua,2024,15650.00
17102,2026-10-28,Hana,Volkswagen,Golf,2016,17700.00
17103,2026-10-28,Finn,Honda,CR-V,2021,35350.00
17104,2026-10-28,Ioane,Honda,CR-V,2021,30650.00
17105,2026-10-28,Nikau,Tesla,Model 3,2016,45200.00
17106,2026-10-28,Jess,Subaru,Forester,2013,22400.00
17107,2026-10-28,Liam,Toyota,Hilux,2024,57150.00
17108,2026-10-28,Mere,Honda,CR-V,2020,33300.00
17109,2026-10-29,Liam,Toyota,RAV4,2021,43400.00
17110,2026-10-29,Ben,Kia,Sportage,2022,32050.00
17111,2026-10-29,Aroha,Kia,Sportage,2018,27350.00
17112,2026-10-29,Jess,Toyota,Yaris,2020,13700.00
17113,2026-10-29,Ioane,Toyota,Aqua,2022,16000.00
17114,2026-10-29,Ben,Ford,Focus,2025,15350.00
17115,2026-10-29,Chloe,Nissan,Leaf,2017,16050.00
17116,2026-10-29,Hana,Toyota,Aqua,2020,13800.00
17117,2026-10-29,Chloe,Tesla,Model 3,2015,39500.00
17118,2026-10-29,Finn,Ford,Ranger,2017,44100.00
17119,2026-10-29,Jess,Tesla,Model 3,2015,44300.00
17120,2026-10-29,Dan,Toyota,Yaris,2013,10550.00
17121,2026-10-29,Eve,Toyota,Aqua,2012,9050.00
17122,2026-10-29,Olivia,Volkswagen,Golf,2015,15900.00
17123,2026-10-29,Dan,Toyota,Aqua,2015,11200.00
17124,2026-10-29,Kiri,Honda,CR-V,2018,30450.00
17125,2026-10-29,Liam,Nissan,Navara,2013,22450.00
17126,2026-10-29,Jess,Subaru,Outback,2021,37300.00
17127,2026-10-29,Ben,Toyota,RAV4,2016,33650.00
17128,2026-10-29,Eve,Ford,Focus,2024,16750.00
17129,2026-10-29,Olivia,Volkswagen,Golf,2024,24600.00
17130,2026-10-29,Mere,Hyundai,Tucson,2013,20700.00
17131,2026-10-29,Nikau,Mazda,Demio,2012,5950.00
17132,2026-10-29,Aroha,Honda,Fit,2025,14450.00
17133,2026-10-29,Chloe,Mitsubishi,Triton,2023,47150.00
17134,2026-10-30,Kiri,Toyota,RAV4,2016,30500.00
17135,2026-10-30,Kiri,Toyota,RAV4,2014,26450.00
17136,2026-10-30,Olivia,Mazda,BT-50,2015,27850.00
17137,2026-10-30,Olivia,Volkswagen,Golf,2014,15450.00
17138,2026-10-30,Liam,Honda,Civic,2016,15100.00
17139,2026-10-30,Chloe,Toyota,RAV4,2012,25750.00
17140,2026-10-30,Kiri,Mitsubishi,Triton,2023,41750.00
17141,2026-10-30,Chloe,Toyota,Hilux,2017,42550.00
17142,2026-10-30,Aroha,Mazda,Demio,2018,8700.00
17143,2026-10-30,Aroha,Mazda,BT-50,2018,31650.00
17144,2026-10-30,Ben,Toyota,Aqua,2021,15100.00
17145,2026-10-30,Kiri,Kia,Sportage,2016,23300.00
17146,2026-10-30,Aroha,Toyota,RAV4,2025,43450.00
17147,2026-10-30,Hana,Subaru,Outback,2015,28300.00
17148,2026-10-30,Mere,Toyota,RAV4,2013,28150.00
17149,2026-10-30,Hana,Mazda,BT-50,2022,50500.00
17150,2026-10-30,Olivia,Toyota,Aqua,2018,12300.00
17151,2026-10-30,Mere,Tesla,Model 3,2017,41100.00
17152,2026-10-30,Jess,Toyota,Aqua,2013,8550.00
17153,2026-10-30,Ioane,Tesla,Model 3,2013,36600.00
17154,2026-10-30,Nikau,Kia,Sportage,2014,22100.00
17155,2026-10-30,Finn,Nissan,Tiida,2019,8500.00
17156,2026-10-30,Ioane,Mazda,CX-5,2019,33000.00
17157,2026-10-30,Kiri,Mitsubishi,Triton,2020,36750.00
17158,2026-10-30,Ioane,Honda,Civic,2017,18600.00
17159,2026-10-30,Ben,Volkswagen,Golf,2019,20300.00
17160,2026-10-30,Chloe,Volkswagen,Golf,2012,14250.00
17161,2026-10-30,Jess,Mazda,BT-50,2017,38550.00
17162,2026-10-31,Liam,Volkswagen,Golf,2024,25300.00
17163,2026-10-31,Jess,Honda,CR-V,2013,17950.00
17164,2026-10-31,Finn,Mazda,Axela,2024,15800.00
17165,2026-10-31,Olivia,Mazda,BT-50,2016,30500.00
17166,2026-10-31,Olivia,Honda,CR-V,2024,38300.00
17167,2026-10-31,Finn,Mitsubishi,Triton,2024,40200.00
17168,2026-10-31,Aroha,Tesla,Model 3,2024,56450.00
17169,2026-10-31,Liam,Toyota,RAV4,2021,35900.00
17170,2026-10-31,Mere,Subaru,Forester,2018,32300.00
17171,2026-10-31,Hana,Mazda,Demio,2015,7700.00
17172,2026-10-31,Ioane,Tesla,Model 3,2019,51050.00
17173,2026-10-31,Hana,Mitsubishi,Outlander,2014,21550.00
17174,2026-10-31,Mere,Hyundai,Tucson,2025,38350.00
17175,2026-10-31,Olivia,Mazda,Axela,2025,17050.00
17176,2026-10-31,Kiri,Nissan,Leaf,2018,17500.00
17177,2026-10-31,Ben,Subaru,Outback,2017,30650.00
17178,2026-10-31,Aroha,Toyota,RAV4,2013,27400.00
17179,2026-10-31,Liam,Toyota,Yaris,2022,16900.00
17180,2026-10-31,Aroha,Nissan,Tiida,2016,6100.00
17181,2026-10-31,Aroha,Toyota,RAV4,2018,33050.00
17182,2026-10-31,Finn,Ford,Ranger,2019,40750.00
17183,2026-10-31,Mere,Ford,Focus,2020,11800.00
17184,2026-10-31,Mere,Nissan,Navara,2016,36850.00
17185,2026-10-31,Liam,Hyundai,Tucson,2014,19400.00
17186,2026-10-31,Finn,Ford,Focus,2016,11200.00
17187,2026-11-01,Mere,Ford,Focus,2020,12950.00
17188,2026-11-01,Olivia,Toyota,Hilux,2024,54000.00
17189,2026-11-01,Dan,Suzuki,Swift,2013,9400.00
17190,2026-11-01,Dan,Suzuki,Swift,2023,18550.00
17191,2026-11-01,Dan,Hyundai,Tucson,2014,20150.00
17192,2026-11-01,Hana,Nissan,Leaf,2024,23500.00
17193,2026-11-01,Ioane,Mitsubishi,Triton,2022,36600.00
17194,2026-11-01,Ioane,Toyota,RAV4,2018,32950.00
17195,2026-11-01,Liam,Honda,CR-V,2017,27950.00
17196,2026-11-01,Hana,Holden,Commodore,2022,26200.00
17197,2026-11-01,Ioane,Honda,Fit,2024,12450.00
17198,2026-11-01,Aroha,Mazda,Demio,2020,10950.00
17199,2026-11-01,Chloe,Holden,Commodore,2016,22100.00
17200,2026-11-01,Ioane,Mazda,BT-50,2016,32000.00
17201,2026-11-01,Jess,Mazda,Demio,2020,9100.00
17202,2026-11-01,Liam,Hyundai,Tucson,2025,38250.00
17203,2026-11-01,Eve,Suzuki,Swift,2016,10300.00
17204,2026-11-01,Mere,Subaru,Outback,2024,46350.00
17205,2026-11-01,Mere,Honda,Civic,2018,15700.00
17206,2026-11-01,Hana,Toyota,Aqua,2019,13200.00
17207,2026-11-01,Mere,Toyota,Yaris,2018,13100.00
17208,2026-11-01,Kiri,Toyota,Corolla,2012,11350.00
17209,2026-11-01,Kiri,Mazda,Axela,2012,9050.00
17210,2026-11-01,Chloe,Toyota,RAV4,2013,28400.00
17211,2026-11-01,Aroha,Toyota,Aqua,2014,10100.00
17212,2026-11-01,Mere,Toyota,Hilux,2016,35700.00
17213,2026-11-01,Olivia,Mazda,BT-50,2025,44850.00
17214,2026-11-01,Hana,Volkswagen,Golf,2024,22600.00
17215,2026-11-02,Ioane,Mazda,Demio,2025,14200.00
17216,2026-11-02,Ioane,Ford,Ranger,2016,33300.00
17217,2026-11-02,Olivia,Toyota,Hilux,2018,34050.00
17218,2026-11-02,Ioane,Toyota,Yaris,2019,12800.00
17219,2026-11-02,Dan,Honda,Civic,2024,20200.00
17220,2026-11-02,Mere,Mitsubishi,Outlander,2023,39150.00
17221,2026-11-02,Mere,Mazda,Axela,2015,9400.00
17222,2026-11-02,Olivia,Nissan,Navara,2015,28400.00
17223,2026-11-02,Hana,Toyota,Aqua,2016,12500.00
17224,2026-11-02,Olivia,Subaru,Forester,2016,29950.00
17225,2026-11-02,Finn,Toyota,Aqua,2022,12800.00
17226,2026-11-02,Olivia,Hyundai,Tucson,2016,22500.00
17227,2026-11-02,Ioane,Mitsubishi,Triton,2016,31900.00
17228,2026-11-02,Ben,Subaru,Outback,2018,37050.00
17229,2026-11-02,Mere,Nissan,Tiida,2024,9900.00
17230,2026-11-02,Mere,Volkswagen,Golf,2020,21150.00
17231,2026-11-02,Dan,Tesla,Model 3,2024,62650.00
17232,2026-11-02,Chloe,Nissan,Tiida,2018,7900.00
17233,2026-11-02,Eve,Kia,Sportage,2023,35650.00
17234,2026-11-02,Chloe,Volkswagen,Golf,2022,26950.00
17235,2026-11-02,Hana,Toyota,Yaris,2020,14800.00
17236,2026-11-02,Liam,Toyota,Corolla,2013,14550.00
17237,2026-11-02,Eve,Toyota,Hilux,2013,24400.00
17238,2026-11-02,Hana,Subaru,Forester,2019,27300.00
17239,2026-11-02,Olivia,Volkswagen,Golf,2013,13700.00
17240,2026-11-02,Kiri,Toyota,Aqua,2022,12800.00
17241,2026-11-02,Mere,Suzuki,Swift,2012,9400.00
17242,2026-11-02,Ioane,Subaru,Forester,2022,39000.00
17243,2026-11-02,Mere,Mitsubishi,Triton,2015,31650.00
17244,2026-11-02,Hana,Tesla,Model 3,2020,46650.00
17245,2026-11-02,Ioane,Toyota,Yaris,2025,21100.00
17246,2026-11-02,Jess,Toyota,RAV4,2012,21150.00
17247,2026-11-02,Eve,Mitsubishi,Triton,2024,43450.00
17248,2026-11-03,Jess,Mitsubishi,Triton,2017,31500.00
17249,2026-11-03,Mere,Toyota,Yaris,2013,11150.00
17250,2026-11-03,Nikau,Mazda,BT-50,2023,47350.00
17251,2026-11-03,Chloe,Honda,Fit,2019,12750.00
17252,2026-11-03,Nikau,Ford,Focus,2019,10750.00
17253,2026-11-03,Liam,Honda,Civic,2019,20650.00
17254,2026-11-03,Dan,Nissan,Navara,2024,52050.00
17255,2026-11-03,Eve,Honda,CR-V,2018,31550.00
17256,2026-11-03,Ben,Kia,Sportage,2025,36900.00
17257,2026-11-03,Nikau,Mazda,Demio,2019,10550.00
17258,2026-11-03,Mere,Honda,CR-V,2022,30900.00
17259,2026-11-03,Finn,Kia,Sportage,2015,20850.00
17260,2026-11-03,Dan,Nissan,Navara,2025,44450.00
17261,2026-11-03,Ben,Mitsubishi,Outlander,2012,18200.00
17262,2026-11-03,Aroha,Toyota,Corolla,2020,17650.00
17263,2026-11-03,Ioane,Subaru,Outback,2025,49600.00
17264,2026-11-03,Nikau,Nissan,Tiida,2023,10950.00
17265,2026-11-03,Kiri,Toyota,Corolla,2013,15000.00
17266,2026-11-03,Hana,Mitsubishi,Outlander,2020,37250.00
17267,2026-11-03,Ben,Kia,Sportage,2016,23950.00
17268,2026-11-03,Dan,Hyundai,Tucson,2017,28150.00
17269,2026-11-03,Finn,Honda,Fit,2018,10950.00
17270,2026-11-03,Kiri,Mazda,BT-50,2021,39750.00
17271,2026-11-03,Finn,Ford,Focus,2025,14450.00
17272,2026-11-03,Liam,Toyota,RAV4,2022,39650.00
17273,2026-11-03,Ben,Suzuki,Swift,2018,12100.00
17274,2026-11-03,Aroha,Subaru,Outback,2023,45750.00
17275,2026-11-03,Eve,Toyota,Aqua,2022,13000.00
17276,2026-11-03,Ben,Toyota,RAV4,2015,25100.00
17277,2026-11-03,Mere,Hyundai,Tucson,2012,22100.00
17278,2026-11-03,Chloe,Toyota,Aqua,2022,16950.00
17279,2026-11-03,Eve,Mazda,CX-5,2012,18500.00
17280,2026-11-03,Aroha,Ford,Focus,2024,17200.00
17281,2026-11-03,Eve,Honda,Fit,2017,10350.00
17282,2026-11-03,Liam,Ford,Ranger,2024,52050.00
17283,2026-11-04,Liam,Mitsubishi,Outlander,2017,26050.00
17284,2026-11-04,Jess,Toyota,Hilux,2018,34000.00
17285,2026-11-04,Jess,Toyota,RAV4,2016,31350.00
17286,2026-11-04,Eve,Nissan,Navara,2023,49550.00
17287,2026-11-04,Nikau,Mitsubishi,Triton,2023,48800.00
17288,2026-11-04,Nikau,Toyota,Yaris,2025,18000.00
17289,2026-11-04,Ben,Honda,CR-V,2025,44050.00
17290,2026-11-04,Chloe,Toyota,Aqua,2020,14600.00
17291,2026-11-04,Finn,Suzuki,Swift,2025,16300.00
17292,2026-11-04,Ben,Hyundai,Tucson,2020,33700.00
17293,2026-11-04,Chloe,Holden,Commodore,2015,18800.00
17294,2026-11-04,Ben,Subaru,Outback,2015,28450.00
17295,2026-11-04,Hana,Mazda,BT-50,2016,36900.00
17296,2026-11-04,Mere,Volkswagen,Golf,2015,15500.00
17297,2026-11-04,Finn,Tesla,Model 3,2017,49950.00
17298,2026-11-04,Liam,Tesla,Model 3,2014,38750.00
17299,2026-11-04,Hana,Mitsubishi,Triton,2017,29250.00
17300,2026-11-04,Finn,Tesla,Model 3,2015,37400.00
17301,2026-11-04,Olivia,Holden,Commodore,2025,33550.00
17302,2026-11-04,Jess,Honda,CR-V,2017,22450.00
17303,2026-11-04,Olivia,Kia,Sportage,2025,34750.00
17304,2026-11-04,Ioane,Toyota,Aqua,2023,17650.00
17305,2026-11-04,Aroha,Mazda,CX-5,2021,35150.00
17306,2026-11-04,Hana,Toyota,Corolla,2013,14300.00
17307,2026-11-04,Liam,Subaru,Outback,2023,41150.00
17308,2026-11-05,Dan,Toyota,Hilux,2014,34400.00
17309,2026-11-05,Hana,Tesla,Model 3,2016,40200.00
17310,2026-11-05,Olivia,Honda,CR-V,2012,19650.00
17311,2026-11-05,Jess,Toyota,Corolla,2015,13400.00
17312,2026-11-05,Aroha,Suzuki,Swift,2012,10100.00
17313,2026-11-05,Jess,Holden,Commodore,2016,21400.00
17314,2026-11-05,Liam,Nissan,Leaf,2023,21650.00
17315,2026-11-05,Ioane,Honda,Civic,2017,14200.00
17316,2026-11-05,Ben,Toyota,Hilux,2016,32700.00
17317,2026-11-05,Liam,Toyota,RAV4,2021,41900.00
17318,2026-11-05,Olivia,Tesla,Model 3,2021,63450.00
17319,2026-11-05,Dan,Subaru,Outback,2016,30600.00
17320,2026-11-05,Chloe,Kia,Sportage,2019,28800.00
17321,2026-11-05,Finn,Toyota,RAV4,2016,33800.00
17322,2026-11-05,Mere,Mazda,CX-5,2016,22550.00
17323,2026-11-05,Liam,Kia,Sportage,2013,16800.00
17324,2026-11-05,Eve,Volkswagen,Golf,2025,29600.00
17325,2026-11-05,Mere,Volkswagen,Golf,2017,18650.00
17326,2026-11-05,Dan,Holden,Commodore,2023,30200.00
17327,2026-11-05,Aroha,Honda,Civic,2014,12400.00
17328,2026-11-05,Liam,Toyota,Aqua,2022,13750.00
17329,2026-11-05,Mere,Mitsubishi,Triton,2013,24000.00
17330,2026-11-05,Jess,Ford,Ranger,2023,59550.00
17331,2026-11-05,Mere,Mazda,BT-50,2025,51700.00
17332,2026-11-05,Ben,Toyota,RAV4,2022,45600.00
17333,2026-11-05,Dan,Hyundai,Tucson,2020,28500.00
17334,2026-11-05,Eve,Mazda,CX-5,2018,25550.00
17335,2026-11-05,Hana,Ford,Ranger,2024,64250.00
17336,2026-11-05,Eve,Honda,CR-V,2021,30300.00
17337,2026-11-05,Nikau,Volkswagen,Golf,2024,25850.00
17338,2026-11-05,Kiri,Ford,Focus,2020,14450.00
17339,2026-11-05,Dan,Toyota,RAV4,2018,35500.00
17340,2026-11-05,Chloe,Toyota,Corolla,2021,21950.00
17341,2026-11-05,Nikau,Tesla,Model 3,2019,45850.00
17342,2026-11-05,Dan,Kia,Sportage,2012,18600.00
17343,2026-11-06,Kiri,Nissan,Leaf,2017,16850.00
17344,2026-11-06,Nikau,Kia,Sportage,2020,33650.00
17345,2026-11-06,Liam,Holden,Commodore,2025,29300.00
17346,2026-11-06,Ben,Mazda,Demio,2020,8700.00
17347,2026-11-06,Ben,Subaru,Outback,2014,28100.00
17348,2026-11-06,Aroha,Honda,CR-V,2023,40700.00
17349,2026-11-06,Jess,Honda,Civic,2013,10650.00
17350,2026-11-06,Olivia,Toyota,Yaris,2019,12750.00
17351,2026-11-06,Finn,Nissan,Navara,2012,23450.00
17352,2026-11-06,Olivia,Suzuki,Swift,2015,12200.00
17353,2026-11-06,Hana,Nissan,Tiida,2020,9600.00
17354,2026-11-06,Liam,Toyota,Hilux,2012,26700.00
17355,2026-11-06,Hana,Mazda,Axela,2013,8350.00
17356,2026-11-06,Olivia,Tesla,Model 3,2014,39850.00
17357,2026-11-06,Olivia,Volkswagen,Golf,2023,27200.00
17358,2026-11-06,Olivia,Ford,Ranger,2015,32600.00
17359,2026-11-06,Ioane,Ford,Focus,2018,10950.00
17360,2026-11-06,Ioane,Toyota,Yaris,2025,17950.00
17361,2026-11-06,Finn,Mazda,Demio,2021,11550.00
17362,2026-11-06,Jess,Suzuki,Swift,2024,17800.00
17363,2026-11-06,Ioane,Hyundai,Tucson,2013,21050.00
17364,2026-11-06,Hana,Tesla,Model 3,2012,33250.00
17365,2026-11-06,Aroha,Hyundai,Tucson,2022,38950.00
17366,2026-11-06,Ioane,Toyota,Hilux,2019,42950.00
17367,2026-11-06,Ioane,Kia,Sportage,2014,24200.00
17368,2026-11-06,Hana,Mazda,BT-50,2019,43150.00
17369,2026-11-06,Hana,Honda,Civic,2021,17050.00
17370,2026-11-07,Dan,Honda,Civic,2012,10100.00
17371,2026-11-07,Ioane,Suzuki,Swift,2015,9700.00
17372,2026-11-07,Dan,Honda,Fit,2022,11500.00
17373,2026-11-07,Hana,Toyota,RAV4,2018,32650.00
17374,2026-11-07,Finn,Volkswagen,Golf,2015,16450.00
17375,2026-11-07,Jess,Mazda,CX-5,2022,31400.00
17376,2026-11-07,Mere,Subaru,Outback,2022,38300.00
17377,2026-11-07,Jess,Mitsubishi,Triton,2016,33450.00
17378,2026-11-07,Olivia,Mazda,Axela,2017,13100.00
17379,2026-11-07,Ben,Mazda,Demio,2021,10100.00
17380,2026-11-07,Kiri,Mitsubishi,Triton,2021,40050.00
17381,2026-11-07,Chloe,Tesla,Model 3,2015,36650.00
17382,2026-11-07,Ioane,Mazda,Demio,2018,9600.00
17383,2026-11-07,Chloe,Volkswagen,Golf,2014,17550.00
17384,2026-11-07,Mere,Tesla,Model 3,2019,48250.00
17385,2026-11-07,Olivia,Mazda,BT-50,2024,48050.00
17386,2026-11-08,Kiri,Ford,Focus,2015,9200.00
17387,2026-11-08,Olivia,Tesla,Model 3,2017,47450.00
17388,2026-11-08,Liam,Mazda,BT-50,2021,44700.00
17389,2026-11-08,Ioane,Mazda,CX-5,2018,28350.00
17390,2026-11-08,Kiri,Honda,CR-V,2014,22000.00
17391,2026-11-08,Finn,Nissan,Navara,2016,30400.00
17392,2026-11-08,Eve,Toyota,Hilux,2024,54050.00
17393,2026-11-08,Mere,Toyota,Aqua,2016,12400.00
17394,2026-11-08,Chloe,Ford,Ranger,2012,28100.00
17395,2026-11-08,Eve,Honda,Fit,2025,16450.00
17396,2026-11-08,Ioane,Toyota,Hilux,2021,42600.00
17397,2026-11-08,Eve,Nissan,Leaf,2020,18500.00
17398,2026-11-08,Hana,Toyota,RAV4,2023,42250.00
17399,2026-11-08,Mere,Volkswagen,Golf,2016,19850.00
17400,2026-11-08,Olivia,Ford,Focus,2015,8950.00
17401,2026-11-08,Liam,Mazda,CX-5,2015,27750.00
17402,2026-11-08,Eve,Tesla,Model 3,2012,30250.00
17403,2026-11-08,Dan,Toyota,Yaris,2014,9450.00
17404,2026-11-08,Mere,Mazda,BT-50,2013,26100.00
17405,2026-11-08,Ioane,Toyota,Hilux,2015,30300.00
17406,2026-11-08,Aroha,Subaru,Forester,2015,21700.00
17407,2026-11-08,Olivia,Hyundai,Tucson,2015,24450.00
17408,2026-11-08,Aroha,Toyota,RAV4,2025,51100.00
17409,2026-11-08,Dan,Mazda,BT-50,2024,41700.00
17410,2026-11-08,Dan,Nissan,Navara,2014,28700.00
17411,2026-11-08,Nikau,Mazda,CX-5,2022,32300.00
17412,2026-11-08,Dan,Kia,Sportage,2022,37850.00
17413,2026-11-08,Dan,Ford,Ranger,2012,26950.00
17414,2026-11-08,Kiri,Honda,CR-V,2025,33350.00
17415,2026-11-08,Ioane,Toyota,RAV4,2025,54050.00
17416,2026-11-09,Kiri,Toyota,Yaris,2018,12550.00
17417,2026-11-09,Hana,Mitsubishi,Outlander,2013,25000.00
17418,2026-11-09,Jess,Nissan,Navara,2024,44300.00
17419,2026-11-09,Nikau,Kia,Sportage,2015,20050.00
17420,2026-11-09,Ioane,Kia,Sportage,2022,35750.00
17421,2026-11-09,Aroha,Mitsubishi,Triton,2015,30150.00
17422,2026-11-09,Nikau,Nissan,Navara,2012,23700.00
17423,2026-11-09,Jess,Toyota,Aqua,2025,16650.00
17424,2026-11-09,Chloe,Mitsubishi,Triton,2021,43200.00
17425,2026-11-09,Ben,Tesla,Model 3,2016,38400.00
17426,2026-11-09,Jess,Nissan,Navara,2024,54150.00
17427,2026-11-09,Liam,Volkswagen,Golf,2012,15050.00
17428,2026-11-09,Kiri,Mazda,BT-50,2024,43550.00
17429,2026-11-09,Liam,Volkswagen,Golf,2018,22250.00
17430,2026-11-09,Finn,Ford,Focus,2017,9600.00
17431,2026-11-09,Mere,Ford,Ranger,2015,31900.00
17432,2026-11-09,Liam,Toyota,Yaris,2022,19150.00
17433,2026-11-09,Mere,Toyota,Aqua,2016,10750.00
17434,2026-11-09,Jess,Toyota,Aqua,2019,12250.00
17435,2026-11-09,Liam,Toyota,Aqua,2014,9900.00
17436,2026-11-09,Ben,Toyota,Yaris,2023,18100.00
17437,2026-11-09,Chloe,Toyota,RAV4,2017,34600.00
17438,2026-11-10,Eve,Mazda,CX-5,2022,31500.00
17439,2026-11-10,Ioane,Toyota,Corolla,2016,17450.00
17440,2026-11-10,Kiri,Kia,Sportage,2025,33600.00
17441,2026-11-10,Chloe,Mitsubishi,Outlander,2021,32900.00
17442,2026-11-10,Olivia,Subaru,Outback,2016,28050.00
17443,2026-11-10,Kiri,Hyundai,Tucson,2019,26000.00
17444,2026-11-10,Finn,Nissan,Leaf,2021,18000.00
17445,2026-11-10,Jess,Toyota,Hilux,2018,35600.00
17446,2026-11-10,Nikau,Honda,CR-V,2023,31250.00
17447,2026-11-10,Eve,Tesla,Model 3,2019,48850.00
17448,2026-11-10,Dan,Mazda,Axela,2023,17100.00
17449,2026-11-10,Eve,Mazda,CX-5,2024,40600.00
17450,2026-11-10,Nikau,Toyota,Aqua,2014,8900.00
17451,2026-11-10,Liam,Kia,Sportage,2024,31600.00
17452,2026-11-10,Olivia,Subaru,Forester,2017,29900.00
17453,2026-11-10,Mere,Mazda,Axela,2022,13800.00
17454,2026-11-10,Olivia,Ford,Focus,2023,16500.00
17455,2026-11-10,Kiri,Mazda,CX-5,2017,27200.00
17456,2026-11-10,Chloe,Mazda,Axela,2012,8500.00
17457,2026-11-10,Ioane,Toyota,Hilux,2012,24100.00
17458,2026-11-10,Mere,Ford,Focus,2020,13950.00
17459,2026-11-10,Liam,Hyundai,Tucson,2022,40100.00
17460,2026-11-10,Nikau,Mazda,BT-50,2023,44350.00
17461,2026-11-10,Ioane,Nissan,Leaf,2015,14650.00
17462,2026-11-10,Ben,Ford,Ranger,2018,47950.00
17463,2026-11-10,Jess,Toyota,Aqua,2017,13300.00
17464,2026-11-10,Hana,Honda,Fit,2025,16700.00
17465,2026-11-10,Dan,Mazda,CX-5,2015,24350.00
17466,2026-11-10,Liam,Honda,CR-V,2018,24550.00
17467,2026-11-11,Nikau,Holden,Commodore,2017,19750.00
17468,2026-11-11,Eve,Kia,Sportage,2014,20350.00
17469,2026-11-11,Hana,Toyota,RAV4,2022,39750.00
17470,2026-11-11,Ben,Volkswagen,Golf,2019,20650.00
17471,2026-11-11,Mere,Suzuki,Swift,2016,11050.00
17472,2026-11-11,Ioane,Toyota,Yaris,2025,17000.00
17473,2026-11-11,Mere,Mazda,Axela,2020,15050.00
17474,2026-11-11,Dan,Mazda,Demio,2018,8850.00
17475,2026-11-11,Dan,Subaru,Outback,2020,31600.00
17476,2026-11-11,Dan,Honda,Fit,2017,10850.00
17477,2026-11-11,Chloe,Hyundai,Tucson,2023,37500.00
17478,2026-11-11,Ioane,Honda,Fit,2012,7200.00
17479,2026-11-11,Dan,Hyundai,Tucson,2018,32650.00
17480,2026-11-11,Ioane,Mazda,BT-50,2025,52850.00
17481,2026-11-11,Eve,Holden,Commodore,2025,34550.00
17482,2026-11-11,Hana,Ford,Focus,2016,8950.00
17483,2026-11-11,Ioane,Hyundai,Tucson,2013,23450.00
17484,2026-11-11,Chloe,Mitsubishi,Triton,2017,35600.00
17485,2026-11-11,Ben,Kia,Sportage,2020,32550.00
17486,2026-11-11,Hana,Tesla,Model 3,2014,41000.00
17487,2026-11-11,Hana,Mazda,BT-50,2024,45400.00
17488,2026-11-11,Dan,Hyundai,Tucson,2025,45500.00
17489,2026-11-11,Olivia,Ford,Focus,2018,12900.00
17490,2026-11-11,Dan,Toyota,Corolla,2014,14950.00
17491,2026-11-11,Mere,Volkswagen,Golf,2019,21350.00
17492,2026-11-11,Kiri,Mitsubishi,Triton,2012,25000.00
17493,2026-11-11,Hana,Honda,Civic,2023,23400.00
17494,2026-11-12,Liam,Mitsubishi,Triton,2025,49850.00
17495,2026-11-12,Finn,Toyota,Yaris,2018,13200.00
17496,2026-11-12,Ioane,Honda,CR-V,2020,26700.00
17497,2026-11-12,Hana,Ford,Ranger,2012,28400.00
17498,2026-11-12,Eve,Toyota,Aqua,2013,9150.00
17499,2026-11-12,Jess,Toyota,Yaris,2017,11900.00
17500,2026-11-12,Mere,Nissan,Navara,2016,30650.00
17501,2026-11-12,Mere,Mazda,CX-5,2017,29150.00
17502,2026-11-12,Kiri,Mazda,CX-5,2013,21700.00
17503,2026-11-12,Dan,Mazda,Demio,2020,9500.00
17504,2026-11-12,Nikau,Ford,Focus,2015,10500.00
17505,2026-11-12,Finn,Kia,Sportage,2014,21950.00
17506,2026-11-12,Finn,Honda,Civic,2025,21150.00
17507,2026-11-12,Liam,Toyota,Yaris,2021,15400.00
17508,2026-11-12,Liam,Honda,Fit,2015,10050.00
17509,2026-11-12,Jess,Tesla,Model 3,2014,40600.00
17510,2026-11-12,Aroha,Hyundai,Tucson,2023,31150.00
17511,2026-11-12,Chloe,Toyota,RAV4,2020,41700.00
17512,2026-11-12,Eve,Mazda,Demio,2016,7850.00
17513,2026-11-12,Kiri,Tesla,Model 3,2013,30400.00
17514,2026-11-12,Chloe,Mazda,Demio,2012,6800.00
17515,2026-11-12,Olivia,Nissan,Leaf,2014,12200.00
17516,2026-11-12,Liam,Holden,Commodore,2012,14550.00
17517,2026-11-12,Dan,Nissan,Leaf,2018,17050.00
17518,2026-11-12,Nikau,Tesla,Model 3,2017,49100.00
17519,2026-11-12,Ioane,Mazda,BT-50,2021,47750.00
17520,2026-11-12,Hana,Toyota,Corolla,2022,22150.00
17521,2026-11-12,Kiri,Mazda,Demio,2013,6750.00
17522,2026-11-12,Ben,Mazda,Axela,2023,16350.00
17523,2026-11-12,Jess,Mazda,CX-5,2020,31850.00
17524,2026-11-12,Mere,Mazda,CX-5,2014,19600.00
17525,2026-11-12,Ben,Honda,Civic,2015,13550.00
17526,2026-11-13,Dan,Toyota,RAV4,2012,24100.00
17527,2026-11-13,Jess,Mazda,BT-50,2012,24300.00
17528,2026-11-13,Kiri,Subaru,Outback,2017,31150.00
17529,2026-11-13,Finn,Honda,Civic,2023,19450.00
17530,2026-11-13,Jess,Volkswagen,Golf,2014,17050.00
17531,2026-11-13,Ioane,Honda,Civic,2015,13200.00
17532,2026-11-13,Aroha,Mitsubishi,Triton,2012,23350.00
17533,2026-11-13,Kiri,Mitsubishi,Outlander,2021,40650.00
17534,2026-11-13,Olivia,Kia,Sportage,2014,23900.00
17535,2026-11-13,Chloe,Nissan,Navara,2017,32750.00
17536,2026-11-13,Olivia,Subaru,Outback,2016,29900.00
17537,2026-11-13,Mere,Toyota,RAV4,2023,37800.00
17538,2026-11-13,Finn,Holden,Commodore,2015,16500.00
17539,2026-11-13,Eve,Mazda,CX-5,2018,26950.00
17540,2026-11-13,Kiri,Tesla,Model 3,2019,48350.00
17541,2026-11-13,Jess,Volkswagen,Golf,2021,23050.00
17542,2026-11-13,Chloe,Mazda,BT-50,2019,40050.00
17543,2026-11-13,Nikau,Toyota,Hilux,2025,55550.00
17544,2026-11-13,Aroha,Toyota,Corolla,2023,23500.00
17545,2026-11-13,Jess,Subaru,Outback,2019,31850.00
17546,2026-11-13,Ioane,Subaru,Forester,2025,36850.00
17547,2026-11-13,Mere,Toyota,RAV4,2020,33850.00
17548,2026-11-13,Hana,Honda,CR-V,2022,37900.00
17549,2026-11-13,Mere,Mazda,CX-5,2025,45250.00
17550,2026-11-13,Olivia,Subaru,Forester,2020,34400.00
17551,2026-11-13,Eve,Mazda,Demio,2015,7950.00
17552,2026-11-13,Ioane,Subaru,Outback,2012,21850.00
17553,2026-11-13,Hana,Nissan,Tiida,2018,7500.00
17554,2026-11-13,Ioane,Kia,Sportage,2016,22950.00
17555,2026-11-13,Liam,Toyota,Aqua,2024,16600.00
17556,2026-11-13,Chloe,Mazda,Demio,2023,13050.00
17557,2026-11-14,Eve,Toyota,Aqua,2025,17400.00
17558,2026-11-14,Olivia,Subaru,Outback,2013,26850.00
17559,2026-11-14,Eve,Honda,Fit,2023,15200.00
17560,2026-11-14,Liam,Mitsubishi,Triton,2013,25600.00
17561,2026-11-14,Liam,Ford,Focus,2014,8850.00
17562,2026-11-14,Ioane,Mitsubishi,Triton,2025,43650.00
17563,2026-11-14,Ioane,Toyota,Yaris,2022,16650.00
17564,2026-11-14,Finn,Ford,Ranger,2021,53850.00
17565,2026-11-14,Ioane,Toyota,Yaris,2022,17550.00
17566,2026-11-14,Mere,Mazda,BT-50,2018,32000.00
17567,2026-11-14,Ben,Subaru,Outback,2023,36950.00
17568,2026-11-14,Olivia,Mazda,CX-5,2019,30100.00
17569,2026-11-14,Dan,Volkswagen,Golf,2017,16900.00
17570,2026-11-14,Kiri,Toyota,Yaris,2022,19550.00
17571,2026-11-14,Liam,Subaru,Outback,2022,38450.00
17572,2026-11-14,Liam,Toyota,Hilux,2022,52950.00
17573,2026-11-14,Hana,Mazda,CX-5,2012,19400.00
17574,2026-11-14,Olivia,Ford,Ranger,2017,43650.00
17575,2026-11-14,Ioane,Hyundai,Tucson,2023,36300.00
17576,2026-11-14,Mere,Holden,Commodore,2025,31350.00
17577,2026-11-14,Eve,Mitsubishi,Triton,2023,39800.00
17578,2026-11-14,Olivia,Mitsubishi,Triton,2017,32000.00
17579,2026-11-14,Liam,Mitsubishi,Triton,2017,33250.00
17580,2026-11-14,Kiri,Toyota,RAV4,2023,46050.00
17581,2026-11-14,Ben,Tesla,Model 3,2020,60500.00
17582,2026-11-14,Liam,Tesla,Model 3,2025,73250.00
17583,2026-11-14,Kiri,Honda,Fit,2023,13000.00
17584,2026-11-14,Chloe,Ford,Focus,2025,18000.00
17585,2026-11-14,Dan,Toyota,Yaris,2016,13100.00
17586,2026-11-14,Ben,Mazda,Demio,2021,11350.00
17587,2026-11-14,Mere,Hyundai,Tucson,2022,38250.00
17588,2026-11-14,Chloe,Holden,Commodore,2017,17900.00
17589,2026-11-14,Liam,Subaru,Outback,2014,25350.00
17590,2026-11-15,Chloe,Toyota,Aqua,2015,11150.00
17591,2026-11-15,Ioane,Toyota,Hilux,2025,46650.00
17592,2026-11-15,Kiri,Toyota,Hilux,2018,39950.00
17593,2026-11-15,Hana,Volkswagen,Golf,2019,22600.00
17594,2026-11-15,Eve,Tesla,Model 3,2016,37900.00
17595,2026-11-15,Kiri,Tesla,Model 3,2022,64850.00
17596,2026-11-15,Olivia,Nissan,Navara,2023,41600.00
17597,2026-11-15,Eve,Volkswagen,Golf,2024,28600.00
17598,2026-11-15,Ioane,Subaru,Outback,2016,30100.00
17599,2026-11-15,Ioane,Mitsubishi,Triton,2014,27700.00
17600,2026-11-15,Kiri,Ford,Ranger,2021,46500.00
17601,2026-11-15,Mere,Toyota,RAV4,2013,25050.00
17602,2026-11-15,Eve,Mazda,Demio,2018,8700.00
17603,2026-11-15,Dan,Kia,Sportage,2016,20700.00
17604,2026-11-15,Hana,Honda,CR-V,2015,26550.00
17605,2026-11-15,Chloe,Mitsubishi,Triton,2022,38300.00
17606,2026-11-15,Jess,Subaru,Outback,2014,25350.00
17607,2026-11-15,Hana,Mazda,BT-50,2024,48200.00
17608,2026-11-15,Hana,Mazda,BT-50,2017,33200.00
17609,2026-11-15,Olivia,Mazda,BT-50,2021,42750.00
17610,2026-11-15,Jess,Volkswagen,Golf,2014,16750.00
17611,2026-11-15,Nikau,Suzuki,Swift,2018,12750.00
17612,2026-11-15,Ioane,Nissan,Leaf,2013,10950.00
17613,2026-11-15,Chloe,Mitsubishi,Triton,2013,21650.00
17614,2026-11-15,Liam,Toyota,RAV4,2024,39850.00
17615,2026-11-15,Dan,Mitsubishi,Triton,2018,33700.00
17616,2026-11-15,Eve,Ford,Ranger,2013,28000.00
17617,2026-11-15,Eve,Toyota,RAV4,2014,28750.00
17618,2026-11-15,Mere,Mitsubishi,Triton,2017,35350.00
17619,2026-11-15,Jess,Mazda,Demio,2012,5800.00
17620,2026-11-15,Kiri,Tesla,Model 3,2022,61550.00
17621,2026-11-15,Dan,Toyota,Yaris,2020,14750.00
17622,2026-11-15,Nikau,Hyundai,Tucson,2015,25300.00
17623,2026-11-15,Hana,Volkswagen,Golf,2025,26250.00
17624,2026-11-15,Nikau,Ford,Focus,2024,16650.00
17625,2026-11-16,Mere,Tesla,Model 3,2020,46950.00
17626,2026-11-16,Nikau,Mazda,BT-50,2024,43750.00
17627,2026-11-16,Hana,Subaru,Forester,2023,40800.00
17628,2026-11-16,Mere,Toyota,Aqua,2015,10700.00
17629,2026-11-16,Finn,Honda,CR-V,2013,18750.00
17630,2026-11-16,Ioane,Subaru,Outback,2023,41750.00
17631,2026-11-16,Mere,Kia,Sportage,2014,21350.00
17632,2026-11-16,Eve,Tesla,Model 3,2020,54450.00
17633,2026-11-16,Aroha,Volkswagen,Golf,2023,23950.00
17634,2026-11-16,Hana,Nissan,Leaf,2020,17100.00
17635,2026-11-16,Liam,Nissan,Navara,2025,44550.00
17636,2026-11-16,Eve,Honda,Civic,2021,17300.00
17637,2026-11-16,Olivia,Mitsubishi,Outlander,2012,20900.00
17638,2026-11-16,Ben,Kia,Sportage,2015,21550.00
17639,2026-11-16,Aroha,Tesla,Model 3,2023,54750.00
17640,2026-11-16,Liam,Mazda,BT-50,2025,54750.00
17641,2026-11-16,Finn,Nissan,Navara,2024,50100.00
17642,2026-11-16,Olivia,Mazda,BT-50,2024,52850.00
17643,2026-11-16,Kiri,Mazda,Demio,2022,11300.00
17644,2026-11-16,Jess,Toyota,Corolla,2017,18750.00
17645,2026-11-16,Nikau,Holden,Commodore,2022,25450.00
17646,2026-11-16,Kiri,Toyota,Aqua,2019,14150.00
17647,2026-11-16,Nikau,Toyota,RAV4,2023,49250.00
17648,2026-11-16,Olivia,Mazda,Axela,2021,13500.00
17649,2026-11-16,Eve,Volkswagen,Golf,2019,19450.00
17650,2026-11-16,Jess,Honda,CR-V,2014,21150.00
17651,2026-11-16,Mere,Mazda,BT-50,2015,27750.00
17652,2026-11-17,Ben,Mazda,Demio,2019,9550.00
17653,2026-11-17,Olivia,Kia,Sportage,2015,22150.00
17654,2026-11-17,Liam,Toyota,RAV4,2019,34100.00
17655,2026-11-17,Ioane,Mazda,BT-50,2020,41200.00
17656,2026-11-17,Kiri,Mitsubishi,Triton,2012,21200.00
17657,2026-11-17,Olivia,Subaru,Outback,2012,21350.00
17658,2026-11-17,Dan,Toyota,RAV4,2017,35800.00
17659,2026-11-17,Ioane,Ford,Focus,2020,10850.00
17660,2026-11-17,Hana,Tesla,Model 3,2024,56200.00
17661,2026-11-17,Aroha,Ford,Focus,2020,13400.00
17662,2026-11-17,Ioane,Holden,Commodore,2019,21900.00
17663,2026-11-17,Jess,Mazda,CX-5,2015,28050.00
17664,2026-11-17,Aroha,Mazda,BT-50,2021,36800.00
17665,2026-11-17,Aroha,Ford,Focus,2012,7000.00
17666,2026-11-17,Eve,Toyota,RAV4,2021,36550.00
17667,2026-11-17,Ioane,Mazda,CX-5,2019,33000.00
17668,2026-11-17,Finn,Hyundai,Tucson,2022,35800.00
17669,2026-11-17,Mere,Holden,Commodore,2015,17200.00
17670,2026-11-17,Chloe,Mitsubishi,Triton,2020,40950.00
17671,2026-11-17,Hana,Tesla,Model 3,2021,57700.00
17672,2026-11-17,Liam,Mazda,CX-5,2013,20400.00
17673,2026-11-17,Dan,Ford,Ranger,2022,46150.00
17674,2026-11-17,Nikau,Honda,CR-V,2016,23900.00
17675,2026-11-17,Dan,Toyota,Hilux,2017,32000.00
17676,2026-11-17,Mere,Nissan,Tiida,2014,5200.00
17677,2026-11-17,Olivia,Toyota,RAV4,2017,33800.00
17678,2026-11-17,Finn,Toyota,Aqua,2016,12200.00
17679,2026-11-17,Hana,Subaru,Outback,2021,39950.00
17680,2026-11-17,Mere,Ford,Focus,2016,9550.00
17681,2026-11-17,Liam,Volkswagen,Golf,2024,26050.00
17682,2026-11-17,Hana,Mazda,Demio,2014,6400.00
17683,2026-11-18,Liam,Toyota,Aqua,2012,8550.00
17684,2026-11-18,Hana,Mitsubishi,Triton,2017,32600.00
17685,2026-11-18,Mere,Toyota,Aqua,2025,15150.00
17686,2026-11-18,Dan,Ford,Focus,2021,12900.00
17687,2026-11-18,Liam,Hyundai,Tucson,2024,39650.00
17688,2026-11-18,Chloe,Mazda,BT-50,2015,33350.00
17689,2026-11-18,Olivia,Nissan,Leaf,2020,19000.00
17690,2026-11-18,Kiri,Nissan,Navara,2020,42700.00
17691,2026-11-18,Finn,Mazda,BT-50,2021,39250.00
17692,2026-11-18,Dan,Hyundai,Tucson,2021,28550.00
17693,2026-11-18,Chloe,Kia,Sportage,2024,32450.00
17694,2026-11-18,Ben,Mazda,BT-50,2021,48400.00
17695,2026-11-18,Hana,Mazda,Axela,2021,13500.00
17696,2026-11-18,Chloe,Toyota,Yaris,2012,10000.00
17697,2026-11-18,Hana,Mitsubishi,Triton,2021,35350.00
17698,2026-11-18,Chloe,Toyota,Yaris,2025,17300.00
17699,2026-11-18,Jess,Tesla,Model 3,2016,43150.00
17700,2026-11-18,Jess,Toyota,Hilux,2022,47750.00
17701,2026-11-18,Nikau,Mazda,Axela,2019,12750.00
17702,2026-11-18,Ben,Mazda,Axela,2025,16350.00
17703,2026-11-18,Hana,Nissan,Navara,2016,31100.00
17704,2026-11-18,Eve,Tesla,Model 3,2020,56200.00
17705,2026-11-18,Jess,Honda,Fit,2014,8400.00
17706,2026-11-18,Dan,Mazda,Demio,2012,6600.00
17707,2026-11-18,Jess,Toyota,RAV4,2024,40200.00
17708,2026-11-18,Chloe,Subaru,Outback,2016,28150.00
17709,2026-11-18,Mere,Honda,CR-V,2023,30500.00
17710,2026-11-18,Finn,Nissan,Tiida,2012,5700.00
17711,2026-11-18,Ioane,Mazda,BT-50,2021,36600.00
17712,2026-11-18,Jess,Mazda,BT-50,2012,23100.00
17713,2026-11-18,Dan,Toyota,Hilux,2014,34950.00
17714,2026-11-19,Mere,Toyota,Corolla,2020,21350.00
17715,2026-11-19,Olivia,Kia,Sportage,2023,37000.00
17716,2026-11-19,Jess,Toyota,RAV4,2022,36850.00
17717,2026-11-19,Hana,Mazda,BT-50,2019,39650.00
17718,2026-11-19,Jess,Subaru,Outback,2019,39350.00
17719,2026-11-19,Jess,Nissan,Navara,2024,47550.00
17720,2026-11-19,Ben,Mitsubishi,Triton,2021,40700.00
17721,2026-11-19,Liam,Toyota,Aqua,2020,12700.00
17722,2026-11-19,Ioane,Honda,Civic,2024,22850.00
17723,2026-11-19,Chloe,Mazda,CX-5,2014,25900.00
17724,2026-11-19,Kiri,Mazda,BT-50,2018,33850.00
17725,2026-11-19,Eve,Mazda,CX-5,2012,20650.00
17726,2026-11-19,Finn,Kia,Sportage,2018,26350.00
17727,2026-11-19,Jess,Honda,Civic,2021,18300.00
17728,2026-11-19,Eve,Mazda,Demio,2012,6700.00
17729,2026-11-19,Jess,Toyota,Hilux,2013,25450.00
17730,2026-11-19,Dan,Toyota,Hilux,2019,41050.00
17731,2026-11-19,Finn,Ford,Focus,2015,8200.00
17732,2026-11-19,Eve,Mazda,CX-5,2025,35800.00
17733,2026-11-19,Jess,Volkswagen,Golf,2015,15850.00
17734,2026-11-19,Ioane,Ford,Ranger,2012,26050.00
17735,2026-11-19,Ioane,Mitsubishi,Triton,2015,28200.00
17736,2026-11-19,Olivia,Volkswagen,Golf,2022,21800.00
17737,2026-11-19,Kiri,Mazda,Axela,2019,15000.00
17738,2026-11-19,Liam,Volkswagen,Golf,2016,17600.00
17739,2026-11-19,Kiri,Mazda,Axela,2015,11250.00
17740,2026-11-19,Ioane,Mazda,BT-50,2015,35200.00
17741,2026-11-19,Hana,Toyota,Yaris,2022,15950.00
17742,2026-11-19,Hana,Mitsubishi,Triton,2022,46700.00
17743,2026-11-19,Jess,Volkswagen,Golf,2012,12750.00
17744,2026-11-20,Ben,Mazda,CX-5,2021,37850.00
17745,2026-11-20,Dan,Ford,Focus,2022,15650.00
17746,2026-11-20,Eve,Honda,Civic,2019,20150.00
17747,2026-11-20,Hana,Volkswagen,Golf,2019,19750.00
17748,2026-11-20,Hana,Tesla,Model 3,2016,43850.00
17749,2026-11-20,Chloe,Tesla,Model 3,2014,38700.00
17750,2026-11-20,Eve,Honda,Civic,2025,26900.00
17751,2026-11-20,Nikau,Mazda,CX-5,2019,31250.00
17752,2026-11-20,Hana,Honda,CR-V,2017,25300.00
17753,2026-11-20,Mere,Volkswagen,Golf,2019,20750.00
17754,2026-11-20,Chloe,Toyota,RAV4,2018,36600.00
17755,2026-11-20,Nikau,Ford,Focus,2017,10350.00
17756,2026-11-20,Jess,Toyota,Aqua,2017,12950.00
17757,2026-11-20,Mere,Holden,Commodore,2023,31150.00
17758,2026-11-20,Mere,Volkswagen,Golf,2020,21800.00
17759,2026-11-20,Aroha,Mazda,CX-5,2021,32800.00
17760,2026-11-20,Mere,Hyundai,Tucson,2017,25400.00
17761,2026-11-20,Chloe,Tesla,Model 3,2023,64250.00
17762,2026-11-20,Ben,Ford,Focus,2013,7400.00
17763,2026-11-20,Olivia,Toyota,Hilux,2019,38500.00
17764,2026-11-20,Chloe,Ford,Focus,2012,8800.00
17765,2026-11-20,Dan,Mazda,Axela,2025,20850.00
17766,2026-11-20,Olivia,Nissan,Leaf,2020,19750.00
17767,2026-11-20,Ioane,Tesla,Model 3,2013,33450.00
17768,2026-11-20,Jess,Honda,Civic,2016,13750.00
17769,2026-11-20,Dan,Mazda,Axela,2019,12000.00
17770,2026-11-20,Aroha,Toyota,Hilux,2020,48350.00
17771,2026-11-21,Hana,Mitsubishi,Triton,2021,33500.00
17772,2026-11-21,Chloe,Honda,CR-V,2013,22050.00
17773,2026-11-21,Finn,Hyundai,Tucson,2017,26550.00
17774,2026-11-21,Jess,Tesla,Model 3,2013,29800.00
17775,2026-11-21,Aroha,Mitsubishi,Triton,2015,31350.00
17776,2026-11-21,Chloe,Toyota,RAV4,2012,23350.00
17777,2026-11-21,Olivia,Ford,Focus,2022,11900.00
17778,2026-11-21,Finn,Kia,Sportage,2014,23000.00
17779,2026-11-21,Olivia,Volkswagen,Golf,2019,23450.00
17780,2026-11-21,Ioane,Subaru,Outback,2018,35900.00
17781,2026-11-21,Ben,Tesla,Model 3,2021,62250.00
17782,2026-11-21,Liam,Mitsubishi,Triton,2014,28000.00
17783,2026-11-21,Ioane,Toyota,RAV4,2021,39600.00
17784,2026-11-21,Ben,Tesla,Model 3,2013,38400.00
17785,2026-11-21,Eve,Hyundai,Tucson,2015,27100.00
17786,2026-11-21,Kiri,Nissan,Tiida,2021,8550.00
17787,2026-11-21,Hana,Subaru,Outback,2023,36850.00
17788,2026-11-21,Chloe,Honda,Fit,2014,8000.00
17789,2026-11-21,Nikau,Honda,Civic,2012,10750.00
17790,2026-11-21,Eve,Mazda,BT-50,2023,50450.00
17791,2026-11-21,Mere,Ford,Focus,2017,11750.00
17792,2026-11-22,Finn,Subaru,Outback,2012,23700.00
17793,2026-11-22,Jess,Mazda,CX-5,2018,32450.00
17794,2026-11-22,Jess,Ford,Focus,2017,9500.00
17795,2026-11-22,Jess,Ford,Ranger,2023,48850.00
17796,2026-11-22,Jess,Toyota,RAV4,2025,53450.00
17797,2026-11-22,Nikau,Mazda,CX-5,2015,25650.00
17798,2026-11-22,Liam,Toyota,Hilux,2014,28450.00
17799,2026-11-22,Mere,Holden,Commodore,2012,13550.00
17800,2026-11-22,Aroha,Toyota,RAV4,2023,39700.00
17801,2026-11-22,Kiri,Kia,Sportage,2013,22500.00
17802,2026-11-22,Dan,Nissan,Tiida,2021,10050.00
17803,2026-11-22,Ioane,Tesla,Model 3,2024,65950.00
17804,2026-11-22,Liam,Nissan,Leaf,2012,9950.00
17805,2026-11-22,Dan,Toyota,Corolla,2014,15800.00
17806,2026-11-22,Eve,Mitsubishi,Triton,2017,32600.00
17807,2026-11-22,Hana,Holden,Commodore,2021,28400.00
17808,2026-11-22,Mere,Subaru,Outback,2013,26350.00
17809,2026-11-22,Hana,Holden,Commodore,2025,28000.00
17810,2026-11-22,Ioane,Mazda,CX-5,2023,38550.00
17811,2026-11-22,Jess,Mazda,CX-5,2012,18700.00
17812,2026-11-22,Ben,Mazda,BT-50,2020,47050.00
17813,2026-11-22,Dan,Mazda,CX-5,2015,25250.00
17814,2026-11-22,Ioane,Subaru,Forester,2021,31300.00
17815,2026-11-22,Mere,Honda,Fit,2016,8200.00
17816,2026-11-22,Kiri,Tesla,Model 3,2016,44150.00
17817,2026-11-22,Chloe,Tesla,Model 3,2017,41850.00
17818,2026-11-22,Ioane,Tesla,Model 3,2016,37450.00
17819,2026-11-22,Ben,Volkswagen,Golf,2021,22800.00
17820,2026-11-22,Finn,Nissan,Navara,2012,24450.00
17821,2026-11-22,Mere,Mazda,CX-5,2015,23900.00
17822,2026-11-22,Finn,Ford,Ranger,2018,36250.00
17823,2026-11-22,Nikau,Ford,Focus,2012,7700.00
17824,2026-11-23,Aroha,Toyota,Yaris,2025,19600.00
17825,2026-11-23,Eve,Honda,CR-V,2021,31600.00
17826,2026-11-23,Liam,Ford,Ranger,2012,31100.00
17827,2026-11-23,Hana,Mazda,Axela,2022,18200.00
17828,2026-11-23,Liam,Mitsubishi,Triton,2021,34100.00
17829,2026-11-23,Eve,Volkswagen,Golf,2019,20500.00
17830,2026-11-23,Nikau,Hyundai,Tucson,2012,19750.00
17831,2026-11-23,Olivia,Toyota,Corolla,2025,25450.00
17832,2026-11-23,Ben,Subaru,Outback,2018,34200.00
17833,2026-11-23,Ioane,Mazda,CX-5,2025,45800.00
17834,2026-11-23,Eve,Subaru,Outback,2019,39550.00
17835,2026-11-23,Nikau,Ford,Ranger,2024,58200.00
17836,2026-11-23,Ioane,Hyundai,Tucson,2021,32550.00
17837,2026-11-23,Olivia,Mitsubishi,Outlander,2015,28800.00
17838,2026-11-23,Jess,Mitsubishi,Triton,2022,42950.00
17839,2026-11-23,Chloe,Mazda,CX-5,2020,30900.00
17840,2026-11-23,Chloe,Toyota,Yaris,2025,18800.00
17841,2026-11-23,Ioane,Holden,Commodore,2022,30600.00
17842,2026-11-23,Finn,Toyota,Aqua,2022,12750.00
17843,2026-11-23,Chloe,Tesla,Model 3,2023,62450.00
17844,2026-11-23,Finn,Honda,Fit,2012,7500.00
17845,2026-11-23,Mere,Toyota,RAV4,2013,28550.00
17846,2026-11-23,Ioane,Toyota,Yaris,2013,9450.00
17847,2026-11-23,Ioane,Hyundai,Tucson,2013,18350.00
17848,2026-11-23,Chloe,Ford,Focus,2025,17450.00
17849,2026-11-23,Kiri,Subaru,Outback,2019,29500.00
17850,2026-11-23,Olivia,Mitsubishi,Triton,2014,28950.00
17851,2026-11-23,Chloe,Honda,CR-V,2014,24750.00
17852,2026-11-23,Aroha,Subaru,Outback,2014,24100.00
17853,2026-11-23,Liam,Toyota,Aqua,2021,13250.00
17854,2026-11-23,Nikau,Ford,Focus,2015,8600.00
17855,2026-11-23,Dan,Toyota,Corolla,2025,27550.00
17856,2026-11-24,Hana,Tesla,Model 3,2012,35000.00
17857,2026-11-24,Ioane,Toyota,Aqua,2020,15100.00
17858,2026-11-24,Olivia,Toyota,Hilux,2023,46150.00
17859,2026-11-24,Nikau,Mazda,CX-5,2022,35000.00
17860,2026-11-24,Finn,Toyota,Corolla,2016,17250.00
17861,2026-11-24,Eve,Honda,CR-V,2018,30200.00
17862,2026-11-24,Hana,Mazda,Axela,2017,11700.00
17863,2026-11-24,Ioane,Holden,Commodore,2024,25450.00
17864,2026-11-24,Ben,Toyota,Yaris,2021,18000.00
17865,2026-11-24,Eve,Suzuki,Swift,2019,12600.00
17866,2026-11-24,Finn,Nissan,Leaf,2016,15300.00
17867,2026-11-24,Eve,Mitsubishi,Triton,2018,37950.00
17868,2026-11-24,Jess,Nissan,Navara,2025,49400.00
17869,2026-11-24,Ioane,Volkswagen,Golf,2020,23500.00
17870,2026-11-24,Dan,Ford,Ranger,2013,26800.00
17871,2026-11-24,Ioane,Toyota,Aqua,2014,10700.00
17872,2026-11-24,Chloe,Mitsubishi,Triton,2015,30200.00
17873,2026-11-24,Liam,Mazda,CX-5,2014,23350.00
17874,2026-11-24,Hana,Toyota,Hilux,2012,25250.00
17875,2026-11-24,Ben,Subaru,Outback,2015,26050.00
17876,2026-11-24,Kiri,Nissan,Leaf,2022,19700.00
17877,2026-11-24,Chloe,Mazda,BT-50,2016,29650.00
17878,2026-11-24,Jess,Mitsubishi,Triton,2017,32100.00
17879,2026-11-24,Ioane,Hyundai,Tucson,2020,32450.00
17880,2026-11-24,Eve,Mazda,BT-50,2025,55650.00
17881,2026-11-24,Hana,Ford,Ranger,2016,36000.00
17882,2026-11-24,Eve,Mazda,Axela,2022,16350.00
17883,2026-11-24,Liam,Ford,Focus,2012,7400.00
17884,2026-11-24,Mere,Mitsubishi,Triton,2015,29550.00
17885,2026-11-24,Nikau,Volkswagen,Golf,2021,20000.00
17886,2026-11-24,Nikau,Mitsubishi,Triton,2020,32100.00
17887,2026-11-24,Finn,Holden,Commodore,2019,26850.00
17888,2026-11-24,Dan,Subaru,Outback,2018,34350.00
17889,2026-11-25,Jess,Tesla,Model 3,2015,43150.00
17890,2026-11-25,Nikau,Nissan,Tiida,2020,8350.00
17891,2026-11-25,Kiri,Toyota,Hilux,2023,46300.00
17892,2026-11-25,Nikau,Subaru,Outback,2022,40250.00
17893,2026-11-25,Mere,Mitsubishi,Triton,2020,42700.00
17894,2026-11-25,Ben,Hyundai,Tucson,2022,37400.00
17895,2026-11-25,Ben,Nissan,Tiida,2025,11100.00
17896,2026-11-25,Eve,Suzuki,Swift,2012,9550.00
17897,2026-11-25,Dan,Mazda,Demio,2017,8900.00
17898,2026-11-25,Nikau,Volkswagen,Golf,2025,26550.00
17899,2026-11-25,Chloe,Suzuki,Swift,2017,12250.00
17900,2026-11-25,Ben,Tesla,Model 3,2012,33500.00
17901,2026-11-25,Hana,Mazda,Demio,2021,10450.00
17902,2026-11-25,Chloe,Mazda,Axela,2023,17200.00
17903,2026-11-25,Finn,Mazda,CX-5,2021,34700.00
17904,2026-11-25,Chloe,Nissan,Leaf,2020,16600.00
17905,2026-11-25,Olivia,Mazda,Demio,2022,9400.00
17906,2026-11-25,Chloe,Honda,CR-V,2022,37500.00
17907,2026-11-25,Dan,Mazda,Axela,2023,14850.00
17908,2026-11-25,Finn,Nissan,Leaf,2014,13550.00
17909,2026-11-25,Jess,Honda,CR-V,2022,32400.00
17910,2026-11-25,Liam,Tesla,Model 3,2023,60450.00
17911,2026-11-25,Nikau,Nissan,Tiida,2013,6450.00
17912,2026-11-25,Kiri,Toyota,Aqua,2017,12400.00
17913,2026-11-25,Jess,Honda,CR-V,2023,33750.00
17914,2026-11-25,Liam,Toyota,RAV4,2023,39300.00
17915,2026-11-26,Chloe,Ford,Focus,2016,11600.00
17916,2026-11-26,Ioane,Mazda,BT-50,2012,27900.00
17917,2026-11-26,Liam,Mazda,BT-50,2023,44700.00
17918,2026-11-26,Hana,Mazda,BT-50,2019,34950.00
17919,2026-11-26,Hana,Mazda,Demio,2025,11750.00
17920,2026-11-26,Nikau,Nissan,Navara,2023,40050.00
17921,2026-11-26,Ioane,Honda,Civic,2025,21200.00
17922,2026-11-26,Kiri,Tesla,Model 3,2025,75300.00
17923,2026-11-26,Mere,Ford,Ranger,2015,31700.00
17924,2026-11-26,Hana,Mazda,Axela,2019,15100.00
17925,2026-11-26,Hana,Honda,CR-V,2017,30150.00
17926,2026-11-26,Olivia,Ford,Focus,2019,11600.00
17927,2026-11-26,Finn,Toyota,Aqua,2020,15450.00
17928,2026-11-26,Chloe,Mazda,BT-50,2017,34750.00
17929,2026-11-26,Eve,Mazda,Axela,2025,16100.00
17930,2026-11-26,Kiri,Mazda,CX-5,2012,18450.00
17931,2026-11-26,Kiri,Toyota,Yaris,2013,9900.00
17932,2026-11-26,Mere,Hyundai,Tucson,2016,27200.00
17933,2026-11-26,Liam,Toyota,Hilux,2019,43950.00
17934,2026-11-26,Mere,Subaru,Outback,2019,33850.00
17935,2026-11-26,Liam,Mazda,BT-50,2014,29950.00
17936,2026-11-26,Nikau,Tesla,Model 3,2013,36500.00
17937,2026-11-26,Ioane,Toyota,Hilux,2025,49750.00
17938,2026-11-26,Nikau,Mitsubishi,Triton,2015,27900.00
17939,2026-11-26,Ben,Honda,Civic,2013,13050.00
17940,2026-11-26,Kiri,Toyota,Yaris,2013,9350.00
17941,2026-11-26,Eve,Mazda,CX-5,2017,24300.00
17942,2026-11-26,Chloe,Kia,Sportage,2017,28650.00
17943,2026-11-26,Hana,Mitsubishi,Triton,2019,39600.00
17944,2026-11-26,Ioane,Mitsubishi,Triton,2012,23900.00
17945,2026-11-27,Olivia,Volkswagen,Golf,2015,17450.00
17946,2026-11-27,Jess,Nissan,Tiida,2017,6850.00
17947,2026-11-27,Aroha,Toyota,Corolla,2012,13700.00
17948,2026-11-27,Chloe,Nissan,Tiida,2023,9100.00
17949,2026-11-27,Kiri,Mazda,BT-50,2013,28100.00
17950,2026-11-27,Dan,Mazda,Demio,2019,9500.00
17951,2026-11-27,Eve,Hyundai,Tucson,2019,31950.00
17952,2026-11-27,Olivia,Toyota,Yaris,2018,14100.00
17953,2026-11-27,Chloe,Hyundai,Tucson,2024,43700.00
17954,2026-11-27,Liam,Nissan,Tiida,2025,11450.00
17955,2026-11-27,Kiri,Suzuki,Swift,2014,10150.00
17956,2026-11-27,Jess,Holden,Commodore,2013,16400.00
17957,2026-11-27,Liam,Tesla,Model 3,2018,46800.00
17958,2026-11-27,Eve,Toyota,Yaris,2014,12100.00
17959,2026-11-27,Finn,Toyota,RAV4,2014,26100.00
17960,2026-11-27,Jess,Volkswagen,Golf,2019,20550.00
17961,2026-11-27,Olivia,Mitsubishi,Triton,2017,31850.00
17962,2026-11-27,Nikau,Subaru,Outback,2024,39600.00
17963,2026-11-27,Kiri,Ford,Focus,2012,7150.00
17964,2026-11-27,Olivia,Subaru,Forester,2013,20300.00
17965,2026-11-27,Liam,Tesla,Model 3,2024,58350.00
17966,2026-11-27,Chloe,Toyota,RAV4,2017,29950.00
17967,2026-11-27,Ben,Kia,Sportage,2018,27000.00
17968,2026-11-27,Eve,Hyundai,Tucson,2021,34550.00
17969,2026-11-27,Liam,Mazda,BT-50,2015,30900.00
17970,2026-11-27,Jess,Nissan,Navara,2024,54350.00
17971,2026-11-27,Kiri,Ford,Focus,2022,12350.00
17972,2026-11-27,Kiri,Honda,CR-V,2023,34100.00
17973,2026-11-27,Jess,Tesla,Model 3,2024,66400.00
17974,2026-11-27,Kiri,Hyundai,Tucson,2023,41300.00
17975,2026-11-27,Ioane,Volkswagen,Golf,2022,24900.00
17976,2026-11-28,Mere,Mazda,CX-5,2014,22800.00
17977,2026-11-28,Kiri,Toyota,Aqua,2015,9350.00
17978,2026-11-28,Liam,Mazda,BT-50,2012,28250.00
17979,2026-11-28,Eve,Toyota,Yaris,2025,20850.00
17980,2026-11-28,Mere,Toyota,RAV4,2023,40350.00
17981,2026-11-28,Aroha,Honda,CR-V,2019,26150.00
17982,2026-11-28,Nikau,Mazda,Axela,2019,15750.00
17983,2026-11-28,Finn,Hyundai,Tucson,2019,26750.00
17984,2026-11-28,Liam,Toyota,Corolla,2017,15900.00
17985,2026-11-28,Aroha,Ford,Focus,2018,10200.00
17986,2026-11-28,Liam,Volkswagen,Golf,2014,13650.00
17987,2026-11-28,Kiri,Hyundai,Tucson,2016,29000.00
17988,2026-11-28,Liam,Tesla,Model 3,2025,73300.00
17989,2026-11-28,Dan,Mitsubishi,Triton,2015,25800.00
17990,2026-11-28,Olivia,Ford,Focus,2015,9750.00
17991,2026-11-28,Mere,Tesla,Model 3,2018,47650.00
17992,2026-11-28,Ben,Toyota,RAV4,2013,28450.00
17993,2026-11-28,Liam,Kia,Sportage,2024,35050.00
17994,2026-11-28,Ioane,Tesla,Model 3,2021,59950.00
17995,2026-11-28,Olivia,Honda,Fit,2025,13650.00
17996,2026-11-28,Ioane,Honda,Fit,2024,13750.00
17997,2026-11-28,Ben,Mazda,Axela,2016,12450.00
17998,2026-11-28,Kiri,Ford,Focus,2015,8850.00
17999,2026-11-29,Ioane,Subaru,Forester,2024,36800.00
18000,2026-11-29,Ioane,Toyota,RAV4,2015,28800.00
18001,2026-11-02,Liam,Subaru,Outback,2020,
18001,2026-11-29,Mere,Toyota,RAV4,2020,38600.00
18002,2026-11-29,Dan,Nissan,Navara,2018,41100.00
18003,2026-11-29,Mere,Ford,Focus,2013,7700.00
18004,2026-11-29,Hana,Hyundai,Tucson,2025,42750.00
18005,2026-11-29,Liam,Nissan,Tiida,2013,5650.00
18006,2026-11-29,Ioane,Honda,CR-V,2014,21050.00
18007,2026-11-29,Finn,Honda,Civic,2022,20150.00
18008,2026-11-29,Hana,Toyota,Yaris,2018,15350.00
18009,2026-11-29,Nikau,Mazda,CX-5,2021,34250.00
18010,2026-11-29,Mere,Nissan,Leaf,2021,16000.00
18011,2026-11-29,Jess,Toyota,RAV4,2019,35650.00
18012,2026-11-29,Mere,Toyota,Yaris,2021,17950.00
18013,2026-11-29,Kiri,Nissan,Tiida,2013,6400.00
18014,2026-11-29,Aroha,Tesla,Model 3,2022,62550.00
18015,2026-11-29,Aroha,Hyundai,Tucson,2025,36700.00
18016,2026-11-29,Ioane,Mazda,CX-5,2013,20100.00
18017,2026-11-29,Mere,Mazda,BT-50,2016,29000.00
18018,2026-11-29,Jess,Kia,Sportage,2018,23050.00
18019,2026-11-29,Eve,Mitsubishi,Outlander,2016,31500.00
18020,2026-11-29,Kiri,Holden,Commodore,2018,25100.00
18021,2026-11-29,Aroha,Toyota,Yaris,2024,16750.00
18022,2026-11-29,Aroha,Kia,Sportage,2019,31300.00
18023,2026-11-29,Dan,Holden,Commodore,2012,15700.00
18024,2026-11-29,Nikau,Ford,Focus,2019,12400.00
18025,2026-11-29,Eve,Subaru,Outback,2013,20250.00
18026,2026-11-29,Jess,Honda,Civic,2023,24750.00
18027,2026-11-29,Ben,Kia,Sportage,2013,21700.00
18028,2026-11-29,Dan,Honda,CR-V,2014,18800.00
18029,2026-11-30,Kiri,Honda,Civic,2012,10000.00
18030,2026-11-30,Mere,Honda,Fit,2012,7650.00
18031,2026-11-30,Dan,Mitsubishi,Triton,2022,46950.00
18032,2026-11-30,Nikau,Hyundai,Tucson,2017,25200.00
18033,2026-11-30,Kiri,Tesla,Model 3,2018,50600.00
18034,2026-11-30,Aroha,Mazda,BT-50,2012,23700.00
18035,2026-11-30,Kiri,Suzuki,Swift,2022,15700.00
18036,2026-11-30,Dan,Holden,Commodore,2023,27750.00
18037,2026-11-30,Dan,Ford,Ranger,2025,53650.00
18038,2026-11-30,Eve,Hyundai,Tucson,2015,26750.00
18039,2026-11-30,Kiri,Volkswagen,Golf,2020,25050.00
18040,2026-11-30,Hana,Toyota,Yaris,2014,9950.00
18041,2026-11-30,Ben,Mazda,CX-5,2012,22200.00
18042,2026-11-30,Dan,Nissan,Leaf,2024,22950.00
18043,2026-11-30,Olivia,Ford,Focus,2018,12700.00
18044,2026-11-30,Ben,Ford,Focus,2020,11450.00
18045,2026-11-30,Ben,Toyota,Corolla,2014,14750.00
18046,2026-11-30,Mere,Nissan,Leaf,2020,18800.00
18047,2026-11-30,Ioane,Mitsubishi,Triton,2014,23050.00
18048,2026-11-30,Chloe,Mitsubishi,Triton,2019,39550.00
18049,2026-11-30,Hana,Honda,CR-V,2025,40950.00
18050,2026-11-30,Jess,Mitsubishi,Triton,2024,45000.00
18051,2026-11-30,Liam,Toyota,RAV4,2020,32950.00
18052,2026-11-30,Kiri,Hyundai,Tucson,2015,23950.00
18053,2026-11-30,Ioane,Nissan,Tiida,2023,9450.00
18054,2026-11-30,Hana,Tesla,Model 3,2016,37700.00
18055,2026-11-30,Jess,Toyota,Aqua,2016,11700.00
18056,2026-11-30,Mere,Nissan,Navara,2022,49600.00
18057,2026-11-30,Kiri,Subaru,Outback,2013,22700.00
18058,2026-11-30,Ben,Toyota,Hilux,2023,45950.00
18059,2026-12-01,Ioane,Honda,CR-V,2021,32150.00
18060,2026-12-01,Hana,Volkswagen,Golf,2021,21050.00
18061,2026-12-01,Kiri,Hyundai,Tucson,2023,41650.00
18062,2026-12-01,Eve,Mazda,BT-50,2016,33350.00
18063,2026-12-01,Finn,Mazda,BT-50,2013,27650.00
18064,2026-12-01,Mere,Nissan,Leaf,2019,14050.00
18065,2026-12-01,Liam,Mazda,Demio,2017,9700.00
18066,2026-12-01,Dan,Mazda,BT-50,2020,38850.00
18067,2026-12-01,Finn,Tesla,Model 3,2018,52850.00
18068,2026-12-01,Finn,Tesla,Model 3,2016,38050.00
18069,2026-12-01,Hana,Mazda,Axela,2017,12250.00
18070,2026-12-01,Olivia,Hyundai,Tucson,2014,23150.00
18071,2026-12-01,Eve,Toyota,RAV4,2023,45000.00
18072,2026-12-01,Olivia,Ford,Ranger,2018,36300.00
18073,2026-12-01,Liam,Kia,Sportage,2015,25550.00
18074,2026-12-01,Olivia,Ford,Focus,2014,9750.00
18075,2026-12-01,Nikau,Suzuki,Swift,2015,11350.00
18076,2026-12-01,Eve,Honda,Fit,2018,9750.00
18077,2026-12-01,Hana,Mazda,Axela,2013,8950.00
18078,2026-12-01,Ioane,Mazda,Axela,2013,9400.00
18079,2026-12-01,Nikau,Mazda,BT-50,2021,40250.00
18080,2026-12-01,Nikau,Toyota,Hilux,2022,54000.00
18081,2026-12-01,Aroha,Hyundai,Tucson,2020,33250.00
18082,2026-12-01,Eve,Honda,CR-V,2017,22900.00
18083,2026-12-01,Dan,Nissan,Navara,2013,23200.00
18084,2026-12-01,Olivia,Ford,Ranger,2012,29550.00
18085,2026-12-01,Ioane,Toyota,RAV4,2013,21800.00
18086,2026-12-01,Finn,Mazda,CX-5,2022,35550.00
18087,2026-12-01,Finn,Toyota,RAV4,2025,42900.00
18088,2026-12-02,Finn,Mazda,Axela,2021,16450.00
18089,2026-12-02,Liam,Honda,Fit,2014,7550.00
18090,2026-12-02,Hana,Honda,CR-V,2018,29150.00
18091,2026-12-02,Chloe,Tesla,Model 3,2019,47100.00
18092,2026-12-02,Chloe,Mitsubishi,Outlander,2015,24400.00
18093,2026-12-02,Ben,Mitsubishi,Triton,2019,38700.00
18094,2026-12-02,Jess,Nissan,Leaf,2022,18650.00
18095,2026-12-02,Hana,Toyota,Hilux,2020,37900.00
18096,2026-12-02,Kiri,Mazda,BT-50,2014,25150.00
18097,2026-12-02,Mere,Toyota,Yaris,2022,16500.00
18098,2026-12-02,Mere,Honda,Civic,2025,24100.00
18099,2026-12-02,Olivia,Holden,Commodore,2022,29750.00
18100,2026-12-02,Eve,Mazda,CX-5,2021,29250.00
18101,2026-12-02,Liam,Volkswagen,Golf,2024,28600.00
18102,2026-12-02,Dan,Kia,Sportage,2023,30600.00
18103,2026-12-02,Liam,Kia,Sportage,2019,26800.00
18104,2026-12-02,Hana,Mazda,BT-50,2013,28550.00
18105,2026-12-02,Kiri,Mitsubishi,Triton,2016,27000.00
18106,2026-12-02,Olivia,Toyota,RAV4,2013,22700.00
18107,2026-12-02,Olivia,Ford,Focus,2012,8650.00
18108,2026-12-02,Liam,Toyota,Aqua,2023,16300.00
18109,2026-12-02,Eve,Mitsubishi,Triton,2012,23050.00
18110,2026-12-02,Dan,Mazda,Demio,2025,11100.00
18111,2026-12-02,Ben,Mazda,Axela,2016,11050.00
18112,2026-12-02,Hana,Subaru,Outback,2014,21850.00
18113,2026-12-02,Jess,Toyota,Yaris,2023,19350.00
18114,2026-12-02,Mere,Subaru,Outback,2025,51900.00
18115,2026-12-02,Dan,Kia,Sportage,2024,38200.00
18116,2026-12-02,Finn,Kia,Sportage,2018,24050.00
18117,2026-12-02,Finn,Subaru,Outback,2013,22900.00
18118,2026-12-02,Ioane,Toyota,Yaris,2012,9950.00
18119,2026-12-02,Mere,Subaru,Outback,2014,28500.00
18120,2026-12-03,Liam,Toyota,Hilux,2015,28350.00
18121,2026-12-03,Chloe,Mitsubishi,Outlander,2013,20700.00
18122,2026-12-03,Eve,Toyota,Yaris,2020,14850.00
18123,2026-12-03,Ioane,Suzuki,Swift,2015,12400.00
18124,2026-12-03,Ioane,Nissan,Navara,2013,29950.00
18125,2026-12-03,Jess,Mazda,Axela,2013,9900.00
18126,2026-12-03,Aroha,Mitsubishi,Triton,2018,30000.00
18127,2026-12-03,Liam,Toyota,Yaris,2016,12500.00
18128,2026-12-03,Finn,Nissan,Navara,2023,44400.00
18129,2026-12-03,Nikau,Toyota,Hilux,2024,59550.00
18130,2026-12-03,Ioane,Ford,Focus,2025,17000.00
18131,2026-12-03,Nikau,Mazda,BT-50,2016,33000.00
18132,2026-12-03,Liam,Mazda,Demio,2016,8700.00
18133,2026-12-03,Dan,Nissan,Navara,2016,33850.00
18134,2026-12-03,Mere,Mazda,CX-5,2025,45250.00
18135,2026-12-03,Eve,Ford,Ranger,2021,48300.00
18136,2026-12-03,Finn,Toyota,Aqua,2019,14150.00
18137,2026-12-03,Kiri,Toyota,RAV4,2016,29450.00
18138,2026-12-03,Ioane,Ford,Ranger,2014,33550.00
18139,2026-12-03,Aroha,Mitsubishi,Triton,2012,25450.00
18140,2026-12-03,Jess,Volkswagen,Golf,2020,24900.00
18141,2026-12-03,Chloe,Nissan,Navara,2017,36500.00
18142,2026-12-03,Eve,Hyundai,Tucson,2021,29250.00
18143,2026-12-03,Chloe,Kia,Sportage,2022,31100.00
18144,2026-12-03,Liam,Toyota,Aqua,2024,18600.00
18145,2026-12-03,Nikau,Hyundai,Tucson,2013,23250.00
18146,2026-12-03,Kiri,Mazda,BT-50,2022,42850.00
18147,2026-12-03,Ioane,Volkswagen,Golf,2016,15500.00
18148,2026-12-03,Mere,Tesla,Model 3,2012,31850.00
18149,2026-12-03,Dan,Subaru,Forester,2015,29050.00
18150,2026-12-03,Mere,Toyota,Hilux,2016,36550.00
18151,2026-12-03,Olivia,Toyota,Yaris,2021,17850.00
18152,2026-12-03,Ioane,Mitsubishi,Outlander,2012,19550.00
18153,2026-12-03,Chloe,Nissan,Tiida,2018,6850.00
18154,2026-12-04,Chloe,Subaru,Outback,2024,41700.00
18155,2026-12-04,Mere,Toyota,Yaris,2018,11950.00
18156,2026-12-04,Kiri,Nissan,Navara,2012,21800.00
18157,2026-12-04,Ioane,Suzuki,Swift,2019,15350.00
18158,2026-12-04,Kiri,Mazda,BT-50,2015,33800.00
18159,2026-12-04,Liam,Toyota,Yaris,2025,16550.00
18160,2026-12-04,Eve,Mitsubishi,Triton,2018,28850.00
18161,2026-12-04,Hana,Subaru,Outback,2015,24200.00
18162,2026-12-04,Ioane,Mazda,BT-50,2015,33050.00
18163,2026-12-04,Hana,Honda,Civic,2013,11450.00
18164,2026-12-04,Mere,Mazda,CX-5,2016,23850.00
18165,2026-12-04,Hana,Tesla,Model 3,2012,35550.00
18166,2026-12-04,Eve,Holden,Commodore,2023,27000.00
18167,2026-12-04,Jess,Ford,Focus,2019,13400.00
18168,2026-12-04,Mere,Mazda,CX-5,2022,33550.00
18169,2026-12-04,Liam,Toyota,RAV4,2025,43750.00
18170,2026-12-04,Liam,Hyundai,Tucson,2016,28000.00
18171,2026-12-04,Ben,Toyota,RAV4,2016,28000.00
18172,2026-12-04,Dan,Toyota,Hilux,2012,28750.00
18173,2026-12-04,Eve,Mitsubishi,Triton,2018,38200.00
18174,2026-12-04,Kiri,Volkswagen,Golf,2014,13400.00
18175,2026-12-04,Eve,Hyundai,Tucson,2017,29750.00
18176,2026-12-04,Aroha,Mazda,BT-50,2015,33550.00
18177,2026-12-04,Ioane,Volkswagen,Golf,2018,21950.00
18178,2026-12-04,Chloe,Kia,Sportage,2020,31950.00
18179,2026-12-04,Ben,Toyota,Corolla,2022,25300.00
18180,2026-12-04,Mere,Mazda,Demio,2014,7800.00
18181,2026-12-04,Ben,Ford,Ranger,2019,49450.00
18182,2026-12-04,Eve,Mazda,BT-50,2016,35000.00
18183,2026-12-04,Eve,Holden,Commodore,2017,21050.00
18184,2026-12-05,Mere,Toyota,RAV4,2014,30700.00
18185,2026-12-05,Finn,Volkswagen,Golf,2024,24600.00
18186,2026-12-05,Kiri,Volkswagen,Golf,2013,12550.00
18187,2026-12-05,Hana,Nissan,Tiida,2012,4550.00
18188,2026-12-05,Nikau,Honda,Fit,2024,12950.00
18189,2026-12-05,Olivia,Mazda,CX-5,2015,25400.00
18190,2026-12-05,Eve,Nissan,Tiida,2014,6600.00
18191,2026-12-05,Mere,Tesla,Model 3,2022,55500.00
18192,2026-12-05,Jess,Honda,CR-V,2013,18000.00
18193,2026-12-05,Dan,Honda,Civic,2012,10000.00
18194,2026-12-05,Mere,Mitsubishi,Triton,2021,39150.00
18195,2026-12-05,Kiri,Mazda,CX-5,2016,24750.00
18196,2026-12-05,Olivia,Nissan,Navara,2019,34600.00
18197,2026-12-05,Olivia,Mitsubishi,Outlander,2023,42150.00
18198,2026-12-05,Kiri,Toyota,RAV4,2025,54650.00
18199,2026-12-05,Aroha,Mitsubishi,Triton,2022,45050.00
18200,2026-12-05,Olivia,Nissan,Navara,2022,45700.00
18201,2026-12-05,Chloe,Tesla,Model 3,2013,39100.00
18202,2026-12-05,Olivia,Mazda,CX-5,2023,34700.00
18203,2026-12-05,Liam,Mazda,BT-50,2013,26100.00
18204,2026-12-05,Chloe,Mazda,CX-5,2017,27450.00
18205,2026-12-05,Kiri,Mazda,CX-5,2024,44450.00
18206,2026-12-05,Jess,Mazda,BT-50,2024,44800.00
18207,2026-12-05,Ben,Ford,Focus,2016,10600.00
18208,2026-12-05,Liam,Mazda,BT-50,2019,34500.00
18209,2026-12-05,Mere,Honda,CR-V,2022,29500.00
18210,2026-12-05,Nikau,Mitsubishi,Triton,2012,20950.00
18211,2026-12-05,Mere,Honda,CR-V,2021,31700.00
18212,2026-12-05,Liam,Mitsubishi,Triton,2021,39750.00
18213,2026-12-05,Dan,Tesla,Model 3,2014,31800.00
18214,2026-12-05,Mere,Suzuki,Swift,2019,15400.00
18215,2026-12-05,Kiri,Nissan,Navara,2019,32800.00
18216,2026-12-05,Chloe,Mazda,Axela,2016,11600.00
18217,2026-12-05,Ioane,Toyota,Yaris,2015,12650.00
18218,2026-12-05,Chloe,Ford,Focus,2023,12900.00
18219,2026-12-06,Olivia,Tesla,Model 3,2018,52600.00
18220,2026-12-06,Mere,Toyota,RAV4,2020,34350.00
18221,2026-12-06,Finn,Honda,CR-V,2025,42750.00
18222,2026-12-06,Mere,Mazda,BT-50,2015,34950.00
18223,2026-12-06,Mere,Mazda,CX-5,2022,35450.00
18224,2026-12-06,Liam,Mazda,Demio,2023,12700.00
18225,2026-12-06,Mere,Toyota,Yaris,2018,13100.00
18226,2026-12-06,Eve,Mitsubishi,Triton,2015,29050.00
18227,2026-12-06,Mere,Ford,Focus,2016,11050.00
18228,2026-12-06,Liam,Toyota,RAV4,2015,25100.00
18229,2026-12-06,Chloe,Honda,CR-V,2014,20250.00
18230,2026-12-06,Chloe,Subaru,Outback,2017,30500.00
18231,2026-12-06,Eve,Nissan,Navara,2017,34900.00
18232,2026-12-06,Chloe,Hyundai,Tucson,2014,20650.00
18233,2026-12-06,Jess,Honda,Fit,2015,10150.00
18234,2026-12-06,Kiri,Mazda,Demio,2024,12900.00
18235,2026-12-06,Eve,Honda,Civic,2013,13900.00
18236,2026-12-06,Eve,Volkswagen,Golf,2013,13950.00
18237,2026-12-06,Jess,Nissan,Tiida,2021,9050.00
18238,2026-12-06,Olivia,Nissan,Tiida,2017,6400.00
18239,2026-12-06,Nikau,Mazda,Axela,2013,8700.00
18240,2026-12-06,Hana,Ford,Focus,2018,13200.00
18241,2026-12-06,Nikau,Honda,Fit,2024,13250.00
18242,2026-12-06,Chloe,Honda,CR-V,2025,37300.00
18243,2026-12-06,Eve,Nissan,Tiida,2013,4800.00
18244,2026-12-06,Olivia,Mitsubishi,Triton,2018,37650.00
18245,2026-12-06,Mere,Ford,Focus,2018,13150.00
18246,2026-12-06,Liam,Toyota,Yaris,2013,9400.00
18247,2026-12-06,Hana,Volkswagen,Golf,2020,24150.00
18248,2026-12-06,Finn,Tesla,Model 3,2018,49550.00
18249,2026-12-06,Chloe,Honda,CR-V,2012,16500.00
18250,2026-12-06,Jess,Tesla,Model 3,2019,50500.00
18251,2026-12-06,Dan,Tesla,Model 3,2015,40450.00
18252,2026-12-06,Eve,Mazda,BT-50,2024,48850.00
18253,2026-12-06,Nikau,Tesla,Model 3,2014,36100.00
18254,2026-12-06,Jess,Tesla,Model 3,2012,32350.00
18255,2026-12-06,Ioane,Kia,Sportage,2018,24700.00
18256,2026-12-07,Mere,Toyota,Aqua,2022,17150.00
18257,2026-12-07,Dan,Holden,Commodore,2021,26250.00
18258,2026-12-07,Hana,Tesla,Model 3,2021,53700.00
18259,2026-12-07,Hana,Toyota,RAV4,2015,30050.00
18260,2026-12-07,Hana,Honda,Fit,2021,12400.00
18261,2026-12-07,Ben,Tesla,Model 3,2014,40150.00
18262,2026-12-07,Hana,Tesla,Model 3,2012,32650.00
18263,2026-12-07,Finn,Honda,Civic,2021,21700.00
18264,2026-12-07,Mere,Mazda,BT-50,2013,26750.00
18265,2026-12-07,Olivia,Mazda,BT-50,2012,23700.00
18266,2026-12-07,Finn,Ford,Ranger,2018,41600.00
18267,2026-12-07,Ben,Suzuki,Swift,2017,10950.00
18268,2026-12-07,Kiri,Ford,Focus,2012,7700.00
18269,2026-12-07,Kiri,Volkswagen,Golf,2015,16250.00
18270,2026-12-07,Liam,Honda,Civic,2023,23650.00
18271,2026-12-07,Olivia,Mazda,Axela,2017,14200.00
18272,2026-12-07,Mere,Volkswagen,Golf,2021,24300.00
18273,2026-12-07,Ioane,Hyundai,Tucson,2024,43450.00
18274,2026-12-07,Olivia,Volkswagen,Golf,2014,14900.00
18275,2026-12-07,Hana,Volkswagen,Golf,2021,23550.00
18276,2026-12-07,Finn,Mazda,Axela,2018,11400.00
18277,2026-12-07,Ben,Toyota,Yaris,2017,14700.00
18278,2026-12-07,Hana,Holden,Commodore,2016,17650.00
18279,2026-12-07,Eve,Volkswagen,Golf,2022,25050.00
18280,2026-12-07,Chloe,Kia,Sportage,2014,21700.00
18281,2026-12-07,Finn,Subaru,Outback,2017,31750.00
18282,2026-12-07,Kiri,Toyota,Yaris,2025,21700.00
18283,2026-12-07,Eve,Honda,Fit,2019,11850.00
18284,2026-12-07,Liam,Nissan,Leaf,2014,12400.00
18285,2026-12-07,Ioane,Mazda,Demio,2022,9800.00
18286,2026-12-07,Olivia,Mazda,Demio,2023,11550.00
18287,2026-12-07,Liam,Holden,Commodore,2022,27200.00
18288,2026-12-07,Finn,Suzuki,Swift,2023,16550.00
18289,2026-12-07,Kiri,Toyota,RAV4,2014,28050.00
18290,2026-12-07,Liam,Suzuki,Swift,2014,9000.00
18291,2026-12-08,Finn,Tesla,Model 3,2014,34200.00
18292,2026-12-08,Mere,Volkswagen,Golf,2025,27150.00
18293,2026-12-08,Eve,Ford,Focus,2018,11150.00
18294,2026-12-08,Chloe,Kia,Sportage,2016,25250.00
18295,2026-12-08,Jess,Mazda,BT-50,2014,27950.00
18296,2026-12-08,Chloe,Hyundai,Tucson,2023,39750.00
18297,2026-12-08,Eve,Mitsubishi,Triton,2024,39000.00
18298,2026-12-08,Hana,Ford,Ranger,2012,24300.00
18299,2026-12-08,Liam,Toyota,Yaris,2021,16300.00
18300,2026-12-08,Ioane,Mazda,BT-50,2016,33100.00
18301,2026-12-08,Kiri,Mitsubishi,Triton,2019,30250.00
18302,2026-12-08,Chloe,Honda,CR-V,2018,29200.00
18303,2026-12-08,Eve,Toyota,Yaris,2025,19400.00
18304,2026-12-08,Aroha,Honda,Fit,2019,11800.00
18305,2026-12-08,Hana,Honda,CR-V,2014,20600.00
18306,2026-12-08,Finn,Mazda,CX-5,2015,25600.00
18307,2026-12-08,Kiri,Kia,Sportage,2025,40500.00
18308,2026-12-08,Dan,Ford,Ranger,2023,47650.00
18309,2026-12-08,Dan,Toyota,Yaris,2024,19300.00
18310,2026-12-09,Hana,Ford,Ranger,2025,52850.00
18311,2026-12-09,Kiri,Ford,Focus,2013,7350.00
18312,2026-12-09,Aroha,Kia,Sportage,2012,19400.00
18313,2026-12-09,Ioane,Subaru,Outback,2013,25000.00
18314,2026-12-09,Finn,Toyota,Aqua,2023,15500.00
18315,2026-12-09,Eve,Ford,Ranger,2018,46250.00
18316,2026-12-09,Mere,Mazda,Demio,2025,10750.00
18317,2026-12-09,Mere,Mazda,CX-5,2015,23250.00
18318,2026-12-09,Jess,Hyundai,Tucson,2025,43350.00
18319,2026-12-09,Aroha,Tesla,Model 3,2025,69250.00
18320,2026-12-09,Liam,Honda,Fit,2012,7150.00
18321,2026-12-09,Jess,Mazda,CX-5,2024,35350.00
18322,2026-12-09,Ioane,Honda,Fit,2012,7650.00
18323,2026-12-09,Dan,Toyota,Yaris,2017,14250.00
18324,2026-12-09,Mere,Ford,Ranger,2021,43050.00
18325,2026-12-09,Nikau,Honda,CR-V,2018,23950.00
18326,2026-12-09,Dan,Suzuki,Swift,2024,18300.00
18327,2026-12-09,Ioane,Honda,Fit,2021,11400.00
18328,2026-12-09,Nikau,Toyota,Yaris,2012,10600.00
18329,2026-12-09,Dan,Ford,Focus,2014,9700.00
18330,2026-12-09,Kiri,Subaru,Outback,2015,23550.00
18331,2026-12-09,Chloe,Mitsubishi,Triton,2023,44800.00
18332,2026-12-09,Nikau,Toyota,Hilux,2014,32700.00
18333,2026-12-09,Olivia,Toyota,RAV4,2024,39400.00
18334,2026-12-09,Dan,Toyota,RAV4,2013,28650.00
18335,2026-12-09,Olivia,Honda,Civic,2013,14250.00
18336,2026-12-09,Jess,Toyota,Yaris,2021,15200.00
18337,2026-12-09,Kiri,Nissan,Tiida,2020,7850.00
18338,2026-12-09,Aroha,Honda,CR-V,2017,24450.00
18339,2026-12-09,Eve,Mitsubishi,Triton,2022,35100.00
18340,2026-12-09,Kiri,Honda,Fit,2024,13700.00
18341,2026-12-09,Ben,Ford,Ranger,2016,35600.00
18342,2026-12-09,Ioane,Ford,Ranger,2016,39800.00
18343,2026-12-09,Kiri,Toyota,Corolla,2023,23550.00
18344,2026-12-10,Ben,Tesla,Model 3,2023,60150.00
18345,2026-12-10,Jess,Subaru,Outback,2024,40750.00
18346,2026-12-10,Eve,Ford,Ranger,2025,59850.00
18347,2026-12-10,Liam,Ford,Ranger,2023,49400.00
18348,2026-12-10,Finn,Hyundai,Tucson,2017,24150.00
18349,2026-12-10,Ioane,Honda,CR-V,2021,31000.00
18350,2026-12-10,Eve,Kia,Sportage,2025,42650.00
18351,2026-12-10,Eve,Volkswagen,Golf,2017,16100.00
18352,2026-12-10,Liam,Ford,Focus,2018,10150.00
18353,2026-12-10,Ben,Toyota,Yaris,2018,15050.00
18354,2026-12-10,Eve,Mazda,Demio,2019,8650.00
18355,2026-12-10,Eve,Toyota,Aqua,2013,7750.00
18356,2026-12-10,Ben,Mitsubishi,Triton,2022,37250.00
18357,2026-12-10,Nikau,Volkswagen,Golf,2015,14600.00
18358,2026-12-10,Mere,Toyota,Yaris,2018,11950.00
18359,2026-12-10,Ioane,Nissan,Tiida,2021,8850.00
18360,2026-12-10,Kiri,Mazda,Demio,2021,10500.00
18361,2026-12-10,Eve,Toyota,RAV4,2023,38550.00
18362,2026-12-10,Nikau,Mazda,Demio,2019,8850.00
18363,2026-12-10,Finn,Mitsubishi,Triton,2017,28200.00
18364,2026-12-10,Olivia,Ford,Ranger,2012,24550.00
18365,2026-12-10,Ioane,Kia,Sportage,2025,37150.00
18366,2026-12-10,Finn,Hyundai,Tucson,2023,35350.00
18367,2026-12-10,Olivia,Mazda,BT-50,2022,39800.00
18368,2026-12-10,Dan,Tesla,Model 3,2025,67350.00
18369,2026-12-10,Dan,Toyota,Hilux,2023,46900.00
18370,2026-12-10,Nikau,Mazda,Demio,2014,7800.00
18371,2026-12-10,Mere,Kia,Sportage,2024,31800.00
18372,2026-12-10,Finn,Nissan,Navara,2015,25750.00
18373,2026-12-10,Liam,Volkswagen,Golf,2018,21950.00
18374,2026-12-11,Kiri,Mazda,BT-50,2016,31250.00
18375,2026-12-11,Kiri,Mazda,CX-5,2016,26650.00
18376,2026-12-11,Finn,Honda,Civic,2019,20200.00
18377,2026-12-11,Jess,Tesla,Model 3,2014,33700.00
18378,2026-12-11,Finn,Tesla,Model 3,2019,54100.00
18379,2026-12-11,Mere,Mitsubishi,Triton,2012,22650.00
18380,2026-12-11,Liam,Volkswagen,Golf,2025,30950.00
18381,2026-12-11,Kiri,Ford,Focus,2024,13300.00
18382,2026-12-11,Kiri,Subaru,Forester,2019,27600.00
18383,2026-12-11,Aroha,Toyota,Yaris,2017,14800.00
18384,2026-12-11,Hana,Kia,Sportage,2017,26050.00
18385,2026-12-11,Kiri,Ford,Focus,2014,7800.00
18386,2026-12-11,Finn,Subaru,Outback,2019,33050.00
18387,2026-12-11,Nikau,Volkswagen,Golf,2014,14450.00
18388,2026-12-11,Aroha,Nissan,Navara,2019,34050.00
18389,2026-12-11,Liam,Mazda,Demio,2025,11750.00
18390,2026-12-11,Finn,Toyota,Corolla,2024,24950.00
18391,2026-12-11,Aroha,Toyota,Yaris,2013,10500.00
18392,2026-12-11,Kiri,Mazda,CX-5,2023,41750.00
18393,2026-12-11,Nikau,Tesla,Model 3,2021,63500.00
18394,2026-12-11,Hana,Toyota,RAV4,2019,41100.00
18395,2026-12-11,Jess,Tesla,Model 3,2012,32200.00
18396,2026-12-11,Liam,Tesla,Model 3,2018,43550.00
18397,2026-12-11,Hana,Mitsubishi,Triton,2015,28850.00
18398,2026-12-11,Dan,Holden,Commodore,2014,19250.00
18399,2026-12-11,Nikau,Mazda,CX-5,2013,21650.00
18400,2026-12-11,Dan,Tesla,Model 3,2012,33100.00
18401,2026-12-11,Ben,Honda,CR-V,2017,24850.00
18402,2026-12-11,Liam,Kia,Sportage,2015,20250.00
18403,2026-12-11,Aroha,Kia,Sportage,2017,27200.00
18404,2026-12-12,Eve,Mitsubishi,Triton,2021,35950.00
18405,2026-12-12,Dan,Mazda,CX-5,2016,29600.00
18406,2026-12-12,Nikau,Toyota,Corolla,2022,22150.00
18407,2026-12-12,Ben,Ford,Focus,2017,11650.00
18408,2026-12-12,Finn,Toyota,RAV4,2017,35800.00
18409,2026-12-12,Chloe,Subaru,Outback,2012,24150.00
18410,2026-12-12,Mere,Tesla,Model 3,2025,66950.00
18411,2026-12-12,Ioane,Mazda,Axela,2016,11950.00
18412,2026-12-12,Dan,Toyota,Aqua,2022,15800.00
18413,2026-12-12,Ben,Toyota,Corolla,2022,25050.00
18414,2026-12-12,Mere,Mitsubishi,Triton,2018,30200.00
18415,2026-12-12,Finn,Volkswagen,Golf,2023,23350.00
18416,2026-12-12,Liam,Volkswagen,Golf,2025,27150.00
18417,2026-12-12,Aroha,Subaru,Outback,2016,33550.00
18418,2026-12-12,Ioane,Nissan,Navara,2013,22350.00
18419,2026-12-12,Hana,Honda,Civic,2020,19050.00
18420,2026-12-12,Kiri,Mazda,Demio,2017,8000.00
18421,2026-12-12,Aroha,Toyota,Yaris,2016,12850.00
18422,2026-12-12,Hana,Mazda,Demio,2015,8650.00
18423,2026-12-12,Ioane,Mitsubishi,Triton,2016,25550.00
18424,2026-12-12,Olivia,Toyota,Yaris,2013,11250.00
18425,2026-12-12,Nikau,Volkswagen,Golf,2017,18050.00
18426,2026-12-12,Ioane,Nissan,Navara,2015,26900.00
18427,2026-12-12,Ben,Volkswagen,Golf,2023,25500.00
18428,2026-12-12,Ioane,Holden,Commodore,2016,18700.00
18429,2026-12-12,Mere,Nissan,Leaf,2018,14900.00
18430,2026-12-12,Ioane,Hyundai,Tucson,2017,26050.00
18431,2026-12-13,Chloe,Mazda,CX-5,2017,24000.00
18432,2026-12-13,Jess,Suzuki,Swift,2022,15650.00
18433,2026-12-13,Ben,Mazda,Demio,2022,12650.00
18434,2026-12-13,Chloe,Mazda,BT-50,2015,35100.00
18435,2026-12-13,Kiri,Toyota,Yaris,2021,17700.00
18436,2026-12-13,Dan,Nissan,Navara,2018,39500.00
18437,2026-12-13,Kiri,Toyota,RAV4,2025,43900.00
18438,2026-12-13,Aroha,Toyota,Yaris,2017,12450.00
18439,2026-12-13,Jess,Toyota,Aqua,2016,11100.00
18440,2026-12-13,Eve,Hyundai,Tucson,2013,17900.00
18441,2026-12-13,Chloe,Mazda,CX-5,2024,36950.00
18442,2026-12-13,Liam,Mazda,Demio,2013,5600.00
18443,2026-12-13,Ioane,Holden,Commodore,2024,26900.00
18444,2026-12-13,Hana,Toyota,Corolla,2014,15550.00
18445,2026-12-13,Jess,Toyota,Yaris,2018,12000.00
18446,2026-12-13,Jess,Mitsubishi,Triton,2018,35950.00
18447,2026-12-13,Dan,Nissan,Navara,2014,27950.00
18448,2026-12-13,Hana,Suzuki,Swift,2021,14600.00
18449,2026-12-13,Ioane,Ford,Ranger,2015,33700.00
18450,2026-12-13,Liam,Mitsubishi,Triton,2019,40200.00
18451,2026-12-13,Eve,Honda,CR-V,2020,26500.00
18452,2026-12-13,Finn,Toyota,Aqua,2014,8500.00
18453,2026-12-13,Liam,Hyundai,Tucson,2021,38100.00
18454,2026-12-13,Liam,Ford,Ranger,2017,41350.00
18455,2026-12-13,Eve,Mazda,BT-50,2025,49350.00
18456,2026-12-13,Olivia,Ford,Focus,2016,9500.00
18457,2026-12-13,Chloe,Volkswagen,Golf,2022,21100.00
18458,2026-12-13,Ioane,Nissan,Tiida,2013,5250.00
18459,2026-12-13,Hana,Mazda,CX-5,2020,29000.00
18460,2026-12-13,Dan,Tesla,Model 3,2012,28500.00
18461,2026-12-13,Mere,Honda,CR-V,2015,20900.00
18462,2026-12-13,Eve,Toyota,RAV4,2018,37550.00
18463,2026-12-13,Ben,Toyota,Corolla,2022,23650.00
18464,2026-12-13,Olivia,Tesla,Model 3,2020,53150.00
18465,2026-12-13,Chloe,Tesla,Model 3,2023,63600.00
18466,2026-12-13,Mere,Ford,Focus,2014,10100.00
18467,2026-12-13,Eve,Suzuki,Swift,2014,10150.00
18468,2026-12-14,Ioane,Mitsubishi,Triton,2019,39700.00
18469,2026-12-14,Chloe,Nissan,Navara,2012,22850.00
18470,2026-12-14,Mere,Toyota,RAV4,2022,36100.00
18471,2026-12-14,Finn,Toyota,RAV4,2016,32200.00
18472,2026-12-14,Finn,Mazda,CX-5,2024,37500.00
18473,2026-12-14,Eve,Nissan,Leaf,2021,16800.00
18474,2026-12-14,Eve,Nissan,Navara,2015,28100.00
18475,2026-12-14,Hana,Nissan,Navara,2020,43950.00
18476,2026-12-14,Chloe,Toyota,Hilux,2022,47900.00
18477,2026-12-14,Ben,Subaru,Outback,2016,30450.00
18478,2026-12-14,Dan,Suzuki,Swift,2017,11050.00
18479,2026-12-14,Ioane,Mazda,CX-5,2018,31450.00
18480,2026-12-14,Nikau,Honda,CR-V,2024,39650.00
18481,2026-12-14,Chloe,Honda,CR-V,2024,31650.00
18482,2026-12-14,Liam,Toyota,Aqua,2012,8650.00
18483,2026-12-14,Kiri,Kia,Sportage,2024,35500.00
18484,2026-12-14,Hana,Toyota,Yaris,2018,13650.00
18485,2026-12-14,Kiri,Toyota,Aqua,2014,9150.00
18486,2026-12-14,Ben,Holden,Commodore,2012,13200.00
18487,2026-12-14,Jess,Mitsubishi,Triton,2016,31900.00
18488,2026-12-14,Mere,Subaru,Outback,2025,46400.00
18489,2026-12-14,Aroha,Mazda,BT-50,2016,32550.00
18490,2026-12-14,Jess,Honda,Fit,2025,14700.00
18491,2026-12-14,Nikau,Toyota,RAV4,2017,30600.00
18492,2026-12-14,Dan,Toyota,Corolla,2016,14000.00
18493,2026-12-14,Nikau,Toyota,Yaris,2015,13350.00
18494,2026-12-15,Aroha,Tesla,Model 3,2018,43350.00
18495,2026-12-15,Dan,Toyota,RAV4,2018,38850.00
18496,2026-12-15,Eve,Mazda,BT-50,2014,28850.00
18497,2026-12-15,Ioane,Subaru,Forester,2015,21700.00
18498,2026-12-15,Jess,Honda,CR-V,2016,25900.00
18499,2026-12-15,Dan,Kia,Sportage,2013,21900.00
18500,2026-12-15,Aroha,Ford,Ranger,2018,46300.00
18501,2026-12-15,Eve,Mazda,CX-5,2024,41500.00
18502,2026-12-15,Jess,Toyota,RAV4,2017,30000.00
18503,2026-12-15,Nikau,Honda,Civic,2012,11850.00
18504,2026-12-15,Ioane,Ford,Focus,2021,14000.00
18505,2026-12-15,Chloe,Tesla,Model 3,2018,40550.00
18506,2026-12-15,Mere,Mitsubishi,Triton,2016,27800.00
18507,2026-12-15,Nikau,Toyota,Aqua,2012,9400.00
18508,2026-12-15,Nikau,Hyundai,Tucson,2015,23500.00
18509,2026-12-15,Dan,Mazda,CX-5,2019,34850.00
18510,2026-12-15,Ben,Tesla,Model 3,2019,47450.00
18511,2026-12-15,Hana,Subaru,Forester,2016,29450.00
18512,2026-12-15,Olivia,Mitsubishi,Triton,2025,51750.00
18513,2026-12-15,Liam,Mazda,CX-5,2022,32300.00
18514,2026-12-15,Hana,Toyota,Aqua,2025,14900.00
18515,2026-12-15,Hana,Tesla,Model 3,2019,44150.00
18516,2026-12-15,Olivia,Toyota,Hilux,2025,50550.00
18517,2026-12-15,Ioane,Kia,Sportage,2025,39900.00
18518,2026-12-15,Chloe,Toyota,Hilux,2022,53300.00
18519,2026-12-15,Olivia,Honda,Fit,2020,13050.00
18520,2026-12-15,Chloe,Honda,CR-V,2016,25050.00
18521,2026-12-15,Eve,Ford,Focus,2014,8950.00
18522,2026-12-15,Dan,Toyota,Yaris,2015,10600.00
18523,2026-12-15,Liam,Toyota,Yaris,2020,14950.00
18524,2026-12-15,Ioane,Toyota,Yaris,2016,11750.00
18525,2026-12-15,Ben,Mitsubishi,Triton,2017,29900.00
18526,2026-12-16,Mere,Mazda,BT-50,2021,41750.00
18527,2026-12-16,Mere,Mitsubishi,Triton,2021,34700.00
18528,2026-12-16,Dan,Mazda,Axela,2014,10950.00
18529,2026-12-16,Ioane,Ford,Focus,2012,7400.00
18530,2026-12-16,Nikau,Toyota,Corolla,2023,19950.00
18531,2026-12-16,Mere,Toyota,RAV4,2012,21100.00
18532,2026-12-16,Hana,Kia,Sportage,2014,21950.00
18533,2026-12-16,Finn,Toyota,Yaris,2019,16050.00
18534,2026-12-16,Ben,Ford,Ranger,2023,59350.00
18535,2026-12-16,Finn,Toyota,Yaris,2013,10250.00
18536,2026-12-16,Mere,Honda,CR-V,2014,21800.00
18537,2026-12-16,Olivia,Mitsubishi,Outlander,2017,28800.00
18538,2026-12-16,Chloe,Mazda,Axela,2012,7950.00
18539,2026-12-16,Chloe,Honda,CR-V,2020,29300.00
18540,2026-12-16,Liam,Volkswagen,Golf,2017,17150.00
18541,2026-12-16,Eve,Kia,Sportage,2020,26800.00
18542,2026-12-16,Hana,Subaru,Forester,2013,24200.00
18543,2026-12-16,Eve,Nissan,Navara,2014,31450.00
18544,2026-12-16,Hana,Hyundai,Tucson,2013,17850.00
18545,2026-12-16,Aroha,Toyota,Yaris,2021,15500.00
18546,2026-12-16,Olivia,Volkswagen,Golf,2019,20100.00
18547,2026-12-16,Eve,Subaru,Outback,2024,47500.00
18548,2026-12-16,Dan,Ford,Focus,2025,14150.00
18549,2026-12-16,Finn,Toyota,RAV4,2024,42800.00
18550,2026-12-16,Olivia,Mazda,BT-50,2016,32050.00
18551,2026-12-17,Kiri,Honda,Civic,2021,22150.00
18552,2026-12-17,Dan,Subaru,Outback,2018,34550.00
18553,2026-12-17,Jess,Honda,Fit,2020,12800.00
18554,2026-12-17,Mere,Mazda,BT-50,2023,52700.00
18555,2026-12-17,Kiri,Honda,Civic,2014,13550.00
18556,2026-12-17,Hana,Mitsubishi,Triton,2023,44200.00
18557,2026-12-17,Ben,Toyota,Yaris,2021,17000.00
18558,2026-12-17,Olivia,Hyundai,Tucson,2024,34250.00
18559,2026-12-17,Finn,Toyota,Yaris,2020,13900.00
18560,2026-12-17,Jess,Mazda,Demio,2016,8950.00
18561,2026-12-17,Jess,Honda,Civic,2012,10900.00
18562,2026-12-17,Aroha,Subaru,Outback,2020,31950.00
18563,2026-12-17,Nikau,Toyota,Aqua,2012,7750.00
18564,2026-12-17,Aroha,Mitsubishi,Triton,2021,36400.00
18565,2026-12-17,Nikau,Toyota,RAV4,2017,32200.00
18566,2026-12-17,Chloe,Mazda,CX-5,2024,38400.00
18567,2026-12-17,Dan,Toyota,Corolla,2016,16000.00
18568,2026-12-17,Nikau,Honda,CR-V,2023,33600.00
18569,2026-12-17,Mere,Toyota,Hilux,2015,28100.00
18570,2026-12-17,Nikau,Subaru,Outback,2015,30900.00
18571,2026-12-17,Chloe,Toyota,RAV4,2012,24750.00
18572,2026-12-17,Hana,Toyota,Yaris,2020,17250.00
18573,2026-12-17,Ben,Tesla,Model 3,2015,39700.00
18574,2026-12-17,Finn,Nissan,Navara,2019,41300.00
18575,2026-12-17,Hana,Tesla,Model 3,2012,27350.00
18576,2026-12-17,Hana,Mazda,CX-5,2022,32550.00
18577,2026-12-17,Chloe,Honda,CR-V,2019,32450.00
18578,2026-12-17,Ben,Subaru,Outback,2018,36250.00
18579,2026-12-17,Olivia,Kia,Sportage,2020,26250.00
18580,2026-12-17,Hana,Subaru,Outback,2018,35900.00
18581,2026-12-17,Mere,Toyota,RAV4,2017,34600.00
18582,2026-12-17,Finn,Mitsubishi,Triton,2012,21800.00
18583,2026-12-17,Dan,Honda,Fit,2014,8400.00
18584,2026-12-17,Hana,Volkswagen,Golf,2024,24650.00
18585,2026-12-17,Olivia,Tesla,Model 3,2017,39050.00
18586,2026-12-17,Liam,Honda,Civic,2019,18300.00
18587,2026-12-18,Jess,Toyota,Yaris,2023,16850.00
18588,2026-12-18,Chloe,Toyota,Yaris,2021,16000.00
18589,2026-12-18,Liam,Volkswagen,Golf,2015,15250.00
18590,2026-12-18,Hana,Honda,CR-V,2016,26350.00
18591,2026-12-18,Ioane,Honda,Civic,2018,16600.00
18592,2026-12-18,Kiri,Honda,CR-V,2025,35900.00
18593,2026-12-18,Ben,Subaru,Forester,2018,34300.00
18594,2026-12-18,Kiri,Ford,Focus,2019,13000.00
18595,2026-12-18,Ioane,Toyota,Aqua,2017,10150.00
18596,2026-12-18,Ioane,Subaru,Outback,2016,29750.00
18597,2026-12-18,Mere,Subaru,Outback,2025,49200.00
18598,2026-12-18,Jess,Toyota,Aqua,2012,8300.00
18599,2026-12-18,Mere,Nissan,Tiida,2023,10600.00
18600,2026-12-18,Aroha,Holden,Commodore,2014,19800.00
18601,2026-12-18,Ben,Mitsubishi,Triton,2019,35200.00
18602,2026-12-18,Hana,Toyota,Hilux,2024,51500.00
18603,2026-12-18,Eve,Toyota,RAV4,2014,25800.00
18604,2026-12-18,Eve,Mazda,Axela,2024,19650.00
18605,2026-12-18,Olivia,Volkswagen,Golf,2024,25700.00
18606,2026-12-18,Hana,Nissan,Navara,2015,29600.00
18607,2026-12-18,Liam,Tesla,Model 3,2014,38150.00
18608,2026-12-18,Liam,Ford,Ranger,2017,35200.00
18609,2026-12-18,Jess,Toyota,Aqua,2024,15650.00
18610,2026-12-18,Ben,Toyota,RAV4,2023,46950.00
18611,2026-12-18,Eve,Holden,Commodore,2019,22100.00
18612,2026-12-18,Liam,Mazda,CX-5,2022,32850.00
18613,2026-12-18,Nikau,Honda,CR-V,2024,35900.00
18614,2026-12-18,Mere,Suzuki,Swift,2023,18750.00
18615,2026-12-18,Liam,Toyota,RAV4,2020,41050.00
18616,2026-12-18,Nikau,Nissan,Navara,2020,42700.00
18617,2026-12-18,Finn,Ford,Focus,2015,8600.00
18618,2026-12-18,Chloe,Honda,Fit,2015,8150.00
18619,2026-12-18,Finn,Mazda,Demio,2022,9850.00
18620,2026-12-19,Olivia,Tesla,Model 3,2020,45350.00
18621,2026-12-19,Chloe,Subaru,Outback,2020,39050.00
18622,2026-12-19,Eve,Mazda,BT-50,2018,36650.00
18623,2026-12-19,Eve,Tesla,Model 3,2015,37950.00
18624,2026-12-19,Nikau,Kia,Sportage,2022,33450.00
18625,2026-12-19,Olivia,Honda,Fit,2014,8000.00
18626,2026-12-19,Dan,Tesla,Model 3,2016,42800.00
18627,2026-12-19,Nikau,Mazda,Demio,2018,8550.00
18628,2026-12-19,Olivia,Honda,Fit,2018,12050.00
18629,2026-12-19,Finn,Toyota,Yaris,2014,11450.00
18630,2026-12-19,Nikau,Toyota,Aqua,2025,17950.00
18631,2026-12-19,Olivia,Subaru,Outback,2015,29950.00
18632,2026-12-19,Olivia,Nissan,Navara,2025,50800.00
18633,2026-12-19,Chloe,Toyota,Aqua,2024,15150.00
18634,2026-12-19,Chloe,Mazda,CX-5,2020,35900.00
18635,2026-12-19,Mere,Mazda,CX-5,2024,37050.00
18636,2026-12-19,Dan,Honda,Fit,2025,15450.00
18637,2026-12-19,Aroha,Holden,Commodore,2018,25000.00
18638,2026-12-19,Jess,Ford,Ranger,2019,48350.00
18639,2026-12-19,Kiri,Nissan,Navara,2019,37400.00
18640,2026-12-19,Nikau,Mitsubishi,Triton,2024,43650.00
18641,2026-12-19,Dan,Mazda,CX-5,2019,33000.00
18642,2026-12-19,Ben,Mazda,CX-5,2018,30750.00
18643,2026-12-19,Jess,Mazda,BT-50,2020,45750.00
18644,2026-12-19,Mere,Honda,Civic,2024,21050.00
18645,2026-12-19,Chloe,Mazda,CX-5,2024,36300.00
18646,2026-12-19,Jess,Nissan,Leaf,2017,15300.00
18647,2026-12-19,Jess,Nissan,Leaf,2015,11800.00
18648,2026-12-19,Kiri,Hyundai,Tucson,2021,34050.00
18649,2026-12-19,Kiri,Toyota,Aqua,2013,8500.00
18650,2026-12-19,Hana,Honda,Civic,2022,23800.00
18651,2026-12-19,Mere,Kia,Sportage,2024,32550.00
18652,2026-12-19,Finn,Suzuki,Swift,2021,16550.00
18653,2026-12-19,Hana,Mazda,Axela,2024,16050.00
18654,2026-12-19,Kiri,Subaru,Outback,2016,25250.00
18655,2026-12-19,Eve,Toyota,Aqua,2020,14950.00
18656,2026-12-19,Nikau,Subaru,Outback,2025,48900.00
18657,2026-12-20,Dan,Ford,Focus,2017,10000.00
18658,2026-12-20,Eve,Kia,Sportage,2023,32100.00
18659,2026-12-20,Jess,Ford,Focus,2016,11550.00
18660,2026-12-20,Eve,Mitsubishi,Triton,2013,27150.00
18661,2026-12-20,Kiri,Hyundai,Tucson,2021,37850.00
18662,2026-12-20,Mere,Mitsubishi,Triton,2025,50850.00
18663,2026-12-20,Chloe,Suzuki,Swift,2014,10250.00
18664,2026-12-20,Hana,Nissan,Tiida,2016,7250.00
18665,2026-12-20,Hana,Honda,Fit,2025,14600.00
18666,2026-12-20,Hana,Holden,Commodore,2012,14350.00
18667,2026-12-20,Liam,Toyota,Aqua,2025,14750.00
18668,2026-12-20,Mere,Mazda,Demio,2021,11500.00
18669,2026-12-20,Finn,Mazda,BT-50,2022,47850.00
18670,2026-12-20,Mere,Toyota,RAV4,2025,42250.00
18671,2026-12-20,Aroha,Holden,Commodore,2012,13600.00
18672,2026-12-20,Jess,Suzuki,Swift,2018,11650.00
18673,2026-12-20,Eve,Mazda,CX-5,2017,27150.00
18674,2026-12-20,Ioane,Nissan,Leaf,2025,18550.00
18675,2026-12-20,Nikau,Toyota,Yaris,2024,20150.00
18676,2026-12-20,Dan,Subaru,Outback,2023,36250.00
18677,2026-12-20,Finn,Honda,Civic,2022,22850.00
18678,2026-12-20,Ioane,Mazda,Axela,2015,11750.00
18679,2026-12-20,Ioane,Toyota,Yaris,2018,15150.00
18680,2026-12-20,Olivia,Toyota,RAV4,2021,36350.00
18681,2026-12-20,Finn,Ford,Focus,2017,9800.00
18682,2026-12-20,Ioane,Kia,Sportage,2013,16850.00
18683,2026-12-20,Aroha,Ford,Ranger,2012,31350.00
18684,2026-12-21,Hana,Toyota,Yaris,2017,14900.00
18685,2026-12-21,Finn,Kia,Sportage,2018,24050.00
18686,2026-12-21,Mere,Tesla,Model 3,2015,38300.00
18687,2026-12-21,Ioane,Tesla,Model 3,2012,33050.00
18688,2026-12-21,Jess,Honda,Civic,2023,22800.00
18689,2026-12-21,Aroha,Mazda,CX-5,2015,23900.00
18690,2026-12-21,Olivia,Nissan,Leaf,2021,17550.00
18691,2026-12-21,Ioane,Toyota,Aqua,2017,11050.00
18692,2026-12-21,Kiri,Suzuki,Swift,2019,12800.00
18693,2026-12-21,Dan,Subaru,Forester,2023,34250.00
18694,2026-12-21,Chloe,Toyota,RAV4,2021,45100.00
18695,2026-12-21,Kiri,Mitsubishi,Triton,2017,35650.00
18696,2026-12-21,Ben,Subaru,Outback,2016,26400.00
18697,2026-12-21,Liam,Kia,Sportage,2014,22300.00
18698,2026-12-21,Chloe,Toyota,Hilux,2012,28900.00
18699,2026-12-21,Chloe,Toyota,Hilux,2015,28000.00
18700,2026-12-21,Ben,Hyundai,Tucson,2016,25950.00
18701,2026-12-21,Hana,Hyundai,Tucson,2024,43500.00
18702,2026-12-21,Chloe,Nissan,Navara,2018,30750.00
18703,2026-12-21,Hana,Nissan,Navara,2023,51750.00
18704,2026-12-21,Ben,Hyundai,Tucson,2023,33200.00
18705,2026-12-21,Liam,Hyundai,Tucson,2013,19700.00
18706,2026-12-21,Liam,Mazda,BT-50,2021,37350.00
18707,2026-12-21,Ioane,Honda,CR-V,2024,35200.00
18708,2026-12-21,Ioane,Honda,CR-V,2016,28350.00
18709,2026-12-22,Chloe,Toyota,Aqua,2021,14900.00
18710,2026-12-22,Ben,Volkswagen,Golf,2021,19800.00
18711,2026-12-22,Liam,Hyundai,Tucson,2020,33900.00
18712,2026-12-22,Liam,Mazda,BT-50,2024,45200.00
18713,2026-12-22,Finn,Toyota,Hilux,2015,33050.00
18714,2026-12-22,Nikau,Toyota,Hilux,2014,35150.00
18715,2026-12-22,Chloe,Mitsubishi,Outlander,2013,24200.00
18716,2026-12-22,Aroha,Mitsubishi,Triton,2025,52200.00
18717,2026-12-22,Mere,Ford,Focus,2014,9950.00
18718,2026-12-22,Eve,Toyota,Aqua,2019,12550.00
18719,2026-12-22,Mere,Mazda,BT-50,2014,27400.00
18720,2026-12-22,Chloe,Tesla,Model 3,2021,57800.00
18721,2026-12-22,Nikau,Subaru,Outback,2019,36900.00
18722,2026-12-22,Dan,Toyota,RAV4,2013,22400.00
18723,2026-12-22,Dan,Mitsubishi,Triton,2020,42100.00
18724,2026-12-22,Hana,Kia,Sportage,2024,39200.00
18725,2026-12-22,Liam,Mazda,Demio,2018,9550.00
18726,2026-12-22,Kiri,Toyota,Yaris,2012,8250.00
18727,2026-12-22,Liam,Honda,CR-V,2022,38850.00
18728,2026-12-22,Dan,Hyundai,Tucson,2020,34250.00
18729,2026-12-22,Hana,Nissan,Leaf,2012,9750.00
18730,2026-12-22,Mere,Subaru,Outback,2012,18850.00
18731,2026-12-22,Nikau,Mitsubishi,Triton,2017,30150.00
18732,2026-12-22,Mere,Toyota,RAV4,2012,22500.00
18733,2026-12-22,Eve,Toyota,Hilux,2012,29750.00
18734,2026-12-22,Chloe,Tesla,Model 3,2020,45450.00
18735,2026-12-22,Ben,Tesla,Model 3,2013,38800.00
18736,2026-12-22,Ioane,Mazda,BT-50,2017,30250.00
18737,2026-12-22,Finn,Mitsubishi,Triton,2019,33750.00
18738,2026-12-22,Ben,Toyota,Hilux,2013,28700.00
18739,2026-12-22,Olivia,Holden,Commodore,2015,20450.00
18740,2026-12-23,Hana,Honda,CR-V,2019,33350.00
18741,2026-12-23,Finn,Mazda,BT-50,2015,28400.00
18742,2026-12-23,Ben,Toyota,Aqua,2020,13000.00
18743,2026-12-23,Chloe,Mitsubishi,Outlander,2022,37750.00
18744,2026-12-23,Kiri,Tesla,Model 3,2024,65100.00
18745,2026-12-23,Jess,Toyota,RAV4,2018,34050.00
18746,2026-12-23,Ioane,Mazda,BT-50,2016,36550.00
18747,2026-12-23,Finn,Toyota,RAV4,2015,27250.00
18748,2026-12-23,Mere,Toyota,Aqua,2012,7650.00
18749,2026-12-23,Hana,Hyundai,Tucson,2015,21600.00
18750,2026-12-23,Olivia,Volkswagen,Golf,2017,16250.00
18751,2026-12-23,Kiri,Mazda,Demio,2018,9400.00
18752,2026-12-23,Mere,Hyundai,Tucson,2015,24850.00
18753,2026-12-23,Ben,Mitsubishi,Triton,2021,37150.00
18754,2026-12-23,Mere,Suzuki,Swift,2014,11150.00
18755,2026-12-23,Mere,Mazda,BT-50,2012,23950.00
18756,2026-12-23,Liam,Mazda,CX-5,2017,26750.00
18757,2026-12-23,Liam,Honda,Civic,2013,12250.00
18758,2026-12-23,Mere,Tesla,Model 3,2019,53250.00
18759,2026-12-23,Dan,Tesla,Model 3,2017,41250.00
18760,2026-12-24,Dan,Mazda,CX-5,2020,33800.00
18761,2026-12-24,Jess,Mazda,CX-5,2020,32400.00
18762,2026-12-24,Dan,Toyota,Aqua,2017,10800.00
18763,2026-12-24,Hana,Mazda,CX-5,2014,19950.00
18764,2026-12-24,Hana,Toyota,Yaris,2023,16250.00
18765,2026-12-24,Olivia,Mazda,Axela,2015,12550.00
18766,2026-12-24,Jess,Nissan,Navara,2020,45450.00
18767,2026-12-24,Dan,Nissan,Tiida,2021,9750.00
18768,2026-12-24,Kiri,Subaru,Outback,2023,47200.00
18769,2026-12-24,Chloe,Subaru,Forester,2017,30150.00
18770,2026-12-24,Ioane,Ford,Ranger,2014,37850.00
18771,2026-12-24,Eve,Mazda,BT-50,2017,31650.00
18772,2026-12-24,Mere,Suzuki,Swift,2021,16200.00
18773,2026-12-24,Ioane,Mazda,CX-5,2012,17300.00
18774,2026-12-24,Aroha,Mazda,Demio,2013,6100.00
18775,2026-12-24,Finn,Subaru,Outback,2020,35600.00
18776,2026-12-24,Olivia,Honda,CR-V,2022,31550.00
18777,2026-12-24,Hana,Mazda,CX-5,2012,19800.00
18778,2026-12-24,Liam,Toyota,Yaris,2018,15500.00
18779,2026-12-24,Dan,Mazda,Demio,2023,12950.00
18780,2026-12-24,Jess,Mitsubishi,Triton,2015,26150.00
18781,2026-12-24,Hana,Ford,Ranger,2015,34200.00
18782,2026-12-24,Nikau,Honda,Civic,2022,23200.00
18783,2026-12-24,Ioane,Ford,Ranger,2021,43100.00
18784,2026-12-24,Eve,Tesla,Model 3,2018,41750.00
18785,2026-12-24,Jess,Toyota,RAV4,2018,34900.00
18786,2026-12-24,Chloe,Honda,Fit,2014,8800.00
18787,2026-12-24,Chloe,Holden,Commodore,2016,21350.00
18788,2026-12-24,Ioane,Toyota,Yaris,2017,12550.00
18789,2026-12-24,Mere,Subaru,Outback,2019,31100.00
18790,2026-12-24,Ioane,Toyota,RAV4,2013,22350.00
18791,2026-12-24,Liam,Mazda,BT-50,2014,32100.00
18792,2026-12-24,Mere,Suzuki,Swift,2014,9350.00
18793,2026-12-25,Mere,Toyota,Yaris,2020,16300.00
18794,2026-12-25,Finn,Toyota,Hilux,2016,35200.00
18795,2026-12-25,Mere,Mazda,Demio,2022,10050.00
18796,2026-12-25,Mere,Toyota,Yaris,2025,17000.00
18797,2026-12-25,Ben,Nissan,Navara,2018,38000.00
18798,2026-12-25,Mere,Volkswagen,Golf,2015,18100.00
18799,2026-12-25,Mere,Mazda,CX-5,2021,38400.00
18800,2026-12-25,Eve,Holden,Commodore,2021,27900.00
18801,2026-12-25,Hana,Toyota,Hilux,2025,54600.00
18802,2026-12-25,Aroha,Toyota,Hilux,2022,41100.00
18803,2026-12-25,Olivia,Honda,CR-V,2024,34100.00
18804,2026-12-25,Finn,Toyota,Aqua,2019,13700.00
18805,2026-12-25,Finn,Mazda,CX-5,2018,25950.00
18806,2026-12-25,Olivia,Subaru,Outback,2020,35100.00
18807,2026-12-25,Ioane,Nissan,Leaf,2025,20200.00
18808,2026-12-25,Liam,Subaru,Outback,2023,39600.00
18809,2026-12-25,Liam,Honda,Fit,2012,6800.00
18810,2026-12-25,Mere,Subaru,Forester,2025,45700.00
18811,2026-12-25,Ioane,Kia,Sportage,2014,21050.00
18812,2026-12-25,Liam,Hyundai,Tucson,2021,37500.00
18813,2026-12-25,Jess,Suzuki,Swift,2016,11550.00
18814,2026-12-25,Liam,Kia,Sportage,2021,31850.00
18815,2026-12-25,Chloe,Mazda,CX-5,2012,21300.00
18816,2026-12-25,Chloe,Suzuki,Swift,2017,13250.00
18817,2026-12-25,Ben,Honda,CR-V,2018,26900.00
18818,2026-12-25,Olivia,Toyota,Aqua,2017,10400.00
18819,2026-12-25,Olivia,Ford,Ranger,2013,28050.00
18820,2026-12-25,Ioane,Tesla,Model 3,2015,35450.00
18821,2026-12-25,Hana,Toyota,RAV4,2024,50650.00
18822,2026-12-25,Kiri,Ford,Ranger,2019,39300.00
18823,2026-12-25,Finn,Suzuki,Swift,2012,9000.00
18824,2026-12-25,Ioane,Ford,Ranger,2016,43350.00
18825,2026-12-25,Liam,Honda,Fit,2022,11800.00
18826,2026-12-25,Ben,Nissan,Navara,2018,38800.00
18827,2026-12-26,Dan,Mazda,Demio,2023,10050.00
18828,2026-12-26,Dan,Toyota,Aqua,2020,12950.00
18829,2026-12-26,Jess,Kia,Sportage,2023,38000.00
18830,2026-12-26,Hana,Toyota,Aqua,2022,13650.00
18831,2026-12-26,Mere,Mitsubishi,Triton,2024,38850.00
18832,2026-12-26,Chloe,Mazda,BT-50,2013,29150.00
18833,2026-12-26,Olivia,Holden,Commodore,2012,16850.00
18834,2026-12-26,Mere,Toyota,Yaris,2018,11950.00
18835,2026-12-26,Kiri,Mazda,CX-5,2021,36250.00
18836,2026-12-26,Liam,Toyota,Yaris,2018,14850.00
18837,2026-12-26,Dan,Toyota,Yaris,2025,20900.00
18838,2026-12-26,Olivia,Toyota,Aqua,2013,9550.00
18839,2026-12-26,Dan,Suzuki,Swift,2021,13100.00
18840,2026-12-26,Mere,Toyota,Corolla,2025,22600.00
18841,2026-12-26,Aroha,Mazda,CX-5,2013,23800.00
18842,2026-12-26,Jess,Toyota,Yaris,2022,16150.00
18843,2026-12-26,Olivia,Ford,Focus,2020,14200.00
18844,2026-12-26,Liam,Toyota,Yaris,2022,18650.00
18845,2026-12-26,Olivia,Subaru,Outback,2019,34750.00
18846,2026-12-26,Ioane,Hyundai,Tucson,2012,18650.00
18847,2026-12-26,Jess,Toyota,Aqua,2012,8100.00
18848,2026-12-26,Nikau,Honda,CR-V,2017,25300.00
18849,2026-12-27,Chloe,Hyundai,Tucson,2012,18750.00
18850,2026-12-27,Dan,Mazda,BT-50,2012,23750.00
18851,2026-12-27,Chloe,Ford,Focus,2014,9050.00
18852,2026-12-27,Olivia,Subaru,Outback,2020,32300.00
18853,2026-12-27,Ioane,Ford,Focus,2013,8600.00
18854,2026-12-27,Dan,Toyota,Aqua,2013,8500.00
18855,2026-12-27,Dan,Mazda,BT-50,2024,44250.00
18856,2026-12-27,Dan,Ford,Ranger,2023,47750.00
18857,2026-12-27,Eve,Toyota,Hilux,2012,24000.00
18858,2026-12-27,Ben,Kia,Sportage,2021,27250.00
18859,2026-12-27,Liam,Honda,Fit,2012,6900.00
18860,2026-12-27,Dan,Tesla,Model 3,2022,62950.00
18861,2026-12-27,Mere,Nissan,Navara,2024,45900.00
18862,2026-12-27,Kiri,Toyota,Yaris,2019,14200.00
18863,2026-12-27,Nikau,Mitsubishi,Outlander,2020,38400.00
18864,2026-12-27,Mere,Volkswagen,Golf,2016,18500.00
18865,2026-12-27,Ioane,Volkswagen,Golf,2018,20000.00
18866,2026-12-27,Kiri,Tesla,Model 3,2012,29000.00
18867,2026-12-27,Mere,Toyota,RAV4,2021,42750.00
18868,2026-12-27,Olivia,Nissan,Navara,2018,37750.00
18869,2026-12-27,Kiri,Mitsubishi,Triton,2015,25750.00
18870,2026-12-27,Kiri,Kia,Sportage,2021,31250.00
18871,2026-12-27,Mere,Subaru,Forester,2014,23600.00
18872,2026-12-27,Mere,Volkswagen,Golf,2022,22600.00
18873,2026-12-27,Hana,Subaru,Outback,2016,29250.00
18874,2026-12-27,Liam,Kia,Sportage,2024,39750.00
18875,2026-12-27,Chloe,Mazda,Axela,2023,18100.00
18876,2026-12-27,Dan,Suzuki,Swift,2012,8050.00
18877,2026-12-27,Ben,Mitsubishi,Outlander,2019,37000.00
18878,2026-12-28,Aroha,Mitsubishi,Triton,2024,45600.00
18879,2026-12-28,Mere,Nissan,Tiida,2012,5450.00
18880,2026-12-28,Olivia,Tesla,Model 3,2024,66950.00
18881,2026-12-28,Finn,Ford,Focus,2018,13000.00
18882,2026-12-28,Dan,Toyota,Yaris,2016,12300.00
18883,2026-12-28,Finn,Toyota,Corolla,2019,18600.00
18884,2026-12-28,Kiri,Ford,Ranger,2024,62550.00
18885,2026-12-28,Mere,Mazda,CX-5,2016,29000.00
18886,2026-12-28,Chloe,Holden,Commodore,2022,29200.00
18887,2026-12-28,Eve,Mitsubishi,Triton,2017,28550.00
18888,2026-12-28,Dan,Tesla,Model 3,2021,48100.00
18889,2026-12-28,Kiri,Hyundai,Tucson,2023,31650.00
18890,2026-12-28,Hana,Toyota,Yaris,2013,10950.00
18891,2026-12-28,Hana,Tesla,Model 3,2023,62150.00
18892,2026-12-28,Jess,Honda,Fit,2024,15500.00
18893,2026-12-28,Hana,Honda,CR-V,2013,18900.00
18894,2026-12-28,Ioane,Kia,Sportage,2022,37000.00
18895,2026-12-28,Nikau,Mitsubishi,Triton,2016,25700.00
18896,2026-12-28,Jess,Honda,Civic,2020,17700.00
18897,2026-12-28,Kiri,Mazda,BT-50,2022,41600.00
18898,2026-12-28,Hana,Toyota,RAV4,2021,34250.00
18899,2026-12-28,Hana,Mitsubishi,Triton,2021,37250.00
18900,2026-12-28,Ben,Mitsubishi,Triton,2019,31100.00
18901,2026-12-28,Olivia,Kia,Sportage,2018,28050.00
18902,2026-12-28,Mere,Toyota,Aqua,2025,19350.00
18903,2026-12-28,Ioane,Toyota,Yaris,2024,18550.00
18904,2026-12-28,Aroha,Tesla,Model 3,2017,50800.00
18905,2026-12-28,Finn,Honda,Civic,2025,22700.00
18906,2026-12-28,Ioane,Volkswagen,Golf,2014,16500.00
18907,2026-12-28,Mere,Toyota,Aqua,2022,15500.00
18908,2026-12-29,Kiri,Toyota,Corolla,2024,24750.00
18909,2026-12-29,Eve,Mazda,CX-5,2024,34450.00
18910,2026-12-29,Mere,Honda,CR-V,2014,22100.00
18911,2026-12-29,Finn,Subaru,Outback,2017,34300.00
18912,2026-12-29,Ioane,Honda,CR-V,2018,30450.00
18913,2026-12-29,Olivia,Mitsubishi,Outlander,2016,28950.00
18914,2026-12-29,Aroha,Tesla,Model 3,2025,61450.00
18915,2026-12-29,Mere,Mazda,Demio,2023,11500.00
18916,2026-12-29,Ioane,Toyota,Aqua,2020,15550.00
18917,2026-12-29,Jess,Toyota,Yaris,2019,16600.00
18918,2026-12-29,Aroha,Honda,Fit,2025,15200.00
18919,2026-12-29,Kiri,Mazda,Axela,2015,11200.00
18920,2026-12-29,Ben,Honda,CR-V,2019,31000.00
18921,2026-12-29,Eve,Mazda,CX-5,2018,26000.00
18922,2026-12-29,Dan,Tesla,Model 3,2020,46150.00
18923,2026-12-29,Nikau,Toyota,Aqua,2025,18550.00
18924,2026-12-29,Eve,Mazda,CX-5,2020,34950.00
18925,2026-12-29,Liam,Honda,CR-V,2024,40250.00
18926,2026-12-29,Finn,Tesla,Model 3,2020,55600.00
18927,2026-12-29,Ben,Toyota,Corolla,2012,13000.00
18928,2026-12-29,Nikau,Tesla,Model 3,2024,55450.00
18929,2026-12-29,Chloe,Honda,Civic,2025,25000.00
18930,2026-12-29,Hana,Nissan,Navara,2017,37950.00
18931,2026-12-29,Nikau,Honda,Fit,2012,6300.00
18932,2026-12-29,Eve,Honda,Civic,2016,13600.00
18933,2026-12-29,Kiri,Suzuki,Swift,2014,9350.00
18934,2026-12-29,Liam,Ford,Focus,2018,11600.00
18935,2026-12-29,Nikau,Hyundai,Tucson,2015,25050.00
18936,2026-12-29,Jess,Hyundai,Tucson,2013,22900.00
18937,2026-12-29,Liam,Toyota,Hilux,2014,32300.00
18938,2026-12-29,Olivia,Hyundai,Tucson,2012,19500.00
18939,2026-12-30,Ioane,Honda,Civic,2018,15700.00
18940,2026-12-30,Kiri,Mitsubishi,Triton,2025,42500.00
18941,2026-12-30,Liam,Honda,CR-V,2013,20900.00
18942,2026-12-30,Liam,Ford,Ranger,2014,29650.00
18943,2026-12-30,Chloe,Nissan,Leaf,2023,19350.00
18944,2026-12-30,Hana,Toyota,Yaris,2013,10950.00
18945,2026-12-30,Finn,Honda,Civic,2021,17300.00
18946,2026-12-30,Ioane,Ford,Focus,2021,11650.00
18947,2026-12-30,Finn,Mitsubishi,Triton,2018,29450.00
18948,2026-12-30,Kiri,Toyota,Corolla,2019,18650.00
18949,2026-12-30,Dan,Ford,Ranger,2016,39600.00
18950,2026-12-30,Ioane,Tesla,Model 3,2022,58850.00
18951,2026-12-30,Ioane,Ford,Ranger,2022,53950.00
18952,2026-12-30,Ioane,Mazda,CX-5,2018,27750.00
18953,2026-12-30,Nikau,Suzuki,Swift,2019,15050.00
18954,2026-12-30,Jess,Ford,Ranger,2022,59300.00
18955,2026-12-30,Ioane,Mazda,BT-50,2025,55050.00
18956,2026-12-30,Finn,Honda,Civic,2024,20700.00
18957,2026-12-30,Olivia,Hyundai,Tucson,2020,33700.00
18958,2026-12-30,Nikau,Toyota,RAV4,2013,25250.00
18959,2026-12-30,Ben,Toyota,RAV4,2021,34550.00
18960,2026-12-30,Finn,Toyota,Yaris,2013,8750.00
18961,2026-12-30,Dan,Kia,Sportage,2014,18300.00
18962,2026-12-30,Hana,Mitsubishi,Triton,2016,32950.00
18963,2026-12-30,Jess,Mitsubishi,Triton,2022,46350.00
18964,2026-12-30,Aroha,Toyota,Yaris,2016,11100.00
18965,2026-12-30,Eve,Mazda,CX-5,2020,34050.00
18966,2026-12-30,Mere,Honda,CR-V,2012,19550.00
18967,2026-12-30,Nikau,Mitsubishi,Triton,2020,33450.00
18968,2026-12-31,Ioane,Volkswagen,Golf,2017,18350.00
18969,2026-12-31,Kiri,Mazda,CX-5,2023,38600.00
18970,2026-12-31,Kiri,Toyota,Yaris,2014,10100.00
18971,2026-12-31,Dan,Mazda,BT-50,2017,32800.00
18972,2026-12-31,Chloe,Tesla,Model 3,2018,42900.00
18973,2026-12-31,Ben,Holden,Commodore,2020,26150.00
18974,2026-12-31,Mere,Honda,Fit,2013,7400.00
18975,2026-12-31,Olivia,Honda,Civic,2019,20400.00
18976,2026-12-31,Olivia,Mazda,Demio,2024,12800.00
18977,2026-12-31,Chloe,Mazda,CX-5,2016,22700.00
18978,2026-12-31,Ioane,Tesla,Model 3,2018,44800.00
18979,2026-12-31,Ioane,Honda,CR-V,2021,30200.00
18980,2026-12-31,Mere,Kia,Sportage,2022,31400.00
18981,2026-12-31,Hana,Mazda,CX-5,2025,35800.00
18982,2026-12-31,Liam,Kia,Sportage,2022,31200.00
18983,2026-12-31,Chloe,Nissan,Navara,2024,53350.00
18984,2026-12-31,Mere,Nissan,Leaf,2023,22400.00
18985,2026-12-31,Ioane,Mitsubishi,Triton,2018,36800.00
18986,2026-12-31,Jess,Toyota,Aqua,2018,13400.00
18987,2026-12-31,Dan,Mazda,Demio,2013,6300.00
18988,2026-12-31,Hana,Mazda,Demio,2013,6150.00
18989,2026-12-31,Eve,Hyundai,Tucson,2018,26950.00
18990,2026-12-31,Mere,Mazda,BT-50,2024,46900.00
,,,,,,
18991,2026-12-31,Ioane,Mitsubishi,Triton,2023,44750.00
18992,2026-12-31,Ben,Toyota,RAV4,2019,32500.00
18993,2026-12-31,Ben,Mazda,CX-5,2016,23350.00
18994,2026-12-31,Hana,Subaru,Outback,2023,41750.00
18995,2026-12-31,Finn,Honda,Civic,2012,12100.00
18996,2026-12-31,Mere,Nissan,Tiida,2025,10150.00
18997,2026-12-31,Mere,Honda,Fit,2013,7300.00
18998,2026-12-31,Mere,Ford,Focus,2013,8150.00
18999,2026-12-31,Liam,Honda,CR-V,2012,21250.00
19000,2026-12-31,Olivia,Tesla,Model 3,2016,41800.00
19001,2026-12-31,Ben,Tesla,Model 3,2024,57900.00
